"E:/Unreal_Project/BlueArchive/BlueArchive.uproject" 1
"../../../../Unreal_Project/BlueArchive/Binaries/Win64/UnrealEditor.modules" 2
"../../../Engine/Plugins/AudioGameplay/AudioGameplay.uplugin" 3
"../../../Engine/Plugins/AudioInsights/AudioInsights.uplugin" 4
"../../../Engine/Plugins/BaseMaterial/BaseMaterial.uplugin" 5
"../../../Engine/Plugins/AudioGameplayVolume/AudioGameplayVolume.uplugin" 6
"../../../Engine/Plugins/BlueprintFileUtils/BlueprintFileUtils.uplugin" 7
"../../../Engine/Plugins/ChaosCloth/ChaosCloth.uplugin" 8
"../../../Engine/Plugins/ChaosClothAssetEditor/ChaosClothAssetEditor.uplugin" 9
"../../../Engine/Plugins/ChaosClothAsset/ChaosClothAsset.uplugin" 10
"../../../Engine/Plugins/ChaosInsights/ChaosInsights.uplugin" 11
"../../../Engine/Plugins/ChaosVD/ChaosVD.uplugin" 12
"../../../Engine/Plugins/Bridge/Bridge.uplugin" 13
"../../../Engine/Plugins/Chooser/Chooser.uplugin" 14
"../../../Engine/Plugins/CmdLinkServer/CmdLinkServer.uplugin" 15
"../../../Engine/Plugins/DiscoveryBeaconReceiver/DiscoveryBeaconReceiver.uplugin" 16
"../../../Engine/Plugins/Fab/Fab.uplugin" 17
"../../../Engine/Plugins/MeshPainting/MeshPainting.uplugin" 18
"../../../Engine/Plugins/EnhancedInput/EnhancedInput.uplugin" 19
"../../../Engine/Plugins/LightWeightInstancesEditor/LightWeightInstancesEditor.uplugin" 20
"../../../Engine/Plugins/MassInsights/MassInsights.uplugin" 21
"../../../Engine/Plugins/PCG/PCG.uplugin" 22
"../../../Engine/Plugins/TraceUtilities/TraceUtilities.uplugin" 23
"../../../Engine/Plugins/MemoryUsageQueries/MemoryUsageQueries.uplugin" 24
"../../../Engine/Plugins/ScriptPlugin/ScriptPlugin.uplugin" 25
"../../../Engine/Plugins/IoStoreInsights/IoStoreInsights.uplugin" 26
"../../../Engine/Plugins/Animation/AnimationData/AnimationData.uplugin" 27
"../../../Engine/Plugins/VisualStudioTools/VisualStudioTools.uplugin" 28
"../../../Engine/Plugins/UbaController/UbaController.uplugin" 29
"../../../Engine/Plugins/WorldMetrics/WorldMetrics.uplugin" 30
"../../../Engine/Plugins/RenderGraphInsights/RenderGraphInsights.uplugin" 31
"../../../Engine/Plugins/Animation/AnimationLocomotionLibrary/AnimationLocomotionLibrary.uplugin" 32
"../../../Engine/Plugins/Animation/AnimationModifierLibrary/AnimationModifierLibrary.uplugin" 33
"../../../Engine/Plugins/FastBuildController/FastBuildController.uplugin" 34
"../../../Engine/Plugins/Animation/AnimatorKit/AnimatorKit.uplugin" 35
"../../../Engine/Plugins/Animation/ControlRig/ControlRig.uplugin" 36
"../../../Engine/Plugins/Animation/ACLPlugin/ACLPlugin.uplugin" 37
"../../../Engine/Plugins/Animation/BlendSpaceMotionAnalysis/BlendSpaceMotionAnalysis.uplugin" 38
"../../../Engine/Plugins/TextureGraph/TextureGraph.uplugin" 39
"../../../Engine/Plugins/Animation/ControlRigSpline/ControlRigSpline.uplugin" 40
"../../../Engine/Plugins/Animation/GameplayInsights/GameplayInsights.uplugin" 41
"../../../Engine/Plugins/Animation/BlendStack/BlendStack.uplugin" 42
"../../../Engine/Plugins/Animation/AnimationWarping/AnimationWarping.uplugin" 43
"../../../Engine/Plugins/JsonBlueprintUtilities/JsonBlueprintUtilities.uplugin" 44
"../../../Engine/Plugins/Animation/LiveLinkCurveDebugUI/LiveLinkCurveDebugUI.uplugin" 45
"../../../Engine/Plugins/Animation/GeneSplicer/GeneSplicer.uplugin" 46
"../../../Engine/Plugins/XGEController/XGEController.uplugin" 47
"../../../Engine/Plugins/Animation/LiveLink/LiveLink.uplugin" 48
"../../../Engine/Plugins/Animation/EaseCurveTool/EaseCurveTool.uplugin" 49
"../../../Engine/Plugins/Animation/LiveLinkExampleDevice/LiveLinkExampleDevice.uplugin" 50
"../../../Engine/Plugins/Animation/LiveLinkDevice/LiveLinkDevice.uplugin" 51
"../../../Engine/Plugins/Animation/LiveLinkHub/LiveLinkHub.uplugin" 52
"../../../Engine/Plugins/Animation/IKRig/IKRig.uplugin" 53
"../../../Engine/Plugins/Animation/DeformerGraph/DeformerGraph.uplugin" 54
"../../../Engine/Plugins/Animation/DNACalib/DNACalib.uplugin" 55
"../../../Engine/Plugins/Animation/ControlRigModules/ControlRigModules.uplugin" 56
"../../../Engine/Plugins/Animation/MotionWarping/MotionWarping.uplugin" 57
"../../../Engine/Plugins/Animation/PerformanceCaptureCore/PerformanceCaptureCore.uplugin" 58
"../../../Engine/Plugins/Animation/PoseSearch/PoseSearch.uplugin" 59
"../../../Engine/Plugins/Animation/LiveLinkUnrealDevice/LiveLinkUnrealDevice.uplugin" 60
"../../../Engine/Plugins/Animation/TweeningUtils/TweeningUtils.uplugin" 61
"../../../Engine/Plugins/Mutable/Mutable.uplugin" 62
"../../../Engine/Plugins/Cameras/CameraShakePreviewer/CameraShakePreviewer.uplugin" 63
"../../../Engine/Plugins/Cameras/EngineCameras/EngineCameras.uplugin" 64
"../../../Engine/Plugins/Cameras/GameplayCameras/GameplayCameras.uplugin" 65
"../../../Engine/Plugins/Animation/RigLogic/RigLogic.uplugin" 66
"../../../Engine/Plugins/Compositing/LensDistortion/LensDistortion.uplugin" 67
"../../../Engine/Plugins/Compositing/CompositeCore/CompositeCore.uplugin" 68
"../../../Engine/Plugins/Compositing/Composite/Composite.uplugin" 69
"../../../Engine/Plugins/Compositing/OpenColorIO/OpenColorIO.uplugin" 70
"../../../Engine/Plugins/Compositing/HoldoutComposite/HoldoutComposite.uplugin" 71
"../../../Engine/Plugins/Compositing/OpenCVLensDistortion/OpenCVLensDistortion.uplugin" 72
"../../../Engine/Plugins/Enterprise/DatasmithC4DImporter/DatasmithC4DImporter.uplugin" 73
"../../../Engine/Plugins/Enterprise/DatasmithCADImporter/DatasmithCADImporter.uplugin" 74
"../../../Engine/Plugins/Enterprise/DataprepEditor/DataprepEditor.uplugin" 75
"../../../Engine/Plugins/Enterprise/DatasmithFBXImporter/DatasmithFBXImporter.uplugin" 76
"../../../Engine/Plugins/Enterprise/DatasmithImporter/DatasmithImporter.uplugin" 77
"../../../Engine/Plugins/Compositing/Composure/Composure.uplugin" 78
"../../../Engine/Plugins/Online/OnlineBase/OnlineBase.uplugin" 79
"../../../Engine/Plugins/Enterprise/DatasmithContent/DatasmithContent.uplugin" 80
"../../../Engine/Plugins/Enterprise/GLTFExporter/GLTFExporter.uplugin" 81
"../../../Engine/Plugins/Online/OnlineFrameworkCommon/OnlineFrameworkCommon.uplugin" 82
"../../../Engine/Plugins/Online/OnlineServices/OnlineServices.uplugin" 83
"../../../Engine/Plugins/Enterprise/VariantManagerContent/VariantManagerContent.uplugin" 84
"../../../Engine/Plugins/Online/OnlineServicesNull/OnlineServicesNull.uplugin" 85
"../../../Engine/Plugins/Online/OnlineFramework/OnlineFramework.uplugin" 86
"../../../Engine/Plugins/Enterprise/LidarPointCloud/LidarPointCloud.uplugin" 87
"../../../Engine/Plugins/Online/OnlineServicesEOS/OnlineServicesEOS.uplugin" 88
"../../../Engine/Plugins/Animation/SkeletalMeshModelingTools/SkeletalMeshModelingTools.uplugin" 89
"../../../Engine/Plugins/Enterprise/AxFImporter/AxFImporter.uplugin" 90
"../../../Engine/Plugins/Online/OnlineServicesOSSAdapter/OnlineServicesOSSAdapter.uplugin" 91
"../../../Engine/Plugins/Online/OnlineSubsystemAmazon/OnlineSubsystemAmazon.uplugin" 92
"../../../Engine/Plugins/Enterprise/MDLImporter/MDLImporter.uplugin" 93
"../../../Engine/Plugins/Online/OnlineSubsystemEOS/OnlineSubsystemEOS.uplugin" 94
"../../../Engine/Plugins/Online/OnlineServicesEpicCommon/OnlineServicesEpicCommon.uplugin" 95
"../../../Engine/Plugins/Online/OnlineSubsystemNull/OnlineSubsystemNull.uplugin" 96
"../../../Engine/Plugins/Enterprise/VariantManager/VariantManager.uplugin" 97
"../../../Engine/Plugins/Online/EOSShared/EOSShared.uplugin" 98
"../../../Engine/Plugins/Online/OnlineSubsystem/OnlineSubsystem.uplugin" 99
"../../../Engine/Plugins/Online/OnlineSubsystemFacebook/OnlineSubsystemFacebook.uplugin" 100
"../../../Engine/Plugins/Online/EOSOverlayInputProvider/EOSOverlayInputProvider.uplugin" 101
"../../../Engine/Plugins/Online/SocketSubsystemEOS/SocketSubsystemEOS.uplugin" 102
"../../../Engine/Plugins/Online/SocketSubsystemSteamIP/SocketSubsystemSteamIP.uplugin" 103
"../../../Engine/Plugins/MovieScene/ActorSequence/ActorSequence.uplugin" 104
"../../../Engine/Plugins/MovieScene/MovieSceneTextTrack/MovieSceneTextTrack.uplugin" 105
"../../../Engine/Plugins/Online/OnlineSubsystemUtils/OnlineSubsystemUtils.uplugin" 106
"../../../Engine/Plugins/Online/OnlineSubsystemTencent/OnlineSubsystemTencent.uplugin" 107
"../../../Engine/Plugins/MovieScene/LevelSequenceEditor/LevelSequenceEditor.uplugin" 108
"../../../Engine/Plugins/MovieScene/TemplateSequence/TemplateSequence.uplugin" 109
"../../../Engine/Plugins/Online/OnlineSubsystemApple/OnlineSubsystemApple.uplugin" 110
"../../../Engine/Plugins/MovieScene/MovieRenderPipeline/MovieRenderPipeline.uplugin" 111
"../../../Engine/Plugins/Interchange/Assets/InterchangeAssets.uplugin" 112
"../../../Engine/Plugins/Online/OnlineSubsystemGoogle/OnlineSubsystemGoogle.uplugin" 113
"../../../Engine/Plugins/MovieScene/ReplayTracks/ReplayTracks.uplugin" 114
"../../../Engine/Plugins/PCGInterops/PCGPythonInterop/PCGPythonInterop.uplugin" 115
"../../../Engine/Plugins/MovieScene/CustomizableSequencerTracks/CustomizableSequencerTracks.uplugin" 116
"../../../Engine/Plugins/Compression/OodleNetwork/OodleNetwork.uplugin" 117
"../../../Engine/Plugins/Online/WebAuth/WebAuth.uplugin" 118
"../../../Engine/Plugins/Tests/CQTest/CQTest.uplugin" 119
"../../../Engine/Plugins/Tests/AutomationDriverTests/AutomationDriverTests.uplugin" 120
"../../../Engine/Plugins/MovieScene/SequenceValidator/SequenceValidator.uplugin" 121
"../../../Engine/Plugins/Tests/AudioCQTests/AudioCQTests.uplugin" 122
"../../../Engine/Plugins/Tests/FunctionalTestingEditor/FunctionalTestingEditor.uplugin" 123
"../../../Engine/Plugins/PCGInterops/PCGExternalDataInterop/PCGExternalDataInterop.uplugin" 124
"../../../Engine/Plugins/Tests/CQTestEnhancedInput/CQTestEnhancedInput.uplugin" 125
"../../../Engine/Plugins/Tests/FbxAutomationTestBuilder/FbxAutomationTestBuilder.uplugin" 126
"../../../Engine/Plugins/Tests/InterchangeTests/InterchangeTests.uplugin" 127
"../../../Engine/Plugins/PCGInterops/PCGGeometryScriptInterop/PCGGeometryScriptInterop.uplugin" 128
"../../../Engine/Plugins/Tests/EditorTests/EditorTests.uplugin" 129
"../../../Engine/Plugins/Online/OnlineSubsystemSteam/OnlineSubsystemSteam.uplugin" 130
"../../../Engine/Plugins/Tests/RHITests/RHITests.uplugin" 131
"../../../Engine/Plugins/Tests/CQTestExperimental/CQTestExperimental.uplugin" 132
"../../../Engine/Plugins/Tests/TestSamples/TestSamples.uplugin" 133
"../../../Engine/Plugins/MovieScene/SequencerScripting/SequencerScripting.uplugin" 134
"../../../Engine/Plugins/Importers/AlembicHairImporter/AlembicHairImporter.uplugin" 135
"../../../Engine/Plugins/Interchange/Editor/InterchangeEditor.uplugin" 136
"../../../Engine/Plugins/Importers/USDMultiUser/USDMultiUser.uplugin" 137
"../../../Engine/Plugins/Media/AjaMedia/AjaMedia.uplugin" 138
"../../../Engine/Plugins/Media/AndroidMedia/AndroidMedia.uplugin" 139
"../../../Engine/Plugins/Tests/RuntimeTests/RuntimeTests.uplugin" 140
"../../../Engine/Plugins/Media/AndroidCamera/AndroidCamera.uplugin" 141
"../../../Engine/Plugins/Tests/WidgetAutomationTests/WidgetAutomationTests.uplugin" 142
"../../../Engine/Plugins/Interchange/Runtime/Interchange.uplugin" 143
"../../../Engine/Plugins/Media/AvidDNxMedia/AvidDNxMedia.uplugin" 144
"../../../Engine/Plugins/Media/BinkMedia/BinkMedia.uplugin" 145
"../../../Engine/Plugins/MovieScene/MoviePipelineMaskRenderPass/MoviePipelineMaskRenderPass.uplugin" 146
"../../../Engine/Plugins/Importers/USDImporter/USDImporter.uplugin" 147
"../../../Engine/Plugins/Media/AppleProResDecoderElectra/AppleProResDecoderElectra.uplugin" 148
"../../../Engine/Plugins/Tests/TestFramework/TestFramework.uplugin" 149
"../../../Engine/Plugins/Importers/USDImporterMDL/USDImporterMDL.uplugin" 150
"../../../Engine/Plugins/Media/AvidDNxHDDecoderElectra/AvidDNxHDDecoderElectra.uplugin" 151
"../../../Engine/Plugins/Importers/AlembicImporter/AlembicImporter.uplugin" 152
"../../../Engine/Plugins/Media/ElectraCDM/ElectraCDM.uplugin" 153
"../../../Engine/Plugins/Tests/PythonAutomationTest/PythonAutomationTest.uplugin" 154
"../../../Engine/Plugins/Media/FlacDecoderElectra/FlacDecoderElectra.uplugin" 155
"../../../Engine/Plugins/Media/AudioCaptureTimecodeProvider/AudioCaptureTimecodeProvider.uplugin" 156
"../../../Engine/Plugins/Media/AvfMedia/AvfMedia.uplugin" 157
"../../../Engine/Plugins/Media/AppleProResMedia/AppleProResMedia.uplugin" 158
"../../../Engine/Plugins/Media/ElectraPlayer/ElectraPlayer.uplugin" 159
"../../../Engine/Plugins/Media/D3D12VideoDecodersElectra/D3D12VideoDecodersElectra.uplugin" 160
"../../../Engine/Plugins/Online/OnlineServicesEOSGS/OnlineServicesEOSGS.uplugin" 161
"../../../Engine/Plugins/Media/HAPMedia/HAPMedia.uplugin" 162
"../../../Engine/Plugins/Media/MediaCompositing/MediaCompositing.uplugin" 163
"../../../Engine/Plugins/Media/LinearTimecode/LinearTimecode.uplugin" 164
"../../../Engine/Plugins/Media/ElectraSubtitles/ElectraSubtitles.uplugin" 165
"../../../Engine/Plugins/Media/HAPDecoderElectra/HAPDecoderElectra.uplugin" 166
"../../../Engine/Plugins/Media/HardwareEncoders/HardwareEncoders.uplugin" 167
"../../../Engine/Plugins/Media/MediaPlayerEditor/MediaPlayerEditor.uplugin" 168
"../../../Engine/Plugins/Media/ImgMedia/ImgMedia.uplugin" 169
"../../../Engine/Plugins/Media/MediaIOFramework/MediaIOFramework.uplugin" 170
"../../../Engine/Plugins/Media/ElectraUtil/ElectraUtil.uplugin" 171
"../../../Engine/Plugins/Media/MediaFrameworkUtilities/MediaFrameworkUtilities.uplugin" 172
"../../../Engine/Plugins/Media/MediaPlate/MediaPlate.uplugin" 173
"../../../Engine/Plugins/Media/BlackmagicMedia/BlackmagicMedia.uplugin" 174
"../../../Engine/Plugins/Media/MediaMovieStreamer/MediaMovieStreamer.uplugin" 175
"../../../Engine/Plugins/Media/MediaViewer/MediaViewer.uplugin" 176
"../../../Engine/Plugins/Media/ElectraCodecs/ElectraCodecs.uplugin" 177
"../../../Engine/Plugins/Media/PixelStreaming2/PixelStreaming2.uplugin" 178
"../../../Engine/Plugins/Media/PixelStreaming/PixelStreaming.uplugin" 179
"../../../Engine/Plugins/Media/TimecodeSynchronizer/TimecodeSynchronizer.uplugin" 180
"../../../Engine/Plugins/Media/PixelCapture/PixelCapture.uplugin" 181
"../../../Engine/Plugins/Portal/LauncherChunkInstaller/LauncherChunkInstaller.uplugin" 182
"../../../Engine/Plugins/Developer/CLionSourceCodeAccess/CLionSourceCodeAccess.uplugin" 183
"../../../Engine/Plugins/Media/NDIMedia/NDIMedia.uplugin" 184
"../../../Engine/Plugins/NetcodeUnitTest/NUTUnrealEngine/NUTUnrealEngine.uplugin" 185
"../../../Engine/Plugins/Developer/DirectoryPlaceholder/DirectoryPlaceholder.uplugin" 186
"../../../Engine/Plugins/Developer/DumpGPUServices/DumpGPUServices.uplugin" 187
"../../../Engine/Plugins/Media/WmfMedia/WmfMedia.uplugin" 188
"../../../Engine/Plugins/Developer/GPUReshape/GPUReshape.uplugin" 189
"../../../Engine/Plugins/Media/VPxDecoderElectra/VPxDecoderElectra.uplugin" 190
"../../../Engine/Plugins/Media/MfMedia/MfMedia.uplugin" 191
"../../../Engine/Plugins/NetcodeUnitTest/NetcodeUnitTest/NetcodeUnitTest.uplugin" 192
"../../../Engine/Plugins/Developer/NamingTokens/NamingTokens.uplugin" 193
"../../../Engine/Plugins/Media/MJPEGDecoderElectra/MJPEGDecoderElectra.uplugin" 194
"../../../Engine/Plugins/Developer/AnimationSharing/AnimationSharing.uplugin" 195
"../../../Engine/Plugins/Developer/CodeLiteSourceCodeAccess/CodeLiteSourceCodeAccess.uplugin" 196
"../../../Engine/Plugins/Developer/OneSkyLocalizationService/OneSkyLocalizationService.uplugin" 197
"../../../Engine/Plugins/Media/OpusDecoderElectra/OpusDecoderElectra.uplugin" 198
"../../../Engine/Plugins/Developer/FieldNotificationTrace/FieldNotificationTrace.uplugin" 199
"../../../Engine/Plugins/Developer/GitSourceControl/GitSourceControl.uplugin" 200
"../../../Engine/Plugins/Developer/PlasticSourceControl/PlasticSourceControl.uplugin" 201
"../../../Engine/Plugins/Developer/PixWinPlugin/PixWinPlugin.uplugin" 202
"../../../Engine/Plugins/Developer/N10XSourceCodeAccess/N10XSourceCodeAccess.uplugin" 203
"../../../Engine/Plugins/Developer/NullSourceCodeAccess/NullSourceCodeAccess.uplugin" 204
"../../../Engine/Plugins/Developer/TraceSourceFiltering/TraceSourceFilters.uplugin" 205
"../../../Engine/Plugins/Developer/SubversionSourceControl/SubversionSourceControl.uplugin" 206
"../../../Engine/Plugins/Developer/KDevelopSourceCodeAccess/KDevelopSourceCodeAccess.uplugin" 207
"../../../Engine/Plugins/Developer/VisualStudioCodeSourceCodeAccess/VisualStudioCodeSourceCodeAccess.uplugin" 208
"../../../Engine/Plugins/Developer/BlankPlugin/BlankPlugin.uplugin" 209
"../../../Engine/Plugins/Developer/PluginUtils/PluginUtils.uplugin" 210
"../../../Engine/Plugins/Developer/XCodeSourceCodeAccess/XCodeSourceCodeAccess.uplugin" 211
"../../../Engine/Plugins/Developer/RenderDocPlugin/RenderDocPlugin.uplugin" 212
"../../../Engine/Plugins/Developer/RiderSourceCodeAccess/RiderSourceCodeAccess.uplugin" 213
"../../../Engine/Plugins/Experimental/AIAssistant/AIAssistant.uplugin" 214
"../../../Engine/Plugins/Experimental/AnimToTexture/AnimToTexture.uplugin" 215
"../../../Engine/Plugins/Experimental/AvalancheDisplayCluster/AvalancheDisplayCluster.uplugin" 216
"../../../Engine/Plugins/Developer/TextureFormatOodle/TextureFormatOodle.uplugin" 217
"../../../Engine/Plugins/Developer/UObjectPlugin/UObjectPlugin.uplugin" 218
"../../../Engine/Plugins/Developer/ProjectLauncher/ProjectLauncher.uplugin" 219
"../../../Engine/Plugins/Experimental/AsyncMessageSystemTests/AsyncMessageSystemTests.uplugin" 220
"../../../Engine/Plugins/Developer/XcodeGPUDebuggerPlugin/XcodeGPUDebuggerPlugin.uplugin" 221
"../../../Engine/Plugins/Experimental/BackChannel/BackChannel.uplugin" 222
"../../../Engine/Plugins/Experimental/ChaosCaching/ChaosCaching.uplugin" 223
"../../../Engine/Plugins/Experimental/AbilitySystemGameFeatureActions/AbilitySystemGameFeatureActions.uplugin" 224
"../../../Engine/Plugins/Experimental/ActorPalette/ActorPalette.uplugin" 225
"../../../Engine/Plugins/Experimental/AdvancedRenamer/AdvancedRenamer.uplugin" 226
"../../../Engine/Plugins/Media/WebMMedia/WebMMedia.uplugin" 227
"../../../Engine/Plugins/Experimental/BlueprintSnapNodes/BlueprintSnapNodes.uplugin" 228
"../../../Engine/Plugins/Experimental/Buoyancy/Buoyancy.uplugin" 229
"../../../Engine/Plugins/Developer/VisualStudioSourceCodeAccess/VisualStudioSourceCodeAccess.uplugin" 230
"../../../Engine/Plugins/Experimental/AvalancheSequenceNavigator/AvalancheSequenceNavigator.uplugin" 231
"../../../Engine/Plugins/Experimental/AsyncMessageSystem/AsyncMessageSystem.uplugin" 232
"../../../Engine/Plugins/Experimental/BlueprintStats/BlueprintStats.uplugin" 233
"../../../Engine/Plugins/Experimental/ChaosFlesh/ChaosFlesh.uplugin" 234
"../../../Engine/Plugins/Experimental/CelestialVault/CelestialVault.uplugin" 235
"../../../Engine/Plugins/Developer/PerforceSourceControl/PerforceSourceControl.uplugin" 236
"../../../Engine/Plugins/Experimental/ChaosRigidAsset/ChaosRigidAsset.uplugin" 237
"../../../Engine/Plugins/Experimental/AutomationUtils/AutomationUtils.uplugin" 238
"../../../Engine/Plugins/Experimental/ChaosCachingUSD/ChaosCachingUSD.uplugin" 239
"../../../Engine/Plugins/Experimental/ChaosClothEditor/ChaosClothEditor.uplugin" 240
"../../../Engine/Plugins/Experimental/ChaosModularVehicle/ChaosModularVehicle.uplugin" 241
"../../../Engine/Plugins/Experimental/ChaosEditor/ChaosEditor.uplugin" 242
"../../../Engine/Plugins/Experimental/ChaosMover/ChaosMover.uplugin" 243
"../../../Engine/Plugins/Experimental/ControlRigPhysics/ControlRigPhysics.uplugin" 244
"../../../Engine/Plugins/Experimental/CinematicPrestreaming/CinematicPrestreaming.uplugin" 245
"../../../Engine/Plugins/Experimental/ChaosNiagara/ChaosNiagara.uplugin" 246
"../../../Engine/Plugins/Experimental/ControlFlows/ControlFlows.uplugin" 247
"../../../Engine/Plugins/Experimental/ColorCorrectRegions/ColorCorrectRegions.uplugin" 248
"../../../Engine/Plugins/Experimental/ChaosUserDataPT/ChaosUserDataPT.uplugin" 249
"../../../Engine/Plugins/Experimental/DaySequence/DaySequence.uplugin" 250
"../../../Engine/Plugins/Experimental/ChaosSolverPlugin/ChaosSolverPlugin.uplugin" 251
"../../../Engine/Plugins/Experimental/CineCameraSceneCapture/CineCameraSceneCapture.uplugin" 252
"../../../Engine/Plugins/Experimental/CodeEditor/CodeEditor.uplugin" 253
"../../../Engine/Plugins/Experimental/EditorDataStorage/EditorDataStorage.uplugin" 254
"../../../Engine/Plugins/Experimental/CodeView/CodeView.uplugin" 255
"../../../Engine/Plugins/Experimental/ChaosModularVehicleExamples/ChaosModularVehicleExamples.uplugin" 256
"../../../Engine/Plugins/Experimental/DynamicMaterialMediaStreamBridge/DynamicMaterialMediaStreamBridge.uplugin" 257
"../../../Engine/Plugins/Experimental/EditorTelemetry/EditorTelemetry.uplugin" 258
"../../../Engine/Plugins/Experimental/ChaosVehiclesPlugin/ChaosVehiclesPlugin.uplugin" 259
"../../../Engine/Plugins/Experimental/DrawDebugLibrary/DrawDebugLibrary.uplugin" 260
"../../../Engine/Plugins/Experimental/Dataflow/Dataflow.uplugin" 261
"../../../Engine/Plugins/Experimental/EditorDataStorageFeatures/EditorDataStorageFeatures.uplugin" 262
"../../../Engine/Plugins/Experimental/CommonConversation/CommonConversation.uplugin" 263
"../../../Engine/Plugins/Experimental/FastGeoStreaming/FastGeoStreaming.uplugin" 264
"../../../Engine/Plugins/Experimental/FloatingProperties/FloatingProperties.uplugin" 265
"../../../Engine/Plugins/Experimental/CinematicSequenceNavigator/CinematicSequenceNavigator.uplugin" 266
"../../../Engine/Plugins/Experimental/Fracture/Fracture.uplugin" 267
"../../../Engine/Plugins/Experimental/DefaultInstallBundleManager/DefaultInstallBundleManager.uplugin" 268
"../../../Engine/Plugins/Experimental/ChaosOutfitAsset/ChaosOutfitAsset.uplugin" 269
"../../../Engine/Plugins/Experimental/FieldSystemPlugin/FieldSystemPlugin.uplugin" 270
"../../../Engine/Plugins/Developer/PropertyAccessNode/PropertyAccessNode.uplugin" 271
"../../../Engine/Plugins/Experimental/GameplayGraph/GameplayGraph.uplugin" 272
"../../../Engine/Plugins/Experimental/EvaluationNotifies/EvaluationNotifies.uplugin" 273
"../../../Engine/Plugins/Experimental/Gauntlet/Gauntlet.uplugin" 274
"../../../Engine/Plugins/Experimental/GeometryDataflow/GeometryDataflow.uplugin" 275
"../../../Engine/Plugins/Experimental/CharacterAI/CharacterAI.uplugin" 276
"../../../Engine/Plugins/Experimental/GameplayBehaviors/GameplayBehaviors.uplugin" 277
"../../../Engine/Plugins/Experimental/DynamicWind/DynamicWind.uplugin" 278
"../../../Engine/Plugins/Experimental/GizmoEdMode/GizmoEdMode.uplugin" 279
"../../../Engine/Plugins/Experimental/EditorPerformance/EditorPerformance.uplugin" 280
"../../../Engine/Plugins/Experimental/GeometryFlow/GeometryFlow.uplugin" 281
"../../../Engine/Plugins/Experimental/FullBodyIK/FullBodyIK.uplugin" 282
"../../../Engine/Plugins/Experimental/HairCardGenerator/HairCardGenerator.uplugin" 283
"../../../Engine/Plugins/Experimental/GeometryCacheAbcFile/GeometryCacheAbcFile.uplugin" 284
"../../../Engine/Plugins/Experimental/GPULightmass/GPULightmass.uplugin" 285
"../../../Engine/Plugins/Experimental/CineCameraRigs/CineCameraRigs.uplugin" 286
"../../../Engine/Plugins/Experimental/GameplayTargetingSystem/TargetingSystem.uplugin" 287
"../../../Engine/Plugins/Experimental/GameInputWindows/GameInputWindows.uplugin" 288
"../../../Engine/Plugins/Experimental/GizmoFramework/GizmoFramework.uplugin" 289
"../../../Engine/Plugins/Experimental/GeometryCacheLevelSequenceBaker/GeometryCacheLevelSequenceBaker.uplugin" 290
"../../../Engine/Plugins/Experimental/HairStrandsMutable/HairStrandsMutable.uplugin" 291
"../../../Engine/Plugins/Experimental/GlobalConfigurationData/GlobalConfigurationData.uplugin" 292
"../../../Engine/Plugins/Experimental/GeometryCollectionPlugin/GeometryCollectionPlugin.uplugin" 293
"../../../Engine/Plugins/Experimental/ImagePlate/ImagePlate.uplugin" 294
"../../../Engine/Plugins/Experimental/ImageWidgets/ImageWidgets.uplugin" 295
"../../../Engine/Plugins/Experimental/HairModelingToolset/HairModelingToolset.uplugin" 296
"../../../Engine/Plugins/Experimental/InlineMaterialInstance/InlineMaterialInstance.uplugin" 297
"../../../Engine/Plugins/Experimental/InstanceDataObjectFixupTool/InstanceDataObjectFixupTool.uplugin" 298
"../../../Engine/Plugins/Experimental/ImpostorBaker/ImpostorBaker.uplugin" 299
"../../../Engine/Plugins/Experimental/InEditorDocumentation/InEditorDocumentation.uplugin" 300
"../../../Engine/Plugins/Experimental/InteractionInterface/InteractionInterface.uplugin" 301
"../../../Engine/Plugins/Experimental/Landmass/Landmass.uplugin" 302
"../../../Engine/Plugins/Experimental/Iris/Iris.uplugin" 303
"../../../Engine/Plugins/Experimental/LiveLinkOpenVR/LiveLinkOpenVR.uplugin" 304
"../../../Engine/Plugins/Experimental/LevelSequenceNavigatorBridge/LevelSequenceNavigatorBridge.uplugin" 305
"../../../Engine/Plugins/Experimental/LocalizableMessage/LocalizableMessage.uplugin" 306
"../../../Engine/Plugins/Experimental/MeshModelingToolsetExp/MeshModelingToolsetExp.uplugin" 307
"../../../Engine/Plugins/Experimental/JWT/JWT.uplugin" 308
"../../../Engine/Plugins/Experimental/MediaStream/MediaStream.uplugin" 309
"../../../Engine/Plugins/Experimental/LiveLinkControlRig/LiveLinkControlRig.uplugin" 310
"../../../Engine/Plugins/Experimental/LearningAgents/LearningAgents.uplugin" 311
"../../../Engine/Plugins/Experimental/LowLevelNetTrace/LowLevelNetTrace.uplugin" 312
"../../../Engine/Plugins/Experimental/MetasoundExperimental/MetasoundExperimental.uplugin" 313
"../../../Engine/Plugins/Experimental/MeshResizing/MeshResizing.uplugin" 314
"../../../Engine/Plugins/Experimental/MovieSceneAnimMixer/MovieSceneAnimMixer.uplugin" 315
"../../../Engine/Plugins/Experimental/MotoSynth/MotoSynth.uplugin" 316
"../../../Engine/Plugins/Experimental/MLflow/MLflow.uplugin" 317
"../../../Engine/Plugins/Experimental/MovieScenePoseSearchTracks/MovieScenePoseSearchTracks.uplugin" 318
"../../../Engine/Plugins/Experimental/Mover/Mover.uplugin" 319
"../../../Engine/Plugins/Experimental/MoverExamples/MoverExamples.uplugin" 320
"../../../Engine/Plugins/Experimental/MotorSimOutputMotoSynth/MotorSimOutputMotoSynth.uplugin" 321
"../../../Engine/Plugins/Experimental/MutableDataflow/MutableDataflow.uplugin" 322
"../../../Engine/Plugins/Experimental/MoverTests/MoverTests.uplugin" 323
"../../../Engine/Plugins/Experimental/NFORDenoise/NFORDenoise.uplugin" 324
"../../../Engine/Plugins/Experimental/LiveLinkFaceImporter/LiveLinkFaceImporter.uplugin" 325
"../../../Engine/Plugins/Experimental/NNERuntimeCoreML/NNERuntimeCoreML.uplugin" 326
"../../../Engine/Plugins/Experimental/NeuralRendering/NeuralRendering.uplugin" 327
"../../../Engine/Plugins/Experimental/MutablePopulation/MutablePopulation.uplugin" 328
"../../../Engine/Plugins/Experimental/MutableClothing/MutableClothing.uplugin" 329
"../../../Engine/Plugins/Experimental/OpenImageDenoise/OpenImageDenoise.uplugin" 330
"../../../Engine/Plugins/Experimental/NNERuntimeRDG/NNERuntimeRDG.uplugin" 331
"../../../Engine/Plugins/Experimental/MoverIntegrations/MoverIntegrations.uplugin" 332
"../../../Engine/Plugins/Experimental/PanoramicCapture/PanoramicCapture.uplugin" 333
"../../../Engine/Plugins/Experimental/NNERuntimeIREE/NNERuntimeIREE.uplugin" 334
"../../../Engine/Plugins/Experimental/PCGBiomeSample/PCGBiomeSample.uplugin" 335
"../../../Engine/Plugins/Experimental/NaniteAssemblyEditorUtils/NaniteAssemblyEditorUtils.uplugin" 336
"../../../Engine/Plugins/Experimental/NaniteDisplacedMesh/NaniteDisplacedMesh.uplugin" 337
"../../../Engine/Plugins/Experimental/PlainPropsEngine/PlainPropsEngine.uplugin" 338
"../../../Engine/Plugins/Experimental/PhysicsControl/PhysicsControl.uplugin" 339
"../../../Engine/Plugins/Experimental/OptiXDenoise/OptiXDenoise.uplugin" 340
"../../../Engine/Plugins/Experimental/PlanarCutPlugin/PlanarCut.uplugin" 341
"../../../Engine/Plugins/Experimental/PluginTemplateTool/PluginTemplateTool.uplugin" 342
"../../../Engine/Plugins/Experimental/PlainProps/PlainProps.uplugin" 343
"../../../Engine/Plugins/Experimental/PluginAudit/PluginAudit.uplugin" 344
"../../../Engine/Plugins/Experimental/PCGBiomeCore/PCGBiomeCore.uplugin" 345
"../../../Engine/Plugins/Experimental/PSDImporter/PSDImporter.uplugin" 346
"../../../Engine/Plugins/Experimental/PluginReferenceViewer/PluginReferenceViewer.uplugin" 347
"../../../Engine/Plugins/Experimental/NNERuntimeBasicCpu/NNERuntimeBasicCpu.uplugin" 348
"../../../Engine/Plugins/Experimental/PlatformCrypto/PlatformCrypto.uplugin" 349
"../../../Engine/Plugins/Experimental/RawInput/RawInput.uplugin" 350
"../../../Engine/Plugins/Experimental/QuicMessaging/QuicMessaging.uplugin" 351
"../../../Engine/Plugins/Experimental/MoverAnimNext/MoverAnimNext.uplugin" 352
"../../../Engine/Plugins/Experimental/RemoteControlActorModifierBridge/RemoteControlActorModifierBridge.uplugin" 353
"../../../Engine/Plugins/Experimental/PostProcessMaterialChainGraph/PostProcessMaterialChainGraph.uplugin" 354
"../../../Engine/Plugins/Experimental/PythonMLPackages/PythonMLPackages.uplugin" 355
"../../../Engine/Plugins/Experimental/PlainPropsUObject/PlainPropsUObject.uplugin" 356
"../../../Engine/Plugins/Experimental/PSDImporterMaterialDesignerBridge/PSDImporterMaterialDesignerBridge.uplugin" 357
"../../../Engine/Plugins/Experimental/PythonFoundationPackages/PythonFoundationPackages.uplugin" 358
"../../../Engine/Plugins/Experimental/PixelStreamingPlayer/PixelStreamingPlayer.uplugin" 359
"../../../Engine/Plugins/Experimental/ProceduralVegetationEditor/ProceduralVegetationEditor.uplugin" 360
"../../../Engine/Plugins/Experimental/RazerChromaDevices/RazerChromaDevices.uplugin" 361
"../../../Engine/Plugins/Experimental/RuntimeTelemetry/RuntimeTelemetry.uplugin" 362
"../../../Engine/Plugins/Experimental/RenderGrid/RenderGrid.uplugin" 363
"../../../Engine/Plugins/Experimental/SerializationUtils/SerializationUtils.uplugin" 364
"../../../Engine/Plugins/Experimental/RemoteSession/RemoteSession.uplugin" 365
"../../../Engine/Plugins/Experimental/RigLogicMutable/RigLogicMutable.uplugin" 366
"../../../Engine/Plugins/Experimental/SimpleHMD/SimpleHMD.uplugin" 367
"../../../Engine/Plugins/Experimental/ScreenReader/ScreenReader.uplugin" 368
"../../../Engine/Plugins/Experimental/SequenceNavigator/SequenceNavigator.uplugin" 369
"../../../Engine/Plugins/Experimental/SecuritySandbox/SecuritySandbox.uplugin" 370
"../../../Engine/Plugins/Experimental/SkeletalReduction/SkeletalReduction.uplugin" 371
"../../../Engine/Plugins/Experimental/SlateScreenReader/SlateScreenReader.uplugin" 372
"../../../Engine/Plugins/Experimental/StateGraph/StateGraph.uplugin" 373
"../../../Engine/Plugins/Experimental/RigLogicUAF/RigLogicUAF.uplugin" 374
"../../../Engine/Plugins/Experimental/StructUtils/StructUtils.uplugin" 375
"../../../Engine/Plugins/Experimental/RemoteControlComponents/RemoteControlComponents.uplugin" 376
"../../../Engine/Plugins/Experimental/SlateIM/SlateIM.uplugin" 377
"../../../Engine/Plugins/Experimental/TargetDeviceServicesScripting/TargetDeviceServicesScripting.uplugin" 378
"../../../Engine/Plugins/Experimental/SlateModelViewViewModel/SlateModelViewViewModel.uplugin" 379
"../../../Engine/Plugins/Experimental/SpatialReadiness/SpatialReadiness.uplugin" 380
"../../../Engine/Plugins/Experimental/TextToSpeech/TextToSpeech.uplugin" 381
"../../../Engine/Plugins/Experimental/PythonScriptPlugin/PythonScriptPlugin.uplugin" 382
"../../../Engine/Plugins/Experimental/SubtitlesAndClosedCaptions/SubtitlesAndClosedCaptions.uplugin" 383
"../../../Engine/Plugins/Experimental/SubmitToolEditor/SubmitToolEditor.uplugin" 384
"../../../Engine/Plugins/Experimental/SurfaceEffects/SurfaceEffects.uplugin" 385
"../../../Engine/Plugins/Experimental/UserToolBoxBasicCommand/UserToolBoxBasicCommand.uplugin" 386
"../../../Engine/Plugins/Experimental/Tensorboard/Tensorboard.uplugin" 387
"../../../Engine/Plugins/Experimental/UIFramework/UIFramework.uplugin" 388
"../../../Engine/Plugins/Experimental/VirtualProductionUtilities/VirtualProductionUtilities.uplugin" 389
"../../../Engine/Plugins/Experimental/Water/Water.uplugin" 390
"../../../Engine/Plugins/Experimental/ToolPresets/ToolPresets.uplugin" 391
"../../../Engine/Plugins/Experimental/WaterAdvanced/WaterAdvanced.uplugin" 392
"../../../Engine/Plugins/Experimental/WebSocketMessaging/WebSocketMessaging.uplugin" 393
"../../../Engine/Plugins/Experimental/TetMeshing/TetMeshing.uplugin" 394
"../../../Engine/Plugins/Experimental/VirtualHeightfieldMesh/VirtualHeightfieldMesh.uplugin" 395
"../../../Engine/Plugins/Experimental/Shotgrid/Shotgrid.uplugin" 396
"../../../Engine/Plugins/Experimental/Volumetrics/Volumetrics.uplugin" 397
"../../../Engine/Plugins/Experimental/WidgetEditorToolPalette/WidgetEditorToolPalette.uplugin" 398
"../../../Engine/Plugins/Experimental/WaveFunctionCollapse/WaveFunctionCollapse.uplugin" 399
"../../../Engine/Plugins/Experimental/TechAudioTools/TechAudioTools.uplugin" 400
"../../../Engine/Plugins/Experimental/UserToolBoxCore/UserToolBoxCore.uplugin" 401
"../../../Engine/Plugins/Experimental/XRCreativeFramework/XRCreativeFramework.uplugin" 402
"../../../Engine/Plugins/VirtualProduction/ActorModifierCore/ActorModifierCore.uplugin" 403
"../../../Engine/Plugins/VirtualProduction/Avalanche/Avalanche.uplugin" 404
"../../../Engine/Plugins/VirtualProduction/CameraCalibrationCore/CameraCalibrationCore.uplugin" 405
"../../../Engine/Plugins/VirtualProduction/ActorModifier/ActorModifier.uplugin" 406
"../../../Engine/Plugins/Experimental/Workspace/Workspace.uplugin" 407
"../../../Engine/Plugins/VirtualProduction/AvalancheDataLink/AvalancheDataLink.uplugin" 408
"../../../Engine/Plugins/VirtualProduction/ClonerEffector/ClonerEffector.uplugin" 409
"../../../Engine/Plugins/Experimental/WebSocketNetworking/WebSocketNetworking.uplugin" 410
"../../../Engine/Plugins/VirtualProduction/DataLink/DataLink.uplugin" 411
"../../../Engine/Plugins/Experimental/WaterExtras/WaterExtras.uplugin" 412
"../../../Engine/Plugins/VirtualProduction/CompositePlane/CompositePlane.uplugin" 413
"../../../Engine/Plugins/VirtualProduction/CameraCalibrationML/CameraCalibrationML.uplugin" 414
"../../../Engine/Plugins/VirtualProduction/CinematicAssemblyTools/CinematicAssemblyTools.uplugin" 415
"../../../Engine/Plugins/VirtualProduction/LiveLinkFreeD/LiveLinkFreeD.uplugin" 416
"../../../Engine/Plugins/VirtualProduction/LiveLinkMasterLockit/LiveLinkMasterLockit.uplugin" 417
"../../../Engine/Plugins/VirtualProduction/DataCharts/DataCharts.uplugin" 418
"../../../Engine/Plugins/VirtualProduction/AvalancheSceneState/AvalancheSceneState.uplugin" 419
"../../../Engine/Plugins/VirtualProduction/DynamicMaterial/DynamicMaterial.uplugin" 420
"../../../Engine/Plugins/VirtualProduction/LensComponent/LensComponent.uplugin" 421
"../../../Engine/Plugins/VirtualProduction/CustomDetailsView/CustomDetailsView.uplugin" 422
"../../../Engine/Plugins/VirtualProduction/GeometryMask/GeometryMask.uplugin" 423
"../../../Engine/Plugins/VirtualProduction/LiveLinkCamera/LiveLinkCamera.uplugin" 424
"../../../Engine/Plugins/VirtualProduction/LiveLinkOpenTrackIO/LiveLinkOpenTrackIO.uplugin" 425
"../../../Engine/Plugins/VirtualProduction/CaptureData/CaptureData.uplugin" 426
"../../../Engine/Plugins/VirtualProduction/ICVFXTesting/ICVFXTesting.uplugin" 427
"../../../Engine/Plugins/VirtualProduction/LiveLinkInputDevice/LiveLinkInputDevice.uplugin" 428
"../../../Engine/Plugins/VirtualProduction/PropertyAnimator/PropertyAnimator.uplugin" 429
"../../../Engine/Plugins/VirtualProduction/EpicStageApp/EpicStageApp.uplugin" 430
"../../../Engine/Plugins/VirtualProduction/RemoteControlProtocolMIDI/RemoteControlProtocolMIDI.uplugin" 431
"../../../Engine/Plugins/VirtualProduction/DataLinkOAuth/DataLinkOAuth.uplugin" 432
"../../../Engine/Plugins/VirtualProduction/PropertyAnimatorCore/PropertyAnimatorCore.uplugin" 433
"../../../Engine/Plugins/VirtualProduction/RemoteControlInterception/RemoteControlInterception.uplugin" 434
"../../../Engine/Plugins/VirtualProduction/LiveLinkPrestonMDR/LiveLinkPrestonMDR.uplugin" 435
"../../../Engine/Plugins/VirtualProduction/LiveLinkXR/LiveLinkXR.uplugin" 436
"../../../Engine/Plugins/VirtualProduction/MultiUserTakes/MultiUserTakes.uplugin" 437
"../../../Engine/Plugins/VirtualProduction/LevelSnapshots/LevelSnapshots.uplugin" 438
"../../../Engine/Plugins/VirtualProduction/PerformanceCaptureWorkflow/PerformanceCaptureWorkflow.uplugin" 439
"../../../Engine/Plugins/VirtualProduction/CameraCalibration/CameraCalibration.uplugin" 440
"../../../Engine/Plugins/VirtualProduction/RemoteControlWebInterface/RemoteControlWebInterface.uplugin" 441
"../../../Engine/Plugins/VirtualProduction/OperatorStack/OperatorStack.uplugin" 442
"../../../Engine/Plugins/VirtualProduction/StormSync/StormSync.uplugin" 443
"../../../Engine/Plugins/VirtualProduction/RemoteControl/RemoteControl.uplugin" 444
"../../../Engine/Plugins/VirtualProduction/SceneState/SceneState.uplugin" 445
"../../../Engine/Plugins/VirtualProduction/ICVFX/ICVFX.uplugin" 446
"../../../Engine/Plugins/VirtualProduction/SVGImporter/SVGImporter.uplugin" 447
"../../../Engine/Plugins/VirtualProduction/LiveLinkLens/LiveLinkLens.uplugin" 448
"../../../Engine/Plugins/VirtualProduction/RemoteControlProtocolOSC/RemoteControlProtocolOSC.uplugin" 449
"../../../Engine/Plugins/VirtualProduction/RemoteControlProtocolDMX/RemoteControlProtocolDMX.uplugin" 450
"../../../Engine/Plugins/VirtualProduction/TextureShare/TextureShare.uplugin" 451
"../../../Engine/Plugins/VirtualProduction/StageMonitoring/StageMonitoring.uplugin" 452
"../../../Engine/Plugins/VirtualProduction/SceneStateDataLink/SceneStateDataLink.uplugin" 453
"../../../Engine/Plugins/VirtualProduction/SequencerPlaylists/SequencerPlaylists.uplugin" 454
"../../../Engine/Plugins/VirtualProduction/StormSyncAvalancheBridge/StormSyncAvalancheBridge.uplugin" 455
"../../../Engine/Plugins/VirtualProduction/Switchboard/Switchboard.uplugin" 456
"../../../Engine/Plugins/VirtualProduction/LiveLinkVRPN/LiveLinkVRPN.uplugin" 457
"../../../Engine/Plugins/VirtualProduction/Text3D/Text3D.uplugin" 458
"../../../Engine/Plugins/FX/ExampleCustomDataInterface/ExampleCustomDataInterface.uplugin" 459
"../../../Engine/Plugins/VirtualProduction/VirtualCamera/VirtualCamera.uplugin" 460
"../../../Engine/Plugins/VirtualProduction/TimedDataMonitor/TimedDataMonitor.uplugin" 461
"../../../Engine/Plugins/FX/NiagaraPreviewContent/NiagaraPreviewContent.uplugin" 462
"../../../Engine/Plugins/FX/Cascade/Cascade.uplugin" 463
"../../../Engine/Plugins/VirtualProduction/VirtualCameraCore/VirtualCameraCore.uplugin" 464
"../../../Engine/Plugins/VirtualProduction/Takes/Takes.uplugin" 465
"../../../Engine/Plugins/FX/CascadeToNiagaraConverter/CascadeToNiagaraConverter.uplugin" 466
"../../../Engine/Plugins/FX/Niagara/Niagara.uplugin" 467
"../../../Engine/Plugins/MetaHuman/MetaHumanCalibrationProcessing/MetaHumanCalibrationProcessing.uplugin" 468
"../../../Engine/Plugins/Performance/AutomatedPerfTesting/AutomatedPerfTesting.uplugin" 469
"../../../Engine/Plugins/MetaHuman/MetaHumanSDK/MetaHumanSDK.uplugin" 470
"../../../Engine/Plugins/FX/NiagaraNanite/NiagaraNanite.uplugin" 471
"../../../Engine/Plugins/MetaHuman/MetaHumanAnimator/MetaHuman.uplugin" 472
"../../../Engine/Plugins/MetaHuman/MetaHumanLiveLink/MetaHumanLiveLink.uplugin" 473
"../../../Engine/Plugins/FX/NiagaraFluids/NiagaraFluids.uplugin" 474
"../../../Engine/Plugins/FX/NiagaraSimCaching/NiagaraSimCaching.uplugin" 475
"../../../Engine/Plugins/Messaging/UdpMessaging/UdpMessaging.uplugin" 476
"../../../Engine/Plugins/Slate/SlateScripting/SlateScripting.uplugin" 477
"../../../Engine/Plugins/MetaHuman/MetaHumanCharacter/MetaHumanCharacter.uplugin" 478
"../../../Engine/Plugins/Performance/PerformanceMonitor/PerformanceMonitor.uplugin" 479
"../../../Engine/Plugins/Slate/SlateInsights/SlateInsights.uplugin" 480
"../../../Engine/Plugins/MetaHuman/MetaHumanCoreTechLib/MetaHumanCoreTech.uplugin" 481
"../../../Engine/Plugins/AI/EnvironmentQueryEditor/EnvironmentQueryEditor.uplugin" 482
"../../../Engine/Plugins/VirtualProduction/VirtualScouting/VirtualScouting.uplugin" 483
"../../../Engine/Plugins/AI/AISupport/AISupport.uplugin" 484
"../../../Engine/Plugins/Messaging/TcpMessaging/TcpMessaging.uplugin" 485
"../../../Engine/Plugins/AI/MLAdapter/MLAdapter.uplugin" 486
"../../../Engine/Plugins/Messaging/MessagingDebugger/MessagingDebugger.uplugin" 487
"../../../Engine/Plugins/Web/HttpBlueprint/HttpBlueprint.uplugin" 488
"../../../Engine/Plugins/Protocols/MQTT/MQTT.uplugin" 489
"../../../Engine/Plugins/Editor/AssetSearch/AssetSearch.uplugin" 490
"../../../Engine/Plugins/Editor/AssetRegistryExport/AssetRegistryExport.uplugin" 491
"../../../Engine/Plugins/Editor/BlueprintHeaderView/BlueprintHeaderView.uplugin" 492
"../../../Engine/Plugins/2D/Paper2D/Paper2D.uplugin" 493
"../../../Engine/Plugins/Editor/CurveEditorTools/CurveEditorTools.uplugin" 494
"../../../Engine/Plugins/Editor/AssetManagerEditor/AssetManagerEditor.uplugin" 495
"../../../Engine/Plugins/Editor/DataValidation/DataValidation.uplugin" 496
"../../../Engine/Plugins/AI/HTNPlanner/HTNPlanner.uplugin" 497
"../../../Engine/Plugins/Editor/EditorDebugTools/EditorDebugTools.uplugin" 498
"../../../Engine/Plugins/Editor/GeometryMode/GeometryMode.uplugin" 499
"../../../Engine/Plugins/Editor/ColorGrading/ColorGrading.uplugin" 500
"../../../Engine/Plugins/AI/MassCrowd/MassCrowd.uplugin" 501
"../../../Engine/Plugins/Editor/BlueprintMaterialTextureNodes/BlueprintMaterialTextureNodes.uplugin" 502
"../../../Engine/Plugins/Editor/ConsoleVariablesEditor/ConsoleVariables.uplugin" 503
"../../../Engine/Plugins/FX/NiagaraMRQ/NiagaraMRQ.uplugin" 504
"../../../Engine/Plugins/Editor/CryptoKeys/CryptoKeys.uplugin" 505
"../../../Engine/Plugins/AI/MassAI/MassAI.uplugin" 506
"../../../Engine/Plugins/Editor/ChangelistReview/ChangelistReview.uplugin" 507
"../../../Engine/Plugins/Editor/MakeCookedEditorAsDLC/MakeCookedEditorAsDLC.uplugin" 508
"../../../Engine/Plugins/Editor/EditorScriptingUtilities/EditorScriptingUtilities.uplugin" 509
"../../../Engine/Plugins/Editor/AssetReferenceRestrictions/AssetReferenceRestrictions.uplugin" 510
"../../../Engine/Plugins/Editor/LiveUpdateForSlate/LiveUpdateForSlate.uplugin" 511
"../../../Engine/Plugins/Editor/EngineAssetDefinitions/EngineAssetDefinitions.uplugin" 512
"../../../Engine/Plugins/Editor/MobileLauncherProfileWizard/MobileLauncherProfileWizard.uplugin" 513
"../../../Engine/Plugins/Editor/EditorSysConfigAssistant/EditorSysConfigAssistant.uplugin" 514
"../../../Engine/Plugins/Editor/ModelingToolsEditorMode/ModelingToolsEditorMode.uplugin" 515
"../../../Engine/Plugins/Editor/SampleToolsEditorMode/SampleToolsEditorMode.uplugin" 516
"../../../Engine/Plugins/Editor/GuidedTutorials/GuidedTutorials.uplugin" 517
"../../../Engine/Plugins/Editor/LandscapePatch/LandscapePatch.uplugin" 518
"../../../Engine/Plugins/Editor/UMGWidgetPreview/UMGWidgetPreview.uplugin" 519
"../../../Engine/Plugins/Editor/DisplayClusterLaunch/DisplayClusterLaunch.uplugin" 520
"../../../Engine/Plugins/Editor/SpeedTreeImporter/SpeedTreeImporter.uplugin" 521
"../../../Engine/Plugins/Editor/MeshLODToolset/MeshLODToolset.uplugin" 522
"../../../Engine/Plugins/Editor/ModelViewViewModelPreview/ModelViewViewModelPreview.uplugin" 523
"../../../Engine/Plugins/Editor/FacialAnimation/FacialAnimation.uplugin" 524
"../../../Engine/Plugins/NNE/NNERuntimeORT/NNERuntimeORT.uplugin" 525
"../../../Engine/Plugins/Editor/GameplayTagsEditor/GameplayTagsEditor.uplugin" 526
"../../../Engine/Plugins/Editor/SequencerAnimTools/SequencerAnimTools.uplugin" 527
"../../../Engine/Plugins/Editor/ScriptableToolsEditorMode/ScriptableToolsEditorMode.uplugin" 528
"../../../Engine/Plugins/Editor/PluginBrowser/PluginBrowser.uplugin" 529
"../../../Engine/Plugins/Editor/StylusInput/StylusInput.uplugin" 530
"../../../Engine/Plugins/Runtime/ADM/ADM.uplugin" 531
"../../../Engine/Plugins/Runtime/AndroidBackgroundService/AndroidBackgroundService.uplugin" 532
"../../../Engine/Plugins/Editor/MacGraphicsSwitching/MacGraphicsSwitching.uplugin" 533
"../../../Engine/Plugins/Editor/MaterialAnalyzer/MaterialAnalyzer.uplugin" 534
"../../../Engine/Plugins/Editor/UVEditor/UVEditor.uplugin" 535
"../../../Engine/Plugins/NNE/NNEDenoiser/NNEDenoiser.uplugin" 536
"../../../Engine/Plugins/Runtime/AndroidPermission/AndroidPermission.uplugin" 537
"../../../Engine/Plugins/Runtime/AndroidMoviePlayer/AndroidMoviePlayer.uplugin" 538
"../../../Engine/Plugins/Editor/WaveformEditor/WaveformEditor.uplugin" 539
"../../../Engine/Plugins/Runtime/ApexDestruction/ApexDestruction.uplugin" 540
"../../../Engine/Plugins/Runtime/AndroidDeviceProfileSelector/AndroidDeviceProfileSelector.uplugin" 541
"../../../Engine/Plugins/Runtime/AudioCapture/AudioCapture.uplugin" 542
"../../../Engine/Plugins/Runtime/AndroidFileServer/AndroidFileServer.uplugin" 543
"../../../Engine/Plugins/Runtime/AnimationBudgetAllocator/AnimationBudgetAllocator.uplugin" 544
"../../../Engine/Plugins/Runtime/AudioMotorSim/AudioMotorSim.uplugin" 545
"../../../Engine/Plugins/Runtime/AudioSynesthesia/AudioSynesthesia.uplugin" 546
"../../../Engine/Plugins/Runtime/ActorLayerUtilities/ActorLayerUtilities.uplugin" 547
"../../../Engine/Plugins/Runtime/AppleMoviePlayer/AppleMoviePlayer.uplugin" 548
"../../../Engine/Plugins/Runtime/AudioModulation/AudioModulation.uplugin" 549
"../../../Engine/Plugins/Runtime/CableComponent/CableComponent.uplugin" 550
"../../../Engine/Plugins/Editor/StaticMeshEditorModeling/StaticMeshEditorModeling.uplugin" 551
"../../../Engine/Plugins/Runtime/ArchVisCharacter/ArchVisCharacter.uplugin" 552
"../../../Engine/Plugins/Editor/ProxyLODPlugin/ProxyLODPlugin.uplugin" 553
"../../../Engine/Plugins/Runtime/AssetTags/AssetTags.uplugin" 554
"../../../Engine/Plugins/Runtime/AudioWidgets/AudioWidgets.uplugin" 555
"../../../Engine/Plugins/Editor/WorldPartitionHLODUtilities/WorldPartitionHLODUtilities.uplugin" 556
"../../../Engine/Plugins/Runtime/ComputeFramework/ComputeFramework.uplugin" 557
"../../../Engine/Plugins/Runtime/DataRegistry/DataRegistry.uplugin" 558
"../../../Engine/Plugins/Runtime/GameplayBehaviorSmartObjects/GameplayBehaviorSmartObjects.uplugin" 559
"../../../Engine/Plugins/Runtime/CommonUI/CommonUI.uplugin" 560
"../../../Engine/Plugins/Runtime/CustomMeshComponent/CustomMeshComponent.uplugin" 561
"../../../Engine/Plugins/Runtime/ExampleDeviceProfileSelector/ExampleDeviceProfileSelector.uplugin" 562
"../../../Engine/Plugins/Runtime/GameplayAbilities/GameplayAbilities.uplugin" 563
"../../../Engine/Plugins/Runtime/ChunkDownloader/ChunkDownloader.uplugin" 564
"../../../Engine/Plugins/Runtime/ExternalGPUStatistics/ExternalGPUStatistics.uplugin" 565
"../../../Engine/Plugins/Runtime/Firebase/Firebase.uplugin" 566
"../../../Engine/Plugins/Runtime/GameplayStateTree/GameplayStateTree.uplugin" 567
"../../../Engine/Plugins/Runtime/AppleImageUtils/AppleImageUtils.uplugin" 568
"../../../Engine/Plugins/Runtime/GeometryScripting/GeometryScripting.uplugin" 569
"../../../Engine/Plugins/Runtime/GeometryProcessing/GeometryProcessing.uplugin" 570
"../../../Engine/Plugins/Runtime/GameInput/GameInput.uplugin" 571
"../../../Engine/Plugins/Runtime/GeometryCache/GeometryCache.uplugin" 572
"../../../Engine/Plugins/Runtime/GoogleCloudMessaging/GoogleCloudMessaging.uplugin" 573
"../../../Engine/Plugins/Runtime/GameplayInteractions/GameplayInteractions.uplugin" 574
"../../../Engine/Plugins/Runtime/HTTPChunkInstaller/HTTPChunkInstaller.uplugin" 575
"../../../Engine/Plugins/Runtime/GameFeatures/GameFeatures.uplugin" 576
"../../../Engine/Plugins/Runtime/IOSDeviceProfileSelector/IOSDeviceProfileSelector.uplugin" 577
"../../../Engine/Plugins/Runtime/HDRIBackdrop/HDRIBackdrop.uplugin" 578
"../../../Engine/Plugins/Runtime/GooglePAD/GooglePAD.uplugin" 579
"../../../Engine/Plugins/Runtime/Harmonix/Harmonix.uplugin" 580
"../../../Engine/Plugins/Runtime/GeoReferencing/GeoReferencing.uplugin" 581
"../../../Engine/Plugins/Runtime/HPMotionController/HPMotionController.uplugin" 582
"../../../Engine/Plugins/Runtime/InstancedActors/InstancedActors.uplugin" 583
"../../../Engine/Plugins/Runtime/LocationServicesIOSImpl/LocationServicesIOSImpl.uplugin" 584
"../../../Engine/Plugins/Runtime/InputDebugging/InputDebugging.uplugin" 585
"../../../Engine/Plugins/Runtime/Metasound/Metasound.uplugin" 586
"../../../Engine/Plugins/Runtime/MeshModelingToolset/MeshModelingToolset.uplugin" 587
"../../../Engine/Plugins/Runtime/MicrosoftSpatialAudio/MicroSoftSpatialSound.uplugin" 588
"../../../Engine/Plugins/Runtime/LiveLinkOvernDisplay/LiveLinkOverNDisplay.uplugin" 589
"../../../Engine/Plugins/Runtime/LevelStreamingPersistence/LevelStreamingPersistence.uplugin" 590
"../../../Engine/Plugins/Runtime/LocationServicesBPLibrary/LocationServicesBPLibrary.uplugin" 591
"../../../Engine/Plugins/Runtime/MobilePatchingUtils/MobilePatchingUtils.uplugin" 592
"../../../Engine/Plugins/Runtime/MassGameplay/MassGameplay.uplugin" 593
"../../../Engine/Plugins/Runtime/MassEntity/MassEntity.uplugin" 594
"../../../Engine/Plugins/Runtime/LinuxDeviceProfileSelector/LinuxDeviceProfileSelector.uplugin" 595
"../../../Engine/Plugins/Runtime/HairStrands/HairStrands.uplugin" 596
"../../../Engine/Plugins/Runtime/nDisplay/nDisplay.uplugin" 597
"../../../Engine/Plugins/Runtime/LocationServicesAndroidImpl/LocationServicesAndroidImpl.uplugin" 598
"../../../Engine/Plugins/Runtime/nDisplayModularFeatures/nDisplayModularFeatures.uplugin" 599
"../../../Engine/Plugins/Runtime/NetworkPredictionInsights/NetworkPredictionInsights.uplugin" 600
"../../../Engine/Plugins/Runtime/ModelViewViewModel/ModelViewViewModel.uplugin" 601
"../../../Engine/Plugins/Runtime/OpenXR/OpenXR.uplugin" 602
"../../../Engine/Plugins/Runtime/OpenCV/OpenCV.uplugin" 603
"../../../Engine/Plugins/Runtime/ModularGameplay/ModularGameplay.uplugin" 604
"../../../Engine/Plugins/Runtime/NavCorridor/NavCorridor.uplugin" 605
"../../../Engine/Plugins/Runtime/MsQuic/MsQuic.uplugin" 606
"../../../Engine/Plugins/Runtime/IOSReplayKit/IOSReplayKit.uplugin" 607
"../../../Engine/Plugins/Runtime/OpenXRMsftHandInteraction/OpenXRMsftHandInteraction.uplugin" 608
"../../../Engine/Plugins/Runtime/NetworkPredictionExtras/NetworkPredictionExtras.uplugin" 609
"../../../Engine/Plugins/Runtime/MixedRealityCaptureFramework/MixedRealityCaptureFramework.uplugin" 610
"../../../Engine/Plugins/Runtime/NetworkPrediction/NetworkPrediction.uplugin" 611
"../../../Engine/Plugins/Runtime/OSC/OSC.uplugin" 612
"../../../Engine/Plugins/Runtime/MultiServerReplication/MultiServerReplication.uplugin" 613
"../../../Engine/Plugins/Runtime/OpenXRHandTracking/OpenXRHandTracking.uplugin" 614
"../../../Engine/Plugins/Runtime/PropertyAccess/PropertyAccessEditor.uplugin" 615
"../../../Engine/Plugins/Runtime/ReplicationGraph/ReplicationGraph.uplugin" 616
"../../../Engine/Plugins/Runtime/SignificanceManager/SignificanceManager.uplugin" 617
"../../../Engine/Plugins/Runtime/MusicEnvironment/MusicEnvironment.uplugin" 618
"../../../Engine/Plugins/Runtime/ProceduralMeshComponent/ProceduralMeshComponent.uplugin" 619
"../../../Engine/Plugins/Runtime/ScriptableToolsFramework/ScriptableToolsFramework.uplugin" 620
"../../../Engine/Plugins/Runtime/OptionalMobileFeaturesBPLibrary/OptionalMobileFeaturesBPLibrary.uplugin" 621
"../../../Engine/Plugins/Runtime/PreLoadScreenMoviePlayer/PreLoadScreenMoviePlayer.uplugin" 622
"../../../Engine/Plugins/Runtime/PropertyBindingUtils/PropertyBindingUtils.uplugin" 623
"../../../Engine/Plugins/Runtime/MIDIDevice/MIDIDevice.uplugin" 624
"../../../Engine/Plugins/Runtime/SmartObjects/SmartObjects.uplugin" 625
"../../../Engine/Plugins/Runtime/SoundFields/SoundFields.uplugin" 626
"../../../Engine/Plugins/Runtime/ResonanceAudio/ResonanceAudio.uplugin" 627
"../../../Engine/Plugins/Runtime/RigVM/RigVM.uplugin" 628
"../../../Engine/Plugins/Runtime/Spatialization/Spatialization.uplugin" 629
"../../../Engine/Plugins/Runtime/ReplicationSystemTestPlugin/ReplicationSystemTestPlugin.uplugin" 630
"../../../Engine/Plugins/Runtime/SoundUtilities/SoundUtilities.uplugin" 631
"../../../Engine/Plugins/Runtime/WarpUtils/WarpUtils.uplugin" 632
"../../../Engine/Plugins/Runtime/Synthesis/Synthesis.uplugin" 633
"../../../Engine/Plugins/Runtime/SoundCueTemplates/SoundCueTemplates.uplugin" 634
"../../../Engine/Plugins/Runtime/SoundMod/SoundMod.uplugin" 635
"../../../Engine/Plugins/Runtime/OpenXRViveTracker/OpenXRViveTracker.uplugin" 636
"../../../Engine/Plugins/Runtime/Soundscape/Soundscape.uplugin" 637
"../../../Engine/Plugins/Runtime/WebBrowserWidget/WebBrowserWidget.uplugin" 638
"../../../Engine/Plugins/Runtime/StateTree/StateTree.uplugin" 639
"../../../Engine/Plugins/Runtime/WindowsMoviePlayer/WindowsMoviePlayer.uplugin" 640
"../../../Engine/Plugins/Runtime/SkeletalMerging/SkeletalMerging.uplugin" 641
"../../../Engine/Plugins/Runtime/WorldConditions/WorldConditions.uplugin" 642
"../../../Engine/Plugins/Runtime/RenderTrace/RenderTrace.uplugin" 643
"../../../Engine/Plugins/Runtime/XRBase/XRBase.uplugin" 644
"../../../Engine/Plugins/Editor/Localization/PortableObjectFileDataSource/PortableObjectFileDataSource.uplugin" 645
"../../../Engine/Plugins/Runtime/AR/ARUtilities/ARUtilities.uplugin" 646
"../../../Engine/Plugins/Runtime/ZoneGraph/ZoneGraph.uplugin" 647
"../../../Engine/Plugins/Runtime/WebBrowserNativeProxy/WebBrowserNativeProxy.uplugin" 648
"../../../Engine/Plugins/Animation/MLDeformer/NeuralMorphModel/NeuralMorphModel.uplugin" 649
"../../../Engine/Plugins/Runtime/WindowsDeviceProfileSelector/WindowsDeviceProfileSelector.uplugin" 650
"../../../Engine/Plugins/Animation/MLDeformer/NearestNeighborModel/NearestNeighborModel.uplugin" 651
"../../../Engine/Plugins/Online/VoiceChat/EOSVoiceChat/EOSVoiceChat.uplugin" 652
"../../../Engine/Plugins/Runtime/OpenXREyeTracker/OpenXREyeTracker.uplugin" 653
"../../../Engine/Plugins/Runtime/WaveTable/WaveTable.uplugin" 654
"../../../Engine/Plugins/Animation/MLDeformer/ChaosClothGenerator/ChaosClothGenerator.uplugin" 655
"../../../Engine/Plugins/Runtime/WebMMoviePlayer/WebMMoviePlayer.uplugin" 656
"../../../Engine/Plugins/Runtime/SunPosition/SunPosition.uplugin" 657
"../../../Engine/Plugins/Animation/MLDeformer/MLDeformerFramework/MLDeformerFramework.uplugin" 658
"../../../Engine/Plugins/Runtime/ZoneGraphAnnotations/ZoneGraphAnnotations.uplugin" 659
"../../../Engine/Plugins/Animation/MLDeformer/VertexDeltaModel/VertexDeltaModel.uplugin" 660
"../../../Engine/Plugins/Editor/ContentBrowser/ContentBrowserFileDataSource/ContentBrowserFileDataSource.uplugin" 661
"../../../Engine/Plugins/Runtime/USDCore/USDCore.uplugin" 662
"../../../Engine/Plugins/Experimental/AVCodecs/NVCodecs/NVCodecs.uplugin" 663
"../../../Engine/Plugins/Experimental/AVCodecs/AVCodecsCore/AVCodecsCore.uplugin" 664
"../../../Engine/Plugins/Experimental/AVCodecs/WMFCodecs/WMFCodecs.uplugin" 665
"../../../Engine/Plugins/Experimental/AVCodecs/AMFCodecs/AMFCodecs.uplugin" 666
"../../../Engine/Plugins/Editor/ContentBrowser/ContentBrowserClassDataSource/ContentBrowserClassDataSource.uplugin" 667
"../../../Engine/Plugins/Online/VoiceChat/VoiceChat/VoiceChat.uplugin" 668
"../../../Engine/Plugins/Editor/ContentBrowser/ContentBrowserAssetDataSource/ContentBrowserAssetDataSource.uplugin" 669
"../../../Engine/Plugins/VirtualProduction/DMX/DMXEngine/DMXEngine.uplugin" 670
"../../../Engine/Plugins/Editor/ContentBrowser/ContentBrowserAliasDataSource/ContentBrowserAliasDataSource.uplugin" 671
"../../../Engine/Plugins/Animation/MLDeformer/ChaosFleshGenerator/ChaosFleshGenerator.uplugin" 672
"../../../Engine/Plugins/Experimental/AVCodecs/VTCodecs/VTCodecs.uplugin" 673
"../../../Engine/Plugins/Experimental/CharacterFXEditor/BaseCharacterFXEditor/BaseCharacterFXEditor.uplugin" 674
"../../../Engine/Plugins/Experimental/AVCodecs/LibVpxCodecs/LibVpxCodecs.uplugin" 675
"../../../Engine/Plugins/Experimental/CharacterFXEditor/ExampleCharacterFXEditor/ExampleCharacterFXEditor.uplugin" 676
"../../../Engine/Plugins/VirtualProduction/DMX/DMXDisplayCluster/DMXDisplayCluster.uplugin" 677
"../../../Engine/Plugins/Interchange/Extensions/OpenUSD/InterchangeOpenUSD.uplugin" 678
"../../../Engine/Plugins/VirtualProduction/DMX/DMXProtocol/DMXProtocol.uplugin" 679
"../../../Engine/Plugins/Interchange/Extensions/OpenVDB/InterchangeOpenVDB.uplugin" 680
"../../../Engine/Plugins/VirtualProduction/DMX/DMXModularFeatures/DMXModularFeatures.uplugin" 681
"../../../Engine/Plugins/VirtualProduction/DMX/DMXPixelMapping/DMXPixelMapping.uplugin" 682
"../../../Engine/Plugins/VirtualProduction/CaptureManager/CaptureManagerDevices/CaptureManagerDevices.uplugin" 683
"../../../Engine/Plugins/VirtualProduction/DMX/DMXControlConsole/DMXControlConsole.uplugin" 684
"../../../Engine/Plugins/Online/Android/OnlineSubsystemGooglePlay/OnlineSubsystemGooglePlay.uplugin" 685
"../../../Engine/Plugins/VirtualProduction/DMX/DMXGDTF/DMXGDTF.uplugin" 686
"../../../Engine/Plugins/VirtualProduction/CaptureManager/CaptureManagerCore/CaptureManagerCore.uplugin" 687
"../../../Engine/Plugins/VirtualProduction/Rivermax/RivermaxMedia/RivermaxMedia.uplugin" 688
"../../../Engine/Plugins/Runtime/Advertising/IOSTapJoy/IOSTapJoy.uplugin" 689
"../../../Engine/Plugins/VirtualProduction/DMX/DatasmithMVR/DatasmithMVR.uplugin" 690
"../../../Engine/Plugins/Experimental/VirtualProduction/LedWallCalibration/LedWallCalibration.uplugin" 691
"../../../Engine/Plugins/VirtualProduction/CaptureManager/CaptureManagerEditor/CaptureManagerEditor.uplugin" 692
"../../../Engine/Plugins/VirtualProduction/Rivermax/RivermaxCore/RivermaxCore.uplugin" 693
"../../../Engine/Plugins/VirtualProduction/CaptureManager/CaptureManagerApp/CaptureManagerApp.uplugin" 694
"../../../Engine/Plugins/VirtualProduction/Rivermax/RivermaxSync/RivermaxSync.uplugin" 695
"../../../Engine/Plugins/Runtime/MeshReconstruction/DummyMeshReconstructor/DummyMeshReconstructor.uplugin" 696
"../../../Engine/Plugins/Online/IOS/OnlineSubsystemIOS/OnlineSubsystemIOS.uplugin" 697
"../../../Engine/Plugins/Runtime/Nvidia/GeForceNOWWrapper/GeForceNOWWrapper.uplugin" 698
"../../../Engine/Plugins/Experimental/VirtualProduction/VPRoles/VPRoles.uplugin" 699
"../../../Engine/Plugins/Runtime/Nvidia/Reflex/Reflex.uplugin" 700
"../../../Engine/Plugins/VirtualProduction/DMX/DMXFixtures/DMXFixtures.uplugin" 701
"../../../Engine/Plugins/Developer/Concert/ConcertMain/ConcertMain.uplugin" 702
"../../../Engine/Plugins/Runtime/Analytics/AnalyticsMulticast/AnalyticsMulticast.uplugin" 703
"../../../Engine/Plugins/Experimental/VirtualProduction/VPSettings/VPSettings.uplugin" 704
"../../../Engine/Plugins/Editor/ObjectMixer/ObjectMixer/ObjectMixer.uplugin" 705
"../../../Engine/Plugins/Runtime/Analytics/FileLogging/FileLogging.uplugin" 706
"../../../Engine/Plugins/Runtime/XR/XRScribe/XRScribe.uplugin" 707
"../../../Engine/Plugins/Runtime/Analytics/Adjust/Adjust.uplugin" 708
"../../../Engine/Plugins/Experimental/Animation/ContextualAnimation/ContextualAnimation.uplugin" 709
"../../../Engine/Plugins/Editor/ObjectMixer/LightMixer/LightMixer.uplugin" 710
"../../../Engine/Plugins/Runtime/XR/XRVisualization/XRVisualization.uplugin" 711
"../../../Engine/Plugins/Experimental/Animation/MotionTrajectory/MotionTrajectory.uplugin" 712
"../../../Engine/Plugins/Runtime/PacketHandlers/AESHandlerComponent/AESHandlerComponent.uplugin" 713
"../../../Engine/Plugins/Experimental/Animation/PackedAttributes/PackedAttributes.uplugin" 714
"../../../Engine/Plugins/Runtime/PacketHandlers/AESGCMHandlerComponent/AESGCMHandlerComponent.uplugin" 715
"../../../Engine/Plugins/Experimental/Animation/RelativeIKOp/RelativeIKOp.uplugin" 716
"../../../Engine/Plugins/Experimental/Animation/CurveExpression/CurveExpression.uplugin" 717
"../../../Engine/Plugins/Experimental/Animation/RigMapperOp/RigMapperOp.uplugin" 718
"../../../Engine/Plugins/Experimental/Animation/HierarchyTable/HierarchyTable.uplugin" 719
"../../../Engine/Plugins/Runtime/Analytics/AnalyticsBlueprintLibrary/AnalyticsBlueprintLibrary.uplugin" 720
"../../../Engine/Plugins/Experimental/MetaHuman/MetaHumanRuntime/MetaHumanRuntime.uplugin" 721
"../../../Engine/Plugins/Experimental/Animation/Locomotor/Locomotor.uplugin" 722
"../../../Engine/Plugins/Experimental/MetaHuman/MetaHumanCharacterUAF/MetaHumanCharacterUAF.uplugin" 723
"../../../Engine/Plugins/Experimental/PCGInterops/PCGInstancedActorsInterop/PCGInstancedActorsInterop.uplugin" 724
"../../../Engine/Plugins/Experimental/PCGInterops/PCGNaniteAssembliesInterop/PCGNaniteAssembliesInterop.uplugin" 725
"../../../Engine/Plugins/Online/Android/AndroidFetchBackgroundDownload/AndroidFetchBackgroundDownload.uplugin" 726
"../../../Engine/Plugins/Runtime/PacketHandlers/DTLSHandlerComponent/DTLSHandlerComponent.uplugin" 727
"../../../Engine/Plugins/Experimental/Animation/SkeletalMeshMorphTargetEditingTools/SkeletalMeshMorphTargetEditingTools.uplugin" 728
"../../../Engine/Plugins/Experimental/Animation/TrajectoryTools/TrajectoryTools.uplugin" 729
"../../../Engine/Plugins/Experimental/Animation/HierarchyTableAnimation/HierarchyTableAnimation.uplugin" 730
"../../../Engine/Plugins/Experimental/MetaHuman/MetaHumanCalibrationDiagnostics/MetaHumanCalibrationDiagnostics.uplugin" 731
"../../../Engine/Plugins/Experimental/Animation/Optimus/Optimus.uplugin" 732
"../../../Engine/Plugins/Experimental/Web/WebAPI/WebAPI.uplugin" 733
"../../../Engine/Plugins/Experimental/Animation/RigMapper/RigMapper.uplugin" 734
"../../../Engine/Plugins/Experimental/PCGInterops/PCGFastGeoInterop/PCGFastGeoInterop.uplugin" 735
"../../../Engine/Plugins/Runtime/Database/ADOSupport/ADOSupport.uplugin" 736
"../../../Engine/Plugins/Experimental/PCGInterops/PCGWaterInterop/PCGWaterInterop.uplugin" 737
"../../../Engine/Plugins/Runtime/Database/RemoteDatabaseSupport/RemoteDatabaseSupport.uplugin" 738
"../../../Engine/Plugins/Experimental/PCGInterops/PCGNiagaraInterop/PCGNiagaraInterop.uplugin" 739
"../../../Engine/Plugins/Runtime/Steam/SteamShared/SteamShared.uplugin" 740
"../../../Engine/Plugins/Runtime/Steam/SteamSockets/SteamSockets.uplugin" 741
"../../../Engine/Plugins/Experimental/Enterprise/DataprepGeometryOperations/DataprepGeometryOperations.uplugin" 742
"../../../Engine/Plugins/Runtime/Windows/WinDualShock/WinDualShock.uplugin" 743
"../../../Engine/Plugins/Experimental/UAF/UAFAnimGraph/UAFAnimGraph.uplugin" 744
"../../../Engine/Plugins/Runtime/Windows/XInputDevice/XInputDevice.uplugin" 745
"../../../Engine/Plugins/Experimental/UAF/UAFPoseSearch/UAFPoseSearch.uplugin" 746
"../../../Engine/Plugins/Runtime/Windows/WinVirtualKeyboard/WinVirtualKeyboard.uplugin" 747
"../../../Engine/Plugins/Runtime/Steam/SteamController/SteamController.uplugin" 748
"../../../Engine/Plugins/Runtime/Database/SQLiteCore/SQLiteCore.uplugin" 749
"../../../Engine/Plugins/Runtime/Steam/SteamAudio/SteamAudio.uplugin" 750
"../../../Engine/Plugins/Runtime/Database/SQLiteSupport/SQLiteSupport.uplugin" 751
"../../../Engine/Plugins/Experimental/Enterprise/DatasmithRuntime/DatasmithRuntime.uplugin" 752
"../../../Engine/Plugins/Runtime/Database/DatabaseSupport/DatabaseSupport.uplugin" 753
"../../../Engine/Plugins/Experimental/Enterprise/DatasmithInterchange/DatasmithInterchange.uplugin" 754
"../../../Engine/Plugins/Experimental/Animation/MLDeformer/DetailPoseModel/DetailPoseModel.uplugin" 755
"../../../Engine/Plugins/Developer/Concert/ConcertUI/ConcertClientSharedSlate/ConcertClientSharedSlate.uplugin" 756
"../../../Engine/Plugins/Experimental/UAF/UAFTests/UAFTests.uplugin" 757
"../../../Engine/Plugins/Experimental/UAF/UAFStateTree/UAFStateTree.uplugin" 758
"../../../Engine/Plugins/Developer/Concert/ConcertApp/DisasterRecoveryClient/DisasterRecoveryClient.uplugin" 759
"../../../Engine/Plugins/Experimental/UAF/UAFMirroring/UAFMirroring.uplugin" 760
"../../../Engine/Plugins/Runtime/AR/AppleAR/AppleARKit/AppleARKit.uplugin" 761
"../../../Engine/Plugins/Developer/Concert/ConcertApp/MultiUserClient/MultiUserClient.uplugin" 762
"../../../Engine/Plugins/Developer/Concert/ConcertInsights/ConcertInsightsServer/ConcertInsightsServer.uplugin" 763
"../../../Engine/Plugins/Developer/Concert/ConcertInsights/ConcertInsightsCore/ConcertInsightsCore.uplugin" 764
"../../../Engine/Plugins/Runtime/AR/Google/GoogleARCoreServices/GoogleARCoreServices.uplugin" 765
"../../../Engine/Plugins/Developer/Concert/ConcertSync/ConcertSyncCore/ConcertSyncCore.uplugin" 766
"../../../Engine/Plugins/Experimental/UAF/UAFChooser/UAFChooser.uplugin" 767
"../../../Engine/Plugins/Developer/Concert/ConcertUI/ConcertSharedSlate/ConcertSharedSlate.uplugin" 768
"../../../Engine/Plugins/Experimental/UAF/UAFControlRig/UAFControlRig.uplugin" 769
"../../../Engine/Plugins/Developer/Concert/ConcertApp/MultiUserServer/MultiUserServer.uplugin" 770
"../../../Engine/Plugins/Runtime/AR/AppleAR/AppleARKitFaceSupport/AppleARKitFaceSupport.uplugin" 771
"../../../Engine/Plugins/Experimental/UAF/UAF/UAF.uplugin" 772
"../../../Engine/Plugins/Developer/Concert/ConcertInsights/ConcertInsightsClient/ConcertInsightsClient.uplugin" 773
"../../../Engine/Plugins/Developer/Concert/ConcertScripting/ConcertReplicationScripting/ConcertReplicationScripting.uplugin" 774
"../../../Engine/Plugins/Runtime/AR/Google/GoogleARCore/GoogleARCore.uplugin" 775
"../../../Engine/Plugins/Developer/Concert/ConcertSync/ConcertSyncClient/ConcertSyncClient.uplugin" 776
"../../../Engine/Plugins/Developer/Concert/ConcertSync/ConcertSyncServer/ConcertSyncServer.uplugin" 777
"../../../Engine/Plugins/Developer/Concert/ConcertSync/ConcertSyncTest/ConcertSyncTest.uplugin" 778
"../../../Engine/Plugins/Developer/Concert/ConcertInsights/ConcertInsightsVisualizer/ConcertInsightsVisualizer.uplugin" 779
"../../../Engine/Plugins/Experimental/UAF/UAFWarping/UAFWarping.uplugin" 780
"../../../Engine/Platforms/Android/Plugins/Animation/RigLogic/RigLogic_Android.uplugin" 781
"../../../Engine/Platforms/Android/Plugins/Animation/ACLPlugin/ACLPlugin_Android.uplugin" 782
"../../../Engine/Platforms/IOS/Plugins/Animation/RigLogic/RigLogic_IOS.uplugin" 783
"E:/Unreal_Project/BlueArchive/Plugins/UnrealClaude/UnrealClaude.uplugin" 784
"../../../Engine/Content/Internationalization/icudt64l/cnvalias.icu" 785
"../../../Engine/Content/Internationalization/icudt64l/res_index.res" 786
"../../../Engine/Content/Internationalization/icudt64l/plurals.res" 787
"../../../Engine/Content/Internationalization/icudt64l/lang/ko.res" 788
"../../../Engine/Content/Internationalization/icudt64l/lang/pool.res" 789
"../../../Engine/Content/Internationalization/icudt64l/lang/root.res" 790
"../../../Engine/Content/Internationalization/icudt64l/region/ko.res" 791
"../../../Engine/Content/Internationalization/icudt64l/region/pool.res" 792
"../../../Engine/Content/Internationalization/icudt64l/region/root.res" 793
"../../../Engine/Content/Internationalization/icudt64l/lang/en.res" 794
"../../../Engine/Content/Internationalization/icudt64l/region/en.res" 795
"../../../Engine/Content/Internationalization/icudt64l/windowsZones.res" 796
"../../../Engine/Content/Internationalization/icudt64l/zoneinfo64.res" 797
"../../../Engine/Content/Internationalization/icudt64l/keyTypeData.res" 798
"../../../Engine/Content/Internationalization/icudt64l/timezoneTypes.res" 799
"../../../Engine/Content/Internationalization/icudt64l/likelySubtags.res" 800
"../../../Engine/Content/Internationalization/icudt64l/ko_KR.res" 801
"../../../Engine/Content/Internationalization/icudt64l/pool.res" 802
"../../../Engine/Content/Internationalization/icudt64l/ko.res" 803
"../../../Engine/Content/Internationalization/icudt64l/root.res" 804
"../../../Engine/Content/Internationalization/icudt64l/supplementalData.res" 805
"../../../Engine/Config/ConfigRedirects.ini" 806
"C:/Users/moo/AppData/Local/UnrealEngine/5.7/Saved/Config/WindowsEditor/Manifest.ini" 807
"../../../Engine/Config/BaseEngine.ini" 808
"../../../Engine/Config/Windows/BaseWindowsEngine.ini" 809
"../../../../Unreal_Project/BlueArchive/Config/DefaultEngine.ini" 810
"E:/Unreal_Project/BlueArchive/Saved/Config/WindowsEditor/Engine.ini" 811
"../../../Engine/Config/BaseGame.ini" 812
"../../../../Unreal_Project/BlueArchive/Config/DefaultGame.ini" 813
"../../../Engine/Config/Windows/WindowsGame.ini" 814
"../../../Engine/Config/BaseInput.ini" 815
"../../../Engine/Config/Windows/BaseWindowsInput.ini" 816
"../../../../Unreal_Project/BlueArchive/Config/DefaultInput.ini" 817
"../../../Engine/Config/Windows/WindowsInput.ini" 818
"../../../Engine/Config/BaseDeviceProfiles.ini" 819
"../../../Engine/Config/BaseGameUserSettings.ini" 820
"E:/Unreal_Project/BlueArchive/Saved/Config/WindowsEditor/GameUserSettings.ini" 821
"../../../Engine/Config/BaseScalability.ini" 822
"../../../Engine/Config/BaseRuntimeOptions.ini" 823
"../../../Engine/Config/BaseInstallBundle.ini" 824
"../../../Engine/Config/BaseHardware.ini" 825
"../../../Engine/Config/BaseCompat.ini" 826
"../../../Engine/Config/BaseLightmass.ini" 827
"../../../Engine/Config/BaseEditor.ini" 828
"../../../../Unreal_Project/BlueArchive/Config/DefaultEditor.ini" 829
"E:/Unreal_Project/BlueArchive/Saved/Config/WindowsEditor/Editor.ini" 830
"../../../Engine/Config/BaseMaterialExpressions.ini" 831
"../../../Engine/Config/BaseEditorPerProjectUserSettings.ini" 832
"../../../Engine/Config/Windows/WindowsEditorPerProjectUserSettings.ini" 833
"E:/Unreal_Project/BlueArchive/Saved/Config/WindowsEditor/EditorPerProjectUserSettings.ini" 834
"../../../Engine/Config/BaseEditorSettings.ini" 835
"../../../Engine/Config/Windows/WindowsEditorSettings.ini" 836
"C:/Users/moo/AppData/Local/UnrealEngine/5.7/Saved/Config/WindowsEditor/EditorSettings.ini" 837
"../../../Engine/Config/BaseEditorKeyBindings.ini" 838
"C:/Users/moo/AppData/Local/UnrealEngine/5.7/Saved/Config/WindowsEditor/EditorLayout.ini" 839
"../../../../Unreal_Project/BlueArchive/Binaries/Win64/BlueArchive.target" 840
"../../../Engine/Config/IOS/BaseIOSEngine.ini" 841
"../../../Engine/Config/Android/BaseAndroidEngine.ini" 842
"../../../Engine/Config/Android/AndroidEngine.ini" 843
"../../../../Unreal_Project/BlueArchive/Binaries/Win64/BlueArchiveEditor.target" 844
"../../../Engine/Config/TVOS/TVOSEngine.ini" 845
"../../../Engine/Platforms/VisionOS/Config/BaseVisionOSEngine.ini" 846
"../../../Engine/Config/Unix/UnixEngine.ini" 847
"../../../Engine/Config/Android/BaseAndroidGame.ini" 848
"../../../Engine/Config/Linux/BaseLinuxEngine.ini" 849
"../../../Engine/Config/Mac/BaseMacEngine.ini" 850
"../../../Engine/Config/IOS/BaseIOSGame.ini" 851
"../../../Engine/Platforms/VisionOS/Config/VisionOSEngine.ini" 852
"../../../Engine/Config/Linux/LinuxEngine.ini" 853
"../../../Engine/Config/IOS/IOSGame.ini" 854
"../../../Engine/Config/Android/BaseAndroidInput.ini" 855
"../../../Engine/Config/Mac/MacGame.ini" 856
"../../../Engine/Config/IOS/BaseIOSInput.ini" 857
"../../../Engine/Config/Linux/LinuxGame.ini" 858
"../../../Engine/Config/Mac/BaseMacInput.ini" 859
"../../../Engine/Config/Android/AndroidScalability.ini" 860
"../../../Engine/Config/IOS/IOSScalability.ini" 861
"../../../Engine/Config/Android/BaseAndroidInstallBundle.ini" 862
"../../../Engine/Config/IOS/BaseIOSInstallBundle.ini" 863
"../../../Engine/Config/PluginBase.ini" 864
"../../../Engine/Plugins/ChaosVD/Config/DefaultChaosVD.ini" 865
"../../../Engine/Plugins/EnhancedInput/Config/BaseEnhancedInput.ini" 866
"../../../Engine/Plugins/Fab/Config/BaseFab.ini" 867
"../../../Engine/Plugins/TraceUtilities/Config/BaseTraceUtilities.ini" 868
"../../../Engine/Plugins/Animation/ControlRig/Config/BaseControlRig.ini" 869
"../../../Engine/Plugins/Animation/DeformerGraph/Config/BaseDeformerGraph.ini" 870
"../../../Engine/Plugins/Animation/IKRig/Config/BaseIKRig.ini" 871
"../../../Engine/Plugins/Cameras/GameplayCameras/Config/BaseGameplayCameras.ini" 872
"../../../Engine/Plugins/Compositing/CompositeCore/Config/BaseCompositeCore.ini" 873
"../../../Engine/Plugins/Enterprise/DatasmithContent/Config/BaseDatasmithContent.ini" 874
"../../../Engine/Plugins/Enterprise/GLTFExporter/Config/BaseGLTFExporter.ini" 875
"../../../Engine/Plugins/Enterprise/GLTFExporter/Config/DefaultGLTFExporter.ini" 876
"../../../Engine/Plugins/Enterprise/VariantManagerContent/Config/BaseVariantManagerContent.ini" 877
"../../../Engine/Plugins/Interchange/Assets/Config/BaseInterchangeAssets.ini" 878
"../../../Engine/Plugins/Interchange/Runtime/Config/BaseInterchange.ini" 879
"../../../Engine/Plugins/Experimental/FullBodyIK/Config/BaseFullBodyIK.ini" 880
"../../../Engine/Plugins/Experimental/ToolPresets/Config/BaseToolPresets.ini" 881
"../../../Engine/Plugins/VirtualProduction/Takes/Config/BaseTakes.ini" 882
"../../../Engine/Plugins/FX/Niagara/Config/BaseNiagara.ini" 883
"E:/Unreal_Project/BlueArchive/Saved/Config/WindowsEditor/Niagara.ini" 884
"../../../Engine/Plugins/MetaHuman/MetaHumanSDK/Config/BaseMetaHumanSDK.ini" 885
"../../../Engine/Plugins/2D/Paper2D/Config/BasePaper2D.ini" 886
"../../../Engine/Plugins/Editor/EditorScriptingUtilities/Config/BaseEditorScriptingUtilities.ini" 887
"../../../Engine/Plugins/Runtime/HairStrands/Config/BaseHairStrands.ini" 888
"../../../Engine/Plugins/Runtime/Metasound/Config/BaseMetasound.ini" 889
"../../../Engine/Plugins/Runtime/Metasound/Config/DefaultMetasound.ini" 890
"../../../Engine/Plugins/Runtime/ModelViewViewModel/Config/BaseModelViewViewModel.ini" 891
"../../../Engine/Plugins/Runtime/PropertyBindingUtils/Config/BasePropertyBindingUtils.ini" 892
"../../../Engine/Plugins/Runtime/RigVM/Config/BaseRigVM.ini" 893
"../../../Engine/Plugins/Runtime/StateTree/Config/BaseStateTree.ini" 894
"../../../Engine/Plugins/Runtime/Synthesis/Config/BaseSynthesis.ini" 895
"../../../Engine/Plugins/ChaosVD/Config/Engine.ini" 896
"../../../Engine/Plugins/EnhancedInput/Config/Input.ini" 897
"../../../Engine/Plugins/Runtime/InputDebugging/Config/Input.ini" 898
"../../../Engine/Plugins/Runtime/Windows/XInputDevice/Config/Input.ini" 899
"../../../Engine/Plugins/Online/OnlineSubsystemUtils/Config/Editor.ini" 900
"../../../Engine/Plugins/Runtime/RigVM/Config/Editor.ini" 901
"../../../Engine/Plugins/NNE/NNEDenoiser/Config/Game.ini" 902
"../../../Engine/Plugins/Editor/ModelingToolsEditorMode/Binaries/Win64/UnrealEditor.modules" 903
"../../../Engine/Plugins/Runtime/MeshModelingToolset/Binaries/Win64/UnrealEditor.modules" 904
"../../../Engine/Plugins/Experimental/MeshModelingToolsetExp/Binaries/Win64/UnrealEditor.modules" 905
"../../../Engine/Plugins/Editor/MeshLODToolset/Binaries/Win64/UnrealEditor.modules" 906
"../../../Engine/Plugins/Experimental/ToolPresets/Binaries/Win64/UnrealEditor.modules" 907
"../../../Engine/Plugins/Editor/StylusInput/Binaries/Win64/UnrealEditor.modules" 908
"../../../Engine/Plugins/Runtime/GeometryProcessing/Binaries/Win64/UnrealEditor.modules" 909
"../../../Engine/Plugins/Editor/ProxyLODPlugin/Binaries/Win64/UnrealEditor.modules" 910
"../../../Engine/Plugins/Experimental/PlanarCutPlugin/Binaries/Win64/UnrealEditor.modules" 911
"../../../Engine/Plugins/Runtime/GeometryCache/Binaries/Win64/UnrealEditor.modules" 912
"../../../Engine/Plugins/Experimental/GeometryFlow/Binaries/Win64/UnrealEditor.modules" 913
"../../../Engine/Plugins/Editor/EditorScriptingUtilities/Binaries/Win64/UnrealEditor.modules" 914
"../../../Engine/Plugins/FX/Niagara/Binaries/Win64/UnrealEditor.modules" 915
"../../../Engine/Plugins/Experimental/PythonScriptPlugin/Binaries/Win64/UnrealEditor.modules" 916
"../../../Engine/Plugins/Editor/ContentBrowser/ContentBrowserFileDataSource/Binaries/Win64/UnrealEditor.modules" 917
"../../../Engine/Plugins/Runtime/ModelViewViewModel/Binaries/Win64/UnrealEditor.modules" 918
"../../../Engine/Plugins/EnhancedInput/Binaries/Win64/UnrealEditor.modules" 919
"../../../Engine/Plugins/Editor/DataValidation/Binaries/Win64/UnrealEditor.modules" 920
"../../../Engine/Plugins/AudioInsights/Binaries/Win64/UnrealEditor.modules" 921
"../../../Engine/Plugins/Runtime/AudioWidgets/Binaries/Win64/UnrealEditor.modules" 922
"../../../Engine/Plugins/Runtime/AudioSynesthesia/Binaries/Win64/UnrealEditor.modules" 923
"../../../Engine/Plugins/ChaosCloth/Binaries/Win64/UnrealEditor.modules" 924
"../../../Engine/Plugins/Experimental/ChaosCaching/Binaries/Win64/UnrealEditor.modules" 925
"../../../Engine/Plugins/VirtualProduction/Takes/Binaries/Win64/UnrealEditor.modules" 926
"../../../Engine/Plugins/Runtime/AudioCapture/Binaries/Win64/UnrealEditor.modules" 927
"../../../Engine/Plugins/MovieScene/LevelSequenceEditor/Binaries/Win64/UnrealEditor.modules" 928
"../../../Engine/Plugins/Developer/NamingTokens/Binaries/Win64/UnrealEditor.modules" 929
"../../../Engine/Plugins/MovieScene/SequencerScripting/Binaries/Win64/UnrealEditor.modules" 930
"../../../Engine/Plugins/Editor/EngineAssetDefinitions/Binaries/Win64/UnrealEditor.modules" 931
"../../../Engine/Plugins/ChaosInsights/Binaries/Win64/UnrealEditor.modules" 932
"../../../Engine/Plugins/Bridge/Binaries/Win64/UnrealEditor.modules" 933
"../../../Engine/Plugins/MetaHuman/MetaHumanSDK/Binaries/Win64/UnrealEditor.modules" 934
"../../../Engine/Plugins/Animation/ControlRig/Binaries/Win64/UnrealEditor.modules" 935
"../../../Engine/Plugins/Runtime/HairStrands/Binaries/Win64/UnrealEditor.modules" 936
"../../../Engine/Plugins/Animation/RigLogic/Binaries/Win64/UnrealEditor.modules" 937
"../../../Engine/Plugins/Interchange/Runtime/Binaries/Win64/UnrealEditor.modules" 938
"../../../Engine/Plugins/Online/EOSShared/Binaries/Win64/UnrealEditor.modules" 939
"../../../Engine/Plugins/Runtime/RigVM/Binaries/Win64/UnrealEditor.modules" 940
"../../../Engine/Plugins/Runtime/PropertyAccess/Binaries/Win64/UnrealEditor.modules" 941
"../../../Engine/Plugins/Animation/TweeningUtils/Binaries/Win64/UnrealEditor.modules" 942
"../../../Engine/Plugins/Animation/DeformerGraph/Binaries/Win64/UnrealEditor.modules" 943
"../../../Engine/Plugins/Experimental/Dataflow/Binaries/Win64/UnrealEditor.modules" 944
"../../../Engine/Plugins/Runtime/ComputeFramework/Binaries/Win64/UnrealEditor.modules" 945
"../../../Engine/Plugins/Enterprise/VariantManagerContent/Binaries/Win64/UnrealEditor.modules" 946
"../../../Engine/Plugins/Enterprise/VariantManager/Binaries/Win64/UnrealEditor.modules" 947
"../../../Engine/Plugins/Interchange/Assets/Binaries/Win64/UnrealEditor.modules" 948
"../../../Engine/Plugins/Experimental/CharacterFXEditor/BaseCharacterFXEditor/Binaries/Win64/UnrealEditor.modules" 949
"../../../Engine/Plugins/Runtime/ProceduralMeshComponent/Binaries/Win64/UnrealEditor.modules" 950
"../../../Engine/Plugins/Experimental/EditorDataStorage/Binaries/Win64/UnrealEditor.modules" 951
"../../../Engine/Plugins/Experimental/EditorDataStorageFeatures/Binaries/Win64/UnrealEditor.modules" 952
"../../../Engine/Plugins/Animation/SkeletalMeshModelingTools/Binaries/Win64/UnrealEditor.modules" 953
"../../../Engine/Plugins/ChaosVD/Binaries/Win64/UnrealEditor.modules" 954
"../../../Engine/Plugins/CmdLinkServer/Binaries/Win64/UnrealEditor.modules" 955
"../../../Engine/Plugins/Fab/Binaries/Win64/UnrealEditor.modules" 956
"../../../Engine/Plugins/IoStoreInsights/Binaries/Win64/UnrealEditor.modules" 957
"../../../Engine/Plugins/MassInsights/Binaries/Win64/UnrealEditor.modules" 958
"../../../Engine/Plugins/MeshPainting/Binaries/Win64/UnrealEditor.modules" 959
"../../../Engine/Plugins/Interchange/Editor/Binaries/Win64/UnrealEditor.modules" 960
"../../../Engine/Plugins/RenderGraphInsights/Binaries/Win64/UnrealEditor.modules" 961
"../../../Engine/Plugins/TraceUtilities/Binaries/Win64/UnrealEditor.modules" 962
"../../../Engine/Plugins/UbaController/Binaries/Win64/UnrealEditor.modules" 963
"../../../Engine/Plugins/WorldMetrics/Binaries/Win64/UnrealEditor.modules" 964
"../../../Engine/Plugins/XGEController/Binaries/Win64/UnrealEditor.modules" 965
"../../../Engine/Plugins/Animation/AnimationData/Binaries/Win64/UnrealEditor.modules" 966
"../../../Engine/Plugins/Animation/ACLPlugin/Binaries/Win64/UnrealEditor.modules" 967
"../../../Engine/Plugins/Animation/AnimationModifierLibrary/Binaries/Win64/UnrealEditor.modules" 968
"../../../Engine/Plugins/Animation/BlendSpaceMotionAnalysis/Binaries/Win64/UnrealEditor.modules" 969
"../../../Engine/Plugins/Animation/ControlRigSpline/Binaries/Win64/UnrealEditor.modules" 970
"../../../Engine/Plugins/Animation/EaseCurveTool/Binaries/Win64/UnrealEditor.modules" 971
"../../../Engine/Plugins/Animation/IKRig/Binaries/Win64/UnrealEditor.modules" 972
"../../../Engine/Plugins/Experimental/FullBodyIK/Binaries/Win64/UnrealEditor.modules" 973
"../../../Engine/Plugins/Cameras/CameraShakePreviewer/Binaries/Win64/UnrealEditor.modules" 974
"../../../Engine/Plugins/Cameras/GameplayCameras/Binaries/Win64/UnrealEditor.modules" 975
"../../../Engine/Plugins/Runtime/StateTree/Binaries/Win64/UnrealEditor.modules" 976
"../../../Engine/Plugins/MovieScene/TemplateSequence/Binaries/Win64/UnrealEditor.modules" 977
"../../../Engine/Plugins/Animation/GameplayInsights/Binaries/Win64/UnrealEditor.modules" 978
"../../../Engine/Plugins/Runtime/PropertyBindingUtils/Binaries/Win64/UnrealEditor.modules" 979
"../../../Engine/Plugins/Cameras/EngineCameras/Binaries/Win64/UnrealEditor.modules" 980
"../../../Engine/Plugins/Enterprise/DatasmithContent/Binaries/Win64/UnrealEditor.modules" 981
"../../../Engine/Plugins/Enterprise/GLTFExporter/Binaries/Win64/UnrealEditor.modules" 982
"../../../Engine/Plugins/Online/OnlineBase/Binaries/Win64/UnrealEditor.modules" 983
"../../../Engine/Plugins/Online/OnlineSubsystem/Binaries/Win64/UnrealEditor.modules" 984
"../../../Engine/Plugins/Online/OnlineSubsystemNull/Binaries/Win64/UnrealEditor.modules" 985
"../../../Engine/Plugins/Online/OnlineSubsystemUtils/Binaries/Win64/UnrealEditor.modules" 986
"../../../Engine/Plugins/Online/OnlineServices/Binaries/Win64/UnrealEditor.modules" 987
"../../../Engine/Plugins/MovieScene/ActorSequence/Binaries/Win64/UnrealEditor.modules" 988
"../../../Engine/Plugins/Compression/OodleNetwork/Binaries/Win64/UnrealEditor.modules" 989
"../../../Engine/Plugins/MovieScene/SequenceValidator/Binaries/Win64/UnrealEditor.modules" 990
"../../../Engine/Plugins/Tests/InterchangeTests/Binaries/Win64/UnrealEditor.modules" 991
"../../../Engine/Plugins/Importers/AlembicImporter/Binaries/Win64/UnrealEditor.modules" 992
"../../../Engine/Plugins/Media/AndroidMedia/Binaries/Win64/UnrealEditor.modules" 993
"../../../Engine/Plugins/Media/AvfMedia/Binaries/Win64/UnrealEditor.modules" 994
"../../../Engine/Plugins/Media/ImgMedia/Binaries/Win64/UnrealEditor.modules" 995
"../../../Engine/Plugins/Media/MediaPlayerEditor/Binaries/Win64/UnrealEditor.modules" 996
"../../../Engine/Plugins/Media/MediaCompositing/Binaries/Win64/UnrealEditor.modules" 997
"../../../Engine/Plugins/Media/MediaPlate/Binaries/Win64/UnrealEditor.modules" 998
"../../../Engine/Plugins/Compositing/CompositeCore/Binaries/Win64/UnrealEditor.modules" 999
"../../../Engine/Plugins/Media/WmfMedia/Binaries/Win64/UnrealEditor.modules" 1000
"../../../Engine/Plugins/Portal/LauncherChunkInstaller/Binaries/Win64/UnrealEditor.modules" 1001
"../../../Engine/Plugins/Developer/AnimationSharing/Binaries/Win64/UnrealEditor.modules" 1002
"../../../Engine/Plugins/Runtime/SignificanceManager/Binaries/Win64/UnrealEditor.modules" 1003
"../../../Engine/Plugins/Developer/CLionSourceCodeAccess/Binaries/Win64/UnrealEditor.modules" 1004
"../../../Engine/Plugins/Developer/DumpGPUServices/Binaries/Win64/UnrealEditor.modules" 1005
"../../../Engine/Plugins/Developer/GitSourceControl/Binaries/Win64/UnrealEditor.modules" 1006
"../../../Engine/Plugins/Developer/GPUReshape/Binaries/Win64/UnrealEditor.modules" 1007
"../../../Engine/Plugins/Developer/N10XSourceCodeAccess/Binaries/Win64/UnrealEditor.modules" 1008
"../../../Engine/Plugins/Developer/PerforceSourceControl/Binaries/Win64/UnrealEditor.modules" 1009
"../../../Engine/Plugins/Developer/PixWinPlugin/Binaries/Win64/UnrealEditor.modules" 1010
"../../../Engine/Plugins/Developer/PlasticSourceControl/Binaries/Win64/UnrealEditor.modules" 1011
"../../../Engine/Plugins/Developer/PluginUtils/Binaries/Win64/UnrealEditor.modules" 1012
"../../../Engine/Plugins/Developer/ProjectLauncher/Binaries/Win64/UnrealEditor.modules" 1013
"../../../Engine/Plugins/Developer/PropertyAccessNode/Binaries/Win64/UnrealEditor.modules" 1014
"../../../Engine/Plugins/Developer/RenderDocPlugin/Binaries/Win64/UnrealEditor.modules" 1015
"../../../Engine/Plugins/Developer/RiderSourceCodeAccess/Binaries/Win64/UnrealEditor.modules" 1016
"../../../Engine/Plugins/Developer/SubversionSourceControl/Binaries/Win64/UnrealEditor.modules" 1017
"../../../Engine/Plugins/Developer/TextureFormatOodle/Binaries/Win64/UnrealEditor.modules" 1018
"../../../Engine/Plugins/Developer/UObjectPlugin/Binaries/Win64/UnrealEditor.modules" 1019
"../../../Engine/Plugins/Developer/VisualStudioCodeSourceCodeAccess/Binaries/Win64/UnrealEditor.modules" 1020
"../../../Engine/Plugins/Developer/VisualStudioSourceCodeAccess/Binaries/Win64/UnrealEditor.modules" 1021
"../../../Engine/Plugins/Experimental/AdvancedRenamer/Binaries/Win64/UnrealEditor.modules" 1022
"../../../Engine/Plugins/Experimental/AutomationUtils/Binaries/Win64/UnrealEditor.modules" 1023
"../../../Engine/Plugins/Experimental/BackChannel/Binaries/Win64/UnrealEditor.modules" 1024
"../../../Engine/Plugins/Experimental/ChaosEditor/Binaries/Win64/UnrealEditor.modules" 1025
"../../../Engine/Plugins/Experimental/GeometryCollectionPlugin/Binaries/Win64/UnrealEditor.modules" 1026
"../../../Engine/Plugins/Experimental/Fracture/Binaries/Win64/UnrealEditor.modules" 1027
"../../../Engine/Plugins/Experimental/ChaosSolverPlugin/Binaries/Win64/UnrealEditor.modules" 1028
"../../../Engine/Plugins/Experimental/GeometryDataflow/Binaries/Win64/UnrealEditor.modules" 1029
"../../../Engine/Plugins/Experimental/ChaosNiagara/Binaries/Win64/UnrealEditor.modules" 1030
"../../../Engine/Plugins/Experimental/CharacterAI/Binaries/Win64/UnrealEditor.modules" 1031
"../../../Engine/Plugins/Experimental/ChaosUserDataPT/Binaries/Win64/UnrealEditor.modules" 1032
"../../../Engine/Plugins/Experimental/EditorTelemetry/Binaries/Win64/UnrealEditor.modules" 1033
"../../../Engine/Plugins/Experimental/EditorPerformance/Binaries/Win64/UnrealEditor.modules" 1034
"../../../Engine/Plugins/Experimental/GlobalConfigurationData/Binaries/Win64/UnrealEditor.modules" 1035
"../../../Engine/Plugins/Experimental/LevelSequenceNavigatorBridge/Binaries/Win64/UnrealEditor.modules" 1036
"../../../Engine/Plugins/Experimental/SequenceNavigator/Binaries/Win64/UnrealEditor.modules" 1037
"../../../Engine/Plugins/Experimental/LocalizableMessage/Binaries/Win64/UnrealEditor.modules" 1038
"../../../Engine/Plugins/Experimental/NFORDenoise/Binaries/Win64/UnrealEditor.modules" 1039
"../../../Engine/Plugins/Experimental/PlatformCrypto/Binaries/Win64/UnrealEditor.modules" 1040
"../../../Engine/Plugins/Experimental/RuntimeTelemetry/Binaries/Win64/UnrealEditor.modules" 1041
"../../../Engine/Plugins/Experimental/SkeletalReduction/Binaries/Win64/UnrealEditor.modules" 1042
"../../../Engine/Plugins/FX/Cascade/Binaries/Win64/UnrealEditor.modules" 1043
"../../../Engine/Plugins/FX/NiagaraPreviewContent/Binaries/Win64/UnrealEditor.modules" 1044
"../../../Engine/Plugins/FX/NiagaraSimCaching/Binaries/Win64/UnrealEditor.modules" 1045
"../../../Engine/Plugins/Messaging/UdpMessaging/Binaries/Win64/UnrealEditor.modules" 1046
"../../../Engine/Plugins/Messaging/TcpMessaging/Binaries/Win64/UnrealEditor.modules" 1047
"../../../Engine/Plugins/2D/Paper2D/Binaries/Win64/UnrealEditor.modules" 1048
"../../../Engine/Plugins/AI/EnvironmentQueryEditor/Binaries/Win64/UnrealEditor.modules" 1049
"../../../Engine/Plugins/AI/AISupport/Binaries/Win64/UnrealEditor.modules" 1050
"../../../Engine/Plugins/Editor/BlueprintHeaderView/Binaries/Win64/UnrealEditor.modules" 1051
"../../../Engine/Plugins/Editor/AssetManagerEditor/Binaries/Win64/UnrealEditor.modules" 1052
"../../../Engine/Plugins/Editor/ContentBrowser/ContentBrowserAssetDataSource/Binaries/Win64/UnrealEditor.modules" 1053
"../../../Engine/Plugins/Editor/ColorGrading/Binaries/Win64/UnrealEditor.modules" 1054
"../../../Engine/Plugins/Editor/ObjectMixer/ObjectMixer/Binaries/Win64/UnrealEditor.modules" 1055
"../../../Engine/Plugins/Editor/CurveEditorTools/Binaries/Win64/UnrealEditor.modules" 1056
"../../../Engine/Plugins/Editor/CryptoKeys/Binaries/Win64/UnrealEditor.modules" 1057
"../../../Engine/Plugins/Editor/ChangelistReview/Binaries/Win64/UnrealEditor.modules" 1058
"../../../Engine/Plugins/Editor/EditorDebugTools/Binaries/Win64/UnrealEditor.modules" 1059
"../../../Engine/Plugins/Editor/FacialAnimation/Binaries/Win64/UnrealEditor.modules" 1060
"../../../Engine/Plugins/Editor/GameplayTagsEditor/Binaries/Win64/UnrealEditor.modules" 1061
"../../../Engine/Plugins/Editor/GeometryMode/Binaries/Win64/UnrealEditor.modules" 1062
"../../../Engine/Plugins/Editor/MaterialAnalyzer/Binaries/Win64/UnrealEditor.modules" 1063
"../../../Engine/Plugins/Editor/MobileLauncherProfileWizard/Binaries/Win64/UnrealEditor.modules" 1064
"../../../Engine/Plugins/Editor/PluginBrowser/Binaries/Win64/UnrealEditor.modules" 1065
"../../../Engine/Plugins/Editor/SequencerAnimTools/Binaries/Win64/UnrealEditor.modules" 1066
"../../../Engine/Plugins/Editor/SpeedTreeImporter/Binaries/Win64/UnrealEditor.modules" 1067
"../../../Engine/Plugins/Editor/UMGWidgetPreview/Binaries/Win64/UnrealEditor.modules" 1068
"../../../Engine/Plugins/Editor/UVEditor/Binaries/Win64/UnrealEditor.modules" 1069
"../../../Engine/Plugins/NNE/NNEDenoiser/Binaries/Win64/UnrealEditor.modules" 1070
"../../../Engine/Plugins/NNE/NNERuntimeORT/Binaries/Win64/UnrealEditor.modules" 1071
"../../../Engine/Plugins/Editor/WorldPartitionHLODUtilities/Binaries/Win64/UnrealEditor.modules" 1072
"../../../Engine/Plugins/Runtime/ActorLayerUtilities/Binaries/Win64/UnrealEditor.modules" 1073
"../../../Engine/Plugins/Runtime/AndroidDeviceProfileSelector/Binaries/Win64/UnrealEditor.modules" 1074
"../../../Engine/Plugins/Runtime/AndroidFileServer/Binaries/Win64/UnrealEditor.modules" 1075
"../../../Engine/Plugins/Runtime/AndroidPermission/Binaries/Win64/UnrealEditor.modules" 1076
"../../../Engine/Plugins/Runtime/AppleImageUtils/Binaries/Win64/UnrealEditor.modules" 1077
"../../../Engine/Plugins/Runtime/ArchVisCharacter/Binaries/Win64/UnrealEditor.modules" 1078
"../../../Engine/Plugins/Runtime/AssetTags/Binaries/Win64/UnrealEditor.modules" 1079
"../../../Engine/Plugins/Runtime/CableComponent/Binaries/Win64/UnrealEditor.modules" 1080
"../../../Engine/Plugins/Runtime/ChunkDownloader/Binaries/Win64/UnrealEditor.modules" 1081
"../../../Engine/Plugins/Runtime/CustomMeshComponent/Binaries/Win64/UnrealEditor.modules" 1082
"../../../Engine/Plugins/Runtime/ExampleDeviceProfileSelector/Binaries/Win64/UnrealEditor.modules" 1083
"../../../Engine/Plugins/Runtime/GooglePAD/Binaries/Win64/UnrealEditor.modules" 1084
"../../../Engine/Plugins/Runtime/InputDebugging/Binaries/Win64/UnrealEditor.modules" 1085
"../../../Engine/Plugins/Runtime/LocationServicesBPLibrary/Binaries/Win64/UnrealEditor.modules" 1086
"../../../Engine/Plugins/Runtime/Metasound/Binaries/Win64/UnrealEditor.modules" 1087
"../../../Engine/Plugins/Runtime/WaveTable/Binaries/Win64/UnrealEditor.modules" 1088
"../../../Engine/Plugins/Runtime/MobilePatchingUtils/Binaries/Win64/UnrealEditor.modules" 1089
"../../../Engine/Plugins/Runtime/MsQuic/Binaries/Win64/UnrealEditor.modules" 1090
"../../../Engine/Plugins/Runtime/ResonanceAudio/Binaries/Win64/UnrealEditor.modules" 1091
"../../../Engine/Plugins/Runtime/SoundFields/Binaries/Win64/UnrealEditor.modules" 1092
"../../../Engine/Plugins/Runtime/Synthesis/Binaries/Win64/UnrealEditor.modules" 1093
"../../../Engine/Plugins/Runtime/WebMMoviePlayer/Binaries/Win64/UnrealEditor.modules" 1094
"../../../Engine/Plugins/Media/WebMMedia/Binaries/Win64/UnrealEditor.modules" 1095
"../../../Engine/Plugins/Runtime/WindowsMoviePlayer/Binaries/Win64/UnrealEditor.modules" 1096
"../../../Engine/Plugins/Runtime/WindowsDeviceProfileSelector/Binaries/Win64/UnrealEditor.modules" 1097
"../../../Engine/Plugins/Editor/Localization/PortableObjectFileDataSource/Binaries/Win64/UnrealEditor.modules" 1098
"../../../Engine/Plugins/Editor/ContentBrowser/ContentBrowserClassDataSource/Binaries/Win64/UnrealEditor.modules" 1099
"../../../Engine/Plugins/Editor/ObjectMixer/LightMixer/Binaries/Win64/UnrealEditor.modules" 1100
"../../../Engine/Plugins/Runtime/Windows/XInputDevice/Binaries/Win64/UnrealEditor.modules" 1101
"E:/Unreal_Project/BlueArchive/Plugins/UnrealClaude/Binaries/Win64/UnrealEditor.modules" 1102
"../../../Engine/Config/BaseSourceControlSettings.ini" 1103
"../../../Engine/Content/Internationalization/icudt64l/coll/ucadata.icu" 1104
"../../../Engine/Content/Internationalization/icudt64l/coll/ko.res" 1105
"../../../Engine/Content/Internationalization/icudt64l/coll/root.res" 1106
"../../../Engine/Content/Certificates/ThirdParty/cacert.pem" 1107
"../../../Engine/Config/ConsoleVariables.ini" 1108
"../../../Engine/Binaries/Win64/Android/UnrealEditor.modules" 1109
"../../../Engine/Binaries/Win64/IOS/UnrealEditor.modules" 1110
"../../../Engine/Binaries/Win64/Linux/UnrealEditor.modules" 1111
"../../../Engine/Content/Localization/Editor/en/Editor.locres" 1112
"../../../Engine/Content/Localization/Keywords/en/Keywords.locres" 1113
"../../../Engine/Content/Localization/Category/en/Category.locres" 1114
"../../../Engine/Content/Localization/ToolTips/en/ToolTips.locres" 1115
"../../../Engine/Content/Localization/PropertyNames/en/PropertyNames.locres" 1116
"../../../Engine/Content/Localization/Engine/en/Engine.locres" 1117
"../../../Engine/Plugins/Online/OnlineSubsystem/Content/Localization/OnlineSubsystem/en/OnlineSubsystem.locres" 1118
"../../../Engine/Plugins/Online/OnlineSubsystemUtils/Content/Localization/OnlineSubsystemUtils/en/OnlineSubsystemUtils.locres" 1119
"../../../Engine/Plugins/MetaHuman/MetaHumanSDK/Content/Localization/MetaHumanSDK/en/MetaHumanSDK.locres" 1120
"../../../Engine/Plugins/MetaHuman/MetaHumanSDK/Content/Localization/MetaHumanSDK_Properties/en/MetaHumanSDK_Properties.locres" 1121
"../../../Engine/Plugins/MetaHuman/MetaHumanSDK/Content/Localization/MetaHumanSDK_Tooltips/en/MetaHumanSDK_Tooltips.locres" 1122
"../../../Engine/Plugins/Online/Android/OnlineSubsystemGooglePlay/Content/Localization/OnlineSubsystemGooglePlay/en/OnlineSubsystemGooglePlay.locres" 1123
"../../../Engine/Plugins/Online/IOS/OnlineSubsystemIOS/Content/Localization/OnlineSubsystemIOS/en/OnlineSubsystemIOS.locres" 1124
"../../../Engine/Content/Internationalization/icudt64l/numberingSystems.res" 1125
"../../../Engine/Content/Internationalization/icudt64l/curr/supplementalData.res" 1126
"../../../Engine/Content/Internationalization/icudt64l/curr/ko.res" 1127
"../../../Engine/Content/Internationalization/icudt64l/curr/pool.res" 1128
"../../../Engine/Content/Internationalization/icudt64l/curr/root.res" 1129
"../../../Engine/Content/Internationalization/icudt64l/lang/af.res" 1130
"../../../Engine/Content/Internationalization/icudt64l/region/af.res" 1131
"../../../Engine/Content/Internationalization/icudt64l/lang/agq.res" 1132
"../../../Engine/Content/Internationalization/icudt64l/region/agq.res" 1133
"../../../Engine/Content/Internationalization/icudt64l/lang/ak.res" 1134
"../../../Engine/Content/Internationalization/icudt64l/region/ak.res" 1135
"../../../Engine/Content/Internationalization/icudt64l/lang/am.res" 1136
"../../../Engine/Content/Internationalization/icudt64l/region/am.res" 1137
"../../../Engine/Content/Internationalization/icudt64l/lang/ar.res" 1138
"../../../Engine/Content/Internationalization/icudt64l/region/ar.res" 1139
"../../../Engine/Content/Internationalization/icudt64l/region/ar_AE.res" 1140
"../../../Engine/Content/Internationalization/icudt64l/lang/ar_EG.res" 1141
"../../../Engine/Content/Internationalization/icudt64l/lang/ar_LY.res" 1142
"../../../Engine/Content/Internationalization/icudt64l/region/ar_LY.res" 1143
"../../../Engine/Content/Internationalization/icudt64l/lang/ar_SA.res" 1144
"../../../Engine/Content/Internationalization/icudt64l/region/ar_SA.res" 1145
"../../../Engine/Content/Internationalization/icudt64l/lang/as.res" 1146
"../../../Engine/Content/Internationalization/icudt64l/region/as.res" 1147
"../../../Engine/Content/Internationalization/icudt64l/lang/asa.res" 1148
"../../../Engine/Content/Internationalization/icudt64l/region/asa.res" 1149
"../../../Engine/Content/Internationalization/icudt64l/lang/ast.res" 1150
"../../../Engine/Content/Internationalization/icudt64l/region/ast.res" 1151
"../../../Engine/Content/Internationalization/icudt64l/lang/az.res" 1152
"../../../Engine/Content/Internationalization/icudt64l/lang/az_Cyrl.res" 1153
"../../../Engine/Content/Internationalization/icudt64l/lang/az_AZ.res" 1154
"../../../Engine/Content/Internationalization/icudt64l/lang/az_Latn_AZ.res" 1155
"../../../Engine/Content/Internationalization/icudt64l/lang/az_Latn.res" 1156
"../../../Engine/Content/Internationalization/icudt64l/region/az_AZ.res" 1157
"../../../Engine/Content/Internationalization/icudt64l/region/az_Latn_AZ.res" 1158
"../../../Engine/Content/Internationalization/icudt64l/region/az_Latn.res" 1159
"../../../Engine/Content/Internationalization/icudt64l/region/az.res" 1160
"../../../Engine/Content/Internationalization/icudt64l/region/az_Cyrl.res" 1161
"../../../Engine/Content/Internationalization/icudt64l/lang/bas.res" 1162
"../../../Engine/Content/Internationalization/icudt64l/region/bas.res" 1163
"../../../Engine/Content/Internationalization/icudt64l/lang/be.res" 1164
"../../../Engine/Content/Internationalization/icudt64l/region/be.res" 1165
"../../../Engine/Content/Internationalization/icudt64l/lang/bem.res" 1166
"../../../Engine/Content/Internationalization/icudt64l/region/bem.res" 1167
"../../../Engine/Content/Internationalization/icudt64l/lang/bez.res" 1168
"../../../Engine/Content/Internationalization/icudt64l/region/bez.res" 1169
"../../../Engine/Content/Internationalization/icudt64l/lang/bg.res" 1170
"../../../Engine/Content/Internationalization/icudt64l/region/bg.res" 1171
"../../../Engine/Content/Internationalization/icudt64l/lang/bm.res" 1172
"../../../Engine/Content/Internationalization/icudt64l/region/bm.res" 1173
"../../../Engine/Content/Internationalization/icudt64l/lang/bn.res" 1174
"../../../Engine/Content/Internationalization/icudt64l/region/bn.res" 1175
"../../../Engine/Content/Internationalization/icudt64l/lang/bn_IN.res" 1176
"../../../Engine/Content/Internationalization/icudt64l/region/bn_IN.res" 1177
"../../../Engine/Content/Internationalization/icudt64l/lang/bo.res" 1178
"../../../Engine/Content/Internationalization/icudt64l/region/bo.res" 1179
"../../../Engine/Content/Internationalization/icudt64l/region/bo_IN.res" 1180
"../../../Engine/Content/Internationalization/icudt64l/lang/br.res" 1181
"../../../Engine/Content/Internationalization/icudt64l/region/br.res" 1182
"../../../Engine/Content/Internationalization/icudt64l/lang/brx.res" 1183
"../../../Engine/Content/Internationalization/icudt64l/region/brx.res" 1184
"../../../Engine/Content/Internationalization/icudt64l/lang/bs.res" 1185
"../../../Engine/Content/Internationalization/icudt64l/lang/bs_Cyrl.res" 1186
"../../../Engine/Content/Internationalization/icudt64l/lang/bs_BA.res" 1187
"../../../Engine/Content/Internationalization/icudt64l/lang/bs_Latn_BA.res" 1188
"../../../Engine/Content/Internationalization/icudt64l/lang/bs_Latn.res" 1189
"../../../Engine/Content/Internationalization/icudt64l/region/bs_BA.res" 1190
"../../../Engine/Content/Internationalization/icudt64l/region/bs_Latn_BA.res" 1191
"../../../Engine/Content/Internationalization/icudt64l/region/bs_Latn.res" 1192
"../../../Engine/Content/Internationalization/icudt64l/region/bs.res" 1193
"../../../Engine/Content/Internationalization/icudt64l/region/bs_Cyrl.res" 1194
"../../../Engine/Content/Internationalization/icudt64l/lang/ca.res" 1195
"../../../Engine/Content/Internationalization/icudt64l/region/ca.res" 1196
"../../../Engine/Content/Internationalization/icudt64l/lang/ccp.res" 1197
"../../../Engine/Content/Internationalization/icudt64l/region/ccp.res" 1198
"../../../Engine/Content/Internationalization/icudt64l/lang/ce.res" 1199
"../../../Engine/Content/Internationalization/icudt64l/region/ce.res" 1200
"../../../Engine/Content/Internationalization/icudt64l/lang/ceb.res" 1201
"../../../Engine/Content/Internationalization/icudt64l/region/ceb.res" 1202
"../../../Engine/Content/Internationalization/icudt64l/lang/cgg.res" 1203
"../../../Engine/Content/Internationalization/icudt64l/region/cgg.res" 1204
"../../../Engine/Content/Internationalization/icudt64l/lang/chr.res" 1205
"../../../Engine/Content/Internationalization/icudt64l/region/chr.res" 1206
"../../../Engine/Content/Internationalization/icudt64l/lang/ckb.res" 1207
"../../../Engine/Content/Internationalization/icudt64l/region/ckb.res" 1208
"../../../Engine/Content/Internationalization/icudt64l/lang/cs.res" 1209
"../../../Engine/Content/Internationalization/icudt64l/region/cs.res" 1210
"../../../Engine/Content/Internationalization/icudt64l/lang/cy.res" 1211
"../../../Engine/Content/Internationalization/icudt64l/region/cy.res" 1212
"../../../Engine/Content/Internationalization/icudt64l/lang/da.res" 1213
"../../../Engine/Content/Internationalization/icudt64l/region/da.res" 1214
"../../../Engine/Content/Internationalization/icudt64l/lang/dav.res" 1215
"../../../Engine/Content/Internationalization/icudt64l/region/dav.res" 1216
"../../../Engine/Content/Internationalization/icudt64l/lang/de.res" 1217
"../../../Engine/Content/Internationalization/icudt64l/lang/de_AT.res" 1218
"../../../Engine/Content/Internationalization/icudt64l/region/de_AT.res" 1219
"../../../Engine/Content/Internationalization/icudt64l/region/de.res" 1220
"../../../Engine/Content/Internationalization/icudt64l/lang/de_CH.res" 1221
"../../../Engine/Content/Internationalization/icudt64l/region/de_CH.res" 1222
"../../../Engine/Content/Internationalization/icudt64l/lang/de_LU.res" 1223
"../../../Engine/Content/Internationalization/icudt64l/lang/dje.res" 1224
"../../../Engine/Content/Internationalization/icudt64l/region/dje.res" 1225
"../../../Engine/Content/Internationalization/icudt64l/lang/dsb.res" 1226
"../../../Engine/Content/Internationalization/icudt64l/region/dsb.res" 1227
"../../../Engine/Content/Internationalization/icudt64l/lang/dua.res" 1228
"../../../Engine/Content/Internationalization/icudt64l/region/dua.res" 1229
"../../../Engine/Content/Internationalization/icudt64l/lang/dyo.res" 1230
"../../../Engine/Content/Internationalization/icudt64l/region/dyo.res" 1231
"../../../Engine/Content/Internationalization/icudt64l/lang/dz.res" 1232
"../../../Engine/Content/Internationalization/icudt64l/region/dz.res" 1233
"../../../Engine/Content/Internationalization/icudt64l/lang/ebu.res" 1234
"../../../Engine/Content/Internationalization/icudt64l/region/ebu.res" 1235
"../../../Engine/Content/Internationalization/icudt64l/lang/ee.res" 1236
"../../../Engine/Content/Internationalization/icudt64l/region/ee.res" 1237
"../../../Engine/Content/Internationalization/icudt64l/lang/el.res" 1238
"../../../Engine/Content/Internationalization/icudt64l/region/el.res" 1239
"../../../Engine/Content/Internationalization/icudt64l/lang/en_001.res" 1240
"../../../Engine/Content/Internationalization/icudt64l/lang/en_150.res" 1241
"../../../Engine/Content/Internationalization/icudt64l/region/en_150.res" 1242
"../../../Engine/Content/Internationalization/icudt64l/lang/en_AG.res" 1243
"../../../Engine/Content/Internationalization/icudt64l/region/en_AG.res" 1244
"../../../Engine/Content/Internationalization/icudt64l/lang/en_AI.res" 1245
"../../../Engine/Content/Internationalization/icudt64l/region/en_AI.res" 1246
"../../../Engine/Content/Internationalization/icudt64l/lang/en_AT.res" 1247
"../../../Engine/Content/Internationalization/icudt64l/region/en_AT.res" 1248
"../../../Engine/Content/Internationalization/icudt64l/lang/en_AU.res" 1249
"../../../Engine/Content/Internationalization/icudt64l/region/en_AU.res" 1250
"../../../Engine/Content/Internationalization/icudt64l/lang/en_BB.res" 1251
"../../../Engine/Content/Internationalization/icudt64l/region/en_BB.res" 1252
"../../../Engine/Content/Internationalization/icudt64l/lang/en_BE.res" 1253
"../../../Engine/Content/Internationalization/icudt64l/region/en_BE.res" 1254
"../../../Engine/Content/Internationalization/icudt64l/lang/en_BM.res" 1255
"../../../Engine/Content/Internationalization/icudt64l/region/en_BM.res" 1256
"../../../Engine/Content/Internationalization/icudt64l/lang/en_BS.res" 1257
"../../../Engine/Content/Internationalization/icudt64l/region/en_BS.res" 1258
"../../../Engine/Content/Internationalization/icudt64l/lang/en_BW.res" 1259
"../../../Engine/Content/Internationalization/icudt64l/region/en_BW.res" 1260
"../../../Engine/Content/Internationalization/icudt64l/lang/en_BZ.res" 1261
"../../../Engine/Content/Internationalization/icudt64l/region/en_BZ.res" 1262
"../../../Engine/Content/Internationalization/icudt64l/lang/en_CA.res" 1263
"../../../Engine/Content/Internationalization/icudt64l/region/en_CA.res" 1264
"../../../Engine/Content/Internationalization/icudt64l/lang/en_CC.res" 1265
"../../../Engine/Content/Internationalization/icudt64l/region/en_CC.res" 1266
"../../../Engine/Content/Internationalization/icudt64l/lang/en_CH.res" 1267
"../../../Engine/Content/Internationalization/icudt64l/region/en_CH.res" 1268
"../../../Engine/Content/Internationalization/icudt64l/lang/en_CK.res" 1269
"../../../Engine/Content/Internationalization/icudt64l/region/en_CK.res" 1270
"../../../Engine/Content/Internationalization/icudt64l/lang/en_CM.res" 1271
"../../../Engine/Content/Internationalization/icudt64l/region/en_CM.res" 1272
"../../../Engine/Content/Internationalization/icudt64l/lang/en_CX.res" 1273
"../../../Engine/Content/Internationalization/icudt64l/region/en_CX.res" 1274
"../../../Engine/Content/Internationalization/icudt64l/lang/en_CY.res" 1275
"../../../Engine/Content/Internationalization/icudt64l/region/en_CY.res" 1276
"../../../Engine/Content/Internationalization/icudt64l/lang/en_DE.res" 1277
"../../../Engine/Content/Internationalization/icudt64l/region/en_DE.res" 1278
"../../../Engine/Content/Internationalization/icudt64l/lang/en_DG.res" 1279
"../../../Engine/Content/Internationalization/icudt64l/region/en_DG.res" 1280
"../../../Engine/Content/Internationalization/icudt64l/lang/en_DK.res" 1281
"../../../Engine/Content/Internationalization/icudt64l/region/en_DK.res" 1282
"../../../Engine/Content/Internationalization/icudt64l/lang/en_DM.res" 1283
"../../../Engine/Content/Internationalization/icudt64l/region/en_DM.res" 1284
"../../../Engine/Content/Internationalization/icudt64l/lang/en_ER.res" 1285
"../../../Engine/Content/Internationalization/icudt64l/region/en_ER.res" 1286
"../../../Engine/Content/Internationalization/icudt64l/lang/en_FI.res" 1287
"../../../Engine/Content/Internationalization/icudt64l/region/en_FI.res" 1288
"../../../Engine/Content/Internationalization/icudt64l/lang/en_FJ.res" 1289
"../../../Engine/Content/Internationalization/icudt64l/region/en_FJ.res" 1290
"../../../Engine/Content/Internationalization/icudt64l/lang/en_FK.res" 1291
"../../../Engine/Content/Internationalization/icudt64l/region/en_FK.res" 1292
"../../../Engine/Content/Internationalization/icudt64l/lang/en_FM.res" 1293
"../../../Engine/Content/Internationalization/icudt64l/region/en_FM.res" 1294
"../../../Engine/Content/Internationalization/icudt64l/lang/en_GB.res" 1295
"../../../Engine/Content/Internationalization/icudt64l/region/en_GB.res" 1296
"../../../Engine/Content/Internationalization/icudt64l/lang/en_GD.res" 1297
"../../../Engine/Content/Internationalization/icudt64l/region/en_GD.res" 1298
"../../../Engine/Content/Internationalization/icudt64l/lang/en_GG.res" 1299
"../../../Engine/Content/Internationalization/icudt64l/region/en_GG.res" 1300
"../../../Engine/Content/Internationalization/icudt64l/lang/en_GH.res" 1301
"../../../Engine/Content/Internationalization/icudt64l/region/en_GH.res" 1302
"../../../Engine/Content/Internationalization/icudt64l/lang/en_GI.res" 1303
"../../../Engine/Content/Internationalization/icudt64l/region/en_GI.res" 1304
"../../../Engine/Content/Internationalization/icudt64l/lang/en_GM.res" 1305
"../../../Engine/Content/Internationalization/icudt64l/region/en_GM.res" 1306
"../../../Engine/Content/Internationalization/icudt64l/lang/en_GY.res" 1307
"../../../Engine/Content/Internationalization/icudt64l/region/en_GY.res" 1308
"../../../Engine/Content/Internationalization/icudt64l/lang/en_HK.res" 1309
"../../../Engine/Content/Internationalization/icudt64l/region/en_HK.res" 1310
"../../../Engine/Content/Internationalization/icudt64l/lang/en_IE.res" 1311
"../../../Engine/Content/Internationalization/icudt64l/region/en_IE.res" 1312
"../../../Engine/Content/Internationalization/icudt64l/lang/en_IL.res" 1313
"../../../Engine/Content/Internationalization/icudt64l/region/en_IL.res" 1314
"../../../Engine/Content/Internationalization/icudt64l/lang/en_IM.res" 1315
"../../../Engine/Content/Internationalization/icudt64l/region/en_IM.res" 1316
"../../../Engine/Content/Internationalization/icudt64l/lang/en_IN.res" 1317
"../../../Engine/Content/Internationalization/icudt64l/region/en_IN.res" 1318
"../../../Engine/Content/Internationalization/icudt64l/lang/en_IO.res" 1319
"../../../Engine/Content/Internationalization/icudt64l/region/en_IO.res" 1320
"../../../Engine/Content/Internationalization/icudt64l/lang/en_JE.res" 1321
"../../../Engine/Content/Internationalization/icudt64l/region/en_JE.res" 1322
"../../../Engine/Content/Internationalization/icudt64l/lang/en_JM.res" 1323
"../../../Engine/Content/Internationalization/icudt64l/region/en_JM.res" 1324
"../../../Engine/Content/Internationalization/icudt64l/lang/en_KE.res" 1325
"../../../Engine/Content/Internationalization/icudt64l/region/en_KE.res" 1326
"../../../Engine/Content/Internationalization/icudt64l/lang/en_KI.res" 1327
"../../../Engine/Content/Internationalization/icudt64l/region/en_KI.res" 1328
"../../../Engine/Content/Internationalization/icudt64l/lang/en_KN.res" 1329
"../../../Engine/Content/Internationalization/icudt64l/region/en_KN.res" 1330
"../../../Engine/Content/Internationalization/icudt64l/lang/en_KY.res" 1331
"../../../Engine/Content/Internationalization/icudt64l/region/en_KY.res" 1332
"../../../Engine/Content/Internationalization/icudt64l/lang/en_LC.res" 1333
"../../../Engine/Content/Internationalization/icudt64l/region/en_LC.res" 1334
"../../../Engine/Content/Internationalization/icudt64l/lang/en_LR.res" 1335
"../../../Engine/Content/Internationalization/icudt64l/region/en_LR.res" 1336
"../../../Engine/Content/Internationalization/icudt64l/lang/en_LS.res" 1337
"../../../Engine/Content/Internationalization/icudt64l/region/en_LS.res" 1338
"../../../Engine/Content/Internationalization/icudt64l/lang/en_MG.res" 1339
"../../../Engine/Content/Internationalization/icudt64l/region/en_MG.res" 1340
"../../../Engine/Content/Internationalization/icudt64l/lang/en_MO.res" 1341
"../../../Engine/Content/Internationalization/icudt64l/region/en_MO.res" 1342
"../../../Engine/Content/Internationalization/icudt64l/lang/en_MS.res" 1343
"../../../Engine/Content/Internationalization/icudt64l/region/en_MS.res" 1344
"../../../Engine/Content/Internationalization/icudt64l/lang/en_MT.res" 1345
"../../../Engine/Content/Internationalization/icudt64l/region/en_MT.res" 1346
"../../../Engine/Content/Internationalization/icudt64l/lang/en_MU.res" 1347
"../../../Engine/Content/Internationalization/icudt64l/region/en_MU.res" 1348
"../../../Engine/Content/Internationalization/icudt64l/lang/en_MW.res" 1349
"../../../Engine/Content/Internationalization/icudt64l/region/en_MW.res" 1350
"../../../Engine/Content/Internationalization/icudt64l/lang/en_MY.res" 1351
"../../../Engine/Content/Internationalization/icudt64l/region/en_MY.res" 1352
"../../../Engine/Content/Internationalization/icudt64l/lang/en_NA.res" 1353
"../../../Engine/Content/Internationalization/icudt64l/region/en_NA.res" 1354
"../../../Engine/Content/Internationalization/icudt64l/lang/en_NF.res" 1355
"../../../Engine/Content/Internationalization/icudt64l/region/en_NF.res" 1356
"../../../Engine/Content/Internationalization/icudt64l/lang/en_NG.res" 1357
"../../../Engine/Content/Internationalization/icudt64l/region/en_NG.res" 1358
"../../../Engine/Content/Internationalization/icudt64l/lang/en_NL.res" 1359
"../../../Engine/Content/Internationalization/icudt64l/region/en_NL.res" 1360
"../../../Engine/Content/Internationalization/icudt64l/lang/en_NR.res" 1361
"../../../Engine/Content/Internationalization/icudt64l/region/en_NR.res" 1362
"../../../Engine/Content/Internationalization/icudt64l/lang/en_NU.res" 1363
"../../../Engine/Content/Internationalization/icudt64l/region/en_NU.res" 1364
"../../../Engine/Content/Internationalization/icudt64l/lang/en_NZ.res" 1365
"../../../Engine/Content/Internationalization/icudt64l/region/en_NZ.res" 1366
"../../../Engine/Content/Internationalization/icudt64l/lang/en_PG.res" 1367
"../../../Engine/Content/Internationalization/icudt64l/region/en_PG.res" 1368
"../../../Engine/Content/Internationalization/icudt64l/lang/en_PH.res" 1369
"../../../Engine/Content/Internationalization/icudt64l/region/en_PH.res" 1370
"../../../Engine/Content/Internationalization/icudt64l/lang/en_PK.res" 1371
"../../../Engine/Content/Internationalization/icudt64l/region/en_PK.res" 1372
"../../../Engine/Content/Internationalization/icudt64l/lang/en_PN.res" 1373
"../../../Engine/Content/Internationalization/icudt64l/region/en_PN.res" 1374
"../../../Engine/Content/Internationalization/icudt64l/lang/en_PW.res" 1375
"../../../Engine/Content/Internationalization/icudt64l/region/en_PW.res" 1376
"../../../Engine/Content/Internationalization/icudt64l/lang/en_RW.res" 1377
"../../../Engine/Content/Internationalization/icudt64l/region/en_RW.res" 1378
"../../../Engine/Content/Internationalization/icudt64l/lang/en_SB.res" 1379
"../../../Engine/Content/Internationalization/icudt64l/region/en_SB.res" 1380
"../../../Engine/Content/Internationalization/icudt64l/lang/en_SC.res" 1381
"../../../Engine/Content/Internationalization/icudt64l/region/en_SC.res" 1382
"../../../Engine/Content/Internationalization/icudt64l/lang/en_SD.res" 1383
"../../../Engine/Content/Internationalization/icudt64l/region/en_SD.res" 1384
"../../../Engine/Content/Internationalization/icudt64l/lang/en_SE.res" 1385
"../../../Engine/Content/Internationalization/icudt64l/region/en_SE.res" 1386
"../../../Engine/Content/Internationalization/icudt64l/lang/en_SG.res" 1387
"../../../Engine/Content/Internationalization/icudt64l/region/en_SG.res" 1388
"../../../Engine/Content/Internationalization/icudt64l/lang/en_SH.res" 1389
"../../../Engine/Content/Internationalization/icudt64l/region/en_SH.res" 1390
"../../../Engine/Content/Internationalization/icudt64l/lang/en_SI.res" 1391
"../../../Engine/Content/Internationalization/icudt64l/region/en_SI.res" 1392
"../../../Engine/Content/Internationalization/icudt64l/lang/en_SL.res" 1393
"../../../Engine/Content/Internationalization/icudt64l/region/en_SL.res" 1394
"../../../Engine/Content/Internationalization/icudt64l/lang/en_SS.res" 1395
"../../../Engine/Content/Internationalization/icudt64l/region/en_SS.res" 1396
"../../../Engine/Content/Internationalization/icudt64l/lang/en_SX.res" 1397
"../../../Engine/Content/Internationalization/icudt64l/region/en_SX.res" 1398
"../../../Engine/Content/Internationalization/icudt64l/lang/en_SZ.res" 1399
"../../../Engine/Content/Internationalization/icudt64l/region/en_SZ.res" 1400
"../../../Engine/Content/Internationalization/icudt64l/lang/en_TC.res" 1401
"../../../Engine/Content/Internationalization/icudt64l/region/en_TC.res" 1402
"../../../Engine/Content/Internationalization/icudt64l/lang/en_TK.res" 1403
"../../../Engine/Content/Internationalization/icudt64l/region/en_TK.res" 1404
"../../../Engine/Content/Internationalization/icudt64l/lang/en_TO.res" 1405
"../../../Engine/Content/Internationalization/icudt64l/region/en_TO.res" 1406
"../../../Engine/Content/Internationalization/icudt64l/lang/en_TT.res" 1407
"../../../Engine/Content/Internationalization/icudt64l/region/en_TT.res" 1408
"../../../Engine/Content/Internationalization/icudt64l/lang/en_TV.res" 1409
"../../../Engine/Content/Internationalization/icudt64l/region/en_TV.res" 1410
"../../../Engine/Content/Internationalization/icudt64l/lang/en_TZ.res" 1411
"../../../Engine/Content/Internationalization/icudt64l/region/en_TZ.res" 1412
"../../../Engine/Content/Internationalization/icudt64l/lang/en_UG.res" 1413
"../../../Engine/Content/Internationalization/icudt64l/region/en_UG.res" 1414
"../../../Engine/Content/Internationalization/icudt64l/lang/en_VC.res" 1415
"../../../Engine/Content/Internationalization/icudt64l/region/en_VC.res" 1416
"../../../Engine/Content/Internationalization/icudt64l/lang/en_VG.res" 1417
"../../../Engine/Content/Internationalization/icudt64l/region/en_VG.res" 1418
"../../../Engine/Content/Internationalization/icudt64l/lang/en_VU.res" 1419
"../../../Engine/Content/Internationalization/icudt64l/region/en_VU.res" 1420
"../../../Engine/Content/Internationalization/icudt64l/lang/en_WS.res" 1421
"../../../Engine/Content/Internationalization/icudt64l/region/en_WS.res" 1422
"../../../Engine/Content/Internationalization/icudt64l/lang/en_ZA.res" 1423
"../../../Engine/Content/Internationalization/icudt64l/region/en_ZA.res" 1424
"../../../Engine/Content/Internationalization/icudt64l/lang/en_ZM.res" 1425
"../../../Engine/Content/Internationalization/icudt64l/region/en_ZM.res" 1426
"../../../Engine/Content/Internationalization/icudt64l/lang/en_ZW.res" 1427
"../../../Engine/Content/Internationalization/icudt64l/region/en_ZW.res" 1428
"../../../Engine/Content/Internationalization/icudt64l/lang/eo.res" 1429
"../../../Engine/Content/Internationalization/icudt64l/region/eo.res" 1430
"../../../Engine/Content/Internationalization/icudt64l/lang/es.res" 1431
"../../../Engine/Content/Internationalization/icudt64l/lang/es_419.res" 1432
"../../../Engine/Content/Internationalization/icudt64l/region/es_419.res" 1433
"../../../Engine/Content/Internationalization/icudt64l/region/es.res" 1434
"../../../Engine/Content/Internationalization/icudt64l/lang/es_AR.res" 1435
"../../../Engine/Content/Internationalization/icudt64l/region/es_AR.res" 1436
"../../../Engine/Content/Internationalization/icudt64l/lang/es_BO.res" 1437
"../../../Engine/Content/Internationalization/icudt64l/region/es_BO.res" 1438
"../../../Engine/Content/Internationalization/icudt64l/lang/es_BR.res" 1439
"../../../Engine/Content/Internationalization/icudt64l/region/es_BR.res" 1440
"../../../Engine/Content/Internationalization/icudt64l/lang/es_BZ.res" 1441
"../../../Engine/Content/Internationalization/icudt64l/region/es_BZ.res" 1442
"../../../Engine/Content/Internationalization/icudt64l/lang/es_CL.res" 1443
"../../../Engine/Content/Internationalization/icudt64l/region/es_CL.res" 1444
"../../../Engine/Content/Internationalization/icudt64l/lang/es_CO.res" 1445
"../../../Engine/Content/Internationalization/icudt64l/region/es_CO.res" 1446
"../../../Engine/Content/Internationalization/icudt64l/lang/es_CR.res" 1447
"../../../Engine/Content/Internationalization/icudt64l/region/es_CR.res" 1448
"../../../Engine/Content/Internationalization/icudt64l/lang/es_CU.res" 1449
"../../../Engine/Content/Internationalization/icudt64l/region/es_CU.res" 1450
"../../../Engine/Content/Internationalization/icudt64l/lang/es_DO.res" 1451
"../../../Engine/Content/Internationalization/icudt64l/region/es_DO.res" 1452
"../../../Engine/Content/Internationalization/icudt64l/lang/es_EC.res" 1453
"../../../Engine/Content/Internationalization/icudt64l/region/es_EC.res" 1454
"../../../Engine/Content/Internationalization/icudt64l/lang/es_GT.res" 1455
"../../../Engine/Content/Internationalization/icudt64l/region/es_GT.res" 1456
"../../../Engine/Content/Internationalization/icudt64l/lang/es_HN.res" 1457
"../../../Engine/Content/Internationalization/icudt64l/region/es_HN.res" 1458
"../../../Engine/Content/Internationalization/icudt64l/lang/es_MX.res" 1459
"../../../Engine/Content/Internationalization/icudt64l/region/es_MX.res" 1460
"../../../Engine/Content/Internationalization/icudt64l/lang/es_NI.res" 1461
"../../../Engine/Content/Internationalization/icudt64l/region/es_NI.res" 1462
"../../../Engine/Content/Internationalization/icudt64l/lang/es_PA.res" 1463
"../../../Engine/Content/Internationalization/icudt64l/region/es_PA.res" 1464
"../../../Engine/Content/Internationalization/icudt64l/lang/es_PE.res" 1465
"../../../Engine/Content/Internationalization/icudt64l/region/es_PE.res" 1466
"../../../Engine/Content/Internationalization/icudt64l/lang/es_PR.res" 1467
"../../../Engine/Content/Internationalization/icudt64l/region/es_PR.res" 1468
"../../../Engine/Content/Internationalization/icudt64l/lang/es_PY.res" 1469
"../../../Engine/Content/Internationalization/icudt64l/region/es_PY.res" 1470
"../../../Engine/Content/Internationalization/icudt64l/lang/es_SV.res" 1471
"../../../Engine/Content/Internationalization/icudt64l/region/es_SV.res" 1472
"../../../Engine/Content/Internationalization/icudt64l/lang/es_US.res" 1473
"../../../Engine/Content/Internationalization/icudt64l/region/es_US.res" 1474
"../../../Engine/Content/Internationalization/icudt64l/lang/es_UY.res" 1475
"../../../Engine/Content/Internationalization/icudt64l/region/es_UY.res" 1476
"../../../Engine/Content/Internationalization/icudt64l/lang/es_VE.res" 1477
"../../../Engine/Content/Internationalization/icudt64l/region/es_VE.res" 1478
"../../../Engine/Content/Internationalization/icudt64l/lang/et.res" 1479
"../../../Engine/Content/Internationalization/icudt64l/region/et.res" 1480
"../../../Engine/Content/Internationalization/icudt64l/lang/eu.res" 1481
"../../../Engine/Content/Internationalization/icudt64l/region/eu.res" 1482
"../../../Engine/Content/Internationalization/icudt64l/lang/ewo.res" 1483
"../../../Engine/Content/Internationalization/icudt64l/region/ewo.res" 1484
"../../../Engine/Content/Internationalization/icudt64l/lang/fa.res" 1485
"../../../Engine/Content/Internationalization/icudt64l/lang/fa_AF.res" 1486
"../../../Engine/Content/Internationalization/icudt64l/region/fa_AF.res" 1487
"../../../Engine/Content/Internationalization/icudt64l/region/fa.res" 1488
"../../../Engine/Content/Internationalization/icudt64l/lang/ff.res" 1489
"../../../Engine/Content/Internationalization/icudt64l/lang/ff_Latn.res" 1490
"../../../Engine/Content/Internationalization/icudt64l/region/ff.res" 1491
"../../../Engine/Content/Internationalization/icudt64l/region/ff_Latn.res" 1492
"../../../Engine/Content/Internationalization/icudt64l/lang/ff_CM.res" 1493
"../../../Engine/Content/Internationalization/icudt64l/lang/ff_Latn_CM.res" 1494
"../../../Engine/Content/Internationalization/icudt64l/region/ff_CM.res" 1495
"../../../Engine/Content/Internationalization/icudt64l/region/ff_Latn_CM.res" 1496
"../../../Engine/Content/Internationalization/icudt64l/lang/ff_GN.res" 1497
"../../../Engine/Content/Internationalization/icudt64l/lang/ff_Latn_GN.res" 1498
"../../../Engine/Content/Internationalization/icudt64l/region/ff_GN.res" 1499
"../../../Engine/Content/Internationalization/icudt64l/region/ff_Latn_GN.res" 1500
"../../../Engine/Content/Internationalization/icudt64l/lang/ff_MR.res" 1501
"../../../Engine/Content/Internationalization/icudt64l/lang/ff_Latn_MR.res" 1502
"../../../Engine/Content/Internationalization/icudt64l/region/ff_MR.res" 1503
"../../../Engine/Content/Internationalization/icudt64l/region/ff_Latn_MR.res" 1504
"../../../Engine/Content/Internationalization/icudt64l/lang/ff_SN.res" 1505
"../../../Engine/Content/Internationalization/icudt64l/lang/ff_Latn_SN.res" 1506
"../../../Engine/Content/Internationalization/icudt64l/region/ff_SN.res" 1507
"../../../Engine/Content/Internationalization/icudt64l/region/ff_Latn_SN.res" 1508
"../../../Engine/Content/Internationalization/icudt64l/lang/fi.res" 1509
"../../../Engine/Content/Internationalization/icudt64l/region/fi.res" 1510
"../../../Engine/Content/Internationalization/icudt64l/lang/fil.res" 1511
"../../../Engine/Content/Internationalization/icudt64l/lang/fil_PH.res" 1512
"../../../Engine/Content/Internationalization/icudt64l/region/fil_PH.res" 1513
"../../../Engine/Content/Internationalization/icudt64l/region/fil.res" 1514
"../../../Engine/Content/Internationalization/icudt64l/lang/fo.res" 1515
"../../../Engine/Content/Internationalization/icudt64l/region/fo.res" 1516
"../../../Engine/Content/Internationalization/icudt64l/lang/fr.res" 1517
"../../../Engine/Content/Internationalization/icudt64l/lang/fr_BE.res" 1518
"../../../Engine/Content/Internationalization/icudt64l/region/fr_BE.res" 1519
"../../../Engine/Content/Internationalization/icudt64l/region/fr.res" 1520
"../../../Engine/Content/Internationalization/icudt64l/lang/fr_CA.res" 1521
"../../../Engine/Content/Internationalization/icudt64l/region/fr_CA.res" 1522
"../../../Engine/Content/Internationalization/icudt64l/lang/fr_CH.res" 1523
"../../../Engine/Content/Internationalization/icudt64l/lang/fur.res" 1524
"../../../Engine/Content/Internationalization/icudt64l/region/fur.res" 1525
"../../../Engine/Content/Internationalization/icudt64l/lang/fy.res" 1526
"../../../Engine/Content/Internationalization/icudt64l/region/fy.res" 1527
"../../../Engine/Content/Internationalization/icudt64l/lang/ga.res" 1528
"../../../Engine/Content/Internationalization/icudt64l/region/ga.res" 1529
"../../../Engine/Content/Internationalization/icudt64l/lang/gd.res" 1530
"../../../Engine/Content/Internationalization/icudt64l/region/gd.res" 1531
"../../../Engine/Content/Internationalization/icudt64l/lang/gl.res" 1532
"../../../Engine/Content/Internationalization/icudt64l/region/gl.res" 1533
"../../../Engine/Content/Internationalization/icudt64l/lang/gsw.res" 1534
"../../../Engine/Content/Internationalization/icudt64l/region/gsw.res" 1535
"../../../Engine/Content/Internationalization/icudt64l/lang/gu.res" 1536
"../../../Engine/Content/Internationalization/icudt64l/region/gu.res" 1537
"../../../Engine/Content/Internationalization/icudt64l/lang/guz.res" 1538
"../../../Engine/Content/Internationalization/icudt64l/region/guz.res" 1539
"../../../Engine/Content/Internationalization/icudt64l/lang/gv.res" 1540
"../../../Engine/Content/Internationalization/icudt64l/region/gv.res" 1541
"../../../Engine/Content/Internationalization/icudt64l/lang/ha.res" 1542
"../../../Engine/Content/Internationalization/icudt64l/region/ha.res" 1543
"../../../Engine/Content/Internationalization/icudt64l/lang/ha_NE.res" 1544
"../../../Engine/Content/Internationalization/icudt64l/region/ha_NE.res" 1545
"../../../Engine/Content/Internationalization/icudt64l/lang/haw.res" 1546
"../../../Engine/Content/Internationalization/icudt64l/region/haw.res" 1547
"../../../Engine/Content/Internationalization/icudt64l/lang/he.res" 1548
"../../../Engine/Content/Internationalization/icudt64l/lang/he_IL.res" 1549
"../../../Engine/Content/Internationalization/icudt64l/region/he_IL.res" 1550
"../../../Engine/Content/Internationalization/icudt64l/region/he.res" 1551
"../../../Engine/Content/Internationalization/icudt64l/lang/hi.res" 1552
"../../../Engine/Content/Internationalization/icudt64l/region/hi.res" 1553
"../../../Engine/Content/Internationalization/icudt64l/lang/hr.res" 1554
"../../../Engine/Content/Internationalization/icudt64l/region/hr.res" 1555
"../../../Engine/Content/Internationalization/icudt64l/lang/hsb.res" 1556
"../../../Engine/Content/Internationalization/icudt64l/region/hsb.res" 1557
"../../../Engine/Content/Internationalization/icudt64l/lang/hu.res" 1558
"../../../Engine/Content/Internationalization/icudt64l/region/hu.res" 1559
"../../../Engine/Content/Internationalization/icudt64l/lang/hy.res" 1560
"../../../Engine/Content/Internationalization/icudt64l/region/hy.res" 1561
"../../../Engine/Content/Internationalization/icudt64l/lang/ia.res" 1562
"../../../Engine/Content/Internationalization/icudt64l/region/ia.res" 1563
"../../../Engine/Content/Internationalization/icudt64l/lang/id.res" 1564
"../../../Engine/Content/Internationalization/icudt64l/lang/id_ID.res" 1565
"../../../Engine/Content/Internationalization/icudt64l/region/id_ID.res" 1566
"../../../Engine/Content/Internationalization/icudt64l/region/id.res" 1567
"../../../Engine/Content/Internationalization/icudt64l/lang/ig.res" 1568
"../../../Engine/Content/Internationalization/icudt64l/region/ig.res" 1569
"../../../Engine/Content/Internationalization/icudt64l/lang/ii.res" 1570
"../../../Engine/Content/Internationalization/icudt64l/region/ii.res" 1571
"../../../Engine/Content/Internationalization/icudt64l/lang/is.res" 1572
"../../../Engine/Content/Internationalization/icudt64l/region/is.res" 1573
"../../../Engine/Content/Internationalization/icudt64l/lang/it.res" 1574
"../../../Engine/Content/Internationalization/icudt64l/region/it.res" 1575
"../../../Engine/Content/Internationalization/icudt64l/lang/ja.res" 1576
"../../../Engine/Content/Internationalization/icudt64l/lang/ja_JP.res" 1577
"../../../Engine/Content/Internationalization/icudt64l/region/ja_JP.res" 1578
"../../../Engine/Content/Internationalization/icudt64l/region/ja.res" 1579
"../../../Engine/Content/Internationalization/icudt64l/lang/jgo.res" 1580
"../../../Engine/Content/Internationalization/icudt64l/region/jgo.res" 1581
"../../../Engine/Content/Internationalization/icudt64l/lang/jmc.res" 1582
"../../../Engine/Content/Internationalization/icudt64l/region/jmc.res" 1583
"../../../Engine/Content/Internationalization/icudt64l/lang/jv.res" 1584
"../../../Engine/Content/Internationalization/icudt64l/region/jv.res" 1585
"../../../Engine/Content/Internationalization/icudt64l/lang/ka.res" 1586
"../../../Engine/Content/Internationalization/icudt64l/region/ka.res" 1587
"../../../Engine/Content/Internationalization/icudt64l/lang/kab.res" 1588
"../../../Engine/Content/Internationalization/icudt64l/region/kab.res" 1589
"../../../Engine/Content/Internationalization/icudt64l/lang/kam.res" 1590
"../../../Engine/Content/Internationalization/icudt64l/region/kam.res" 1591
"../../../Engine/Content/Internationalization/icudt64l/lang/kde.res" 1592
"../../../Engine/Content/Internationalization/icudt64l/region/kde.res" 1593
"../../../Engine/Content/Internationalization/icudt64l/lang/kea.res" 1594
"../../../Engine/Content/Internationalization/icudt64l/region/kea.res" 1595
"../../../Engine/Content/Internationalization/icudt64l/lang/khq.res" 1596
"../../../Engine/Content/Internationalization/icudt64l/region/khq.res" 1597
"../../../Engine/Content/Internationalization/icudt64l/lang/ki.res" 1598
"../../../Engine/Content/Internationalization/icudt64l/region/ki.res" 1599
"../../../Engine/Content/Internationalization/icudt64l/lang/kk.res" 1600
"../../../Engine/Content/Internationalization/icudt64l/region/kk.res" 1601
"../../../Engine/Content/Internationalization/icudt64l/lang/kkj.res" 1602
"../../../Engine/Content/Internationalization/icudt64l/region/kkj.res" 1603
"../../../Engine/Content/Internationalization/icudt64l/lang/kl.res" 1604
"../../../Engine/Content/Internationalization/icudt64l/region/kl.res" 1605
"../../../Engine/Content/Internationalization/icudt64l/lang/kln.res" 1606
"../../../Engine/Content/Internationalization/icudt64l/region/kln.res" 1607
"../../../Engine/Content/Internationalization/icudt64l/lang/km.res" 1608
"../../../Engine/Content/Internationalization/icudt64l/region/km.res" 1609
"../../../Engine/Content/Internationalization/icudt64l/lang/kn.res" 1610
"../../../Engine/Content/Internationalization/icudt64l/region/kn.res" 1611
"../../../Engine/Content/Internationalization/icudt64l/region/ko_KP.res" 1612
"../../../Engine/Content/Internationalization/icudt64l/lang/kok.res" 1613
"../../../Engine/Content/Internationalization/icudt64l/region/kok.res" 1614
"../../../Engine/Content/Internationalization/icudt64l/lang/ks.res" 1615
"../../../Engine/Content/Internationalization/icudt64l/region/ks.res" 1616
"../../../Engine/Content/Internationalization/icudt64l/lang/ksb.res" 1617
"../../../Engine/Content/Internationalization/icudt64l/region/ksb.res" 1618
"../../../Engine/Content/Internationalization/icudt64l/lang/ksf.res" 1619
"../../../Engine/Content/Internationalization/icudt64l/region/ksf.res" 1620
"../../../Engine/Content/Internationalization/icudt64l/lang/ksh.res" 1621
"../../../Engine/Content/Internationalization/icudt64l/region/ksh.res" 1622
"../../../Engine/Content/Internationalization/icudt64l/lang/ku.res" 1623
"../../../Engine/Content/Internationalization/icudt64l/region/ku.res" 1624
"../../../Engine/Content/Internationalization/icudt64l/lang/kw.res" 1625
"../../../Engine/Content/Internationalization/icudt64l/region/kw.res" 1626
"../../../Engine/Content/Internationalization/icudt64l/lang/ky.res" 1627
"../../../Engine/Content/Internationalization/icudt64l/region/ky.res" 1628
"../../../Engine/Content/Internationalization/icudt64l/lang/lag.res" 1629
"../../../Engine/Content/Internationalization/icudt64l/region/lag.res" 1630
"../../../Engine/Content/Internationalization/icudt64l/lang/lb.res" 1631
"../../../Engine/Content/Internationalization/icudt64l/region/lb.res" 1632
"../../../Engine/Content/Internationalization/icudt64l/lang/lg.res" 1633
"../../../Engine/Content/Internationalization/icudt64l/region/lg.res" 1634
"../../../Engine/Content/Internationalization/icudt64l/lang/lkt.res" 1635
"../../../Engine/Content/Internationalization/icudt64l/region/lkt.res" 1636
"../../../Engine/Content/Internationalization/icudt64l/lang/ln.res" 1637
"../../../Engine/Content/Internationalization/icudt64l/region/ln.res" 1638
"../../../Engine/Content/Internationalization/icudt64l/lang/lo.res" 1639
"../../../Engine/Content/Internationalization/icudt64l/region/lo.res" 1640
"../../../Engine/Content/Internationalization/icudt64l/lang/lrc.res" 1641
"../../../Engine/Content/Internationalization/icudt64l/region/lrc.res" 1642
"../../../Engine/Content/Internationalization/icudt64l/lang/lt.res" 1643
"../../../Engine/Content/Internationalization/icudt64l/region/lt.res" 1644
"../../../Engine/Content/Internationalization/icudt64l/lang/lu.res" 1645
"../../../Engine/Content/Internationalization/icudt64l/region/lu.res" 1646
"../../../Engine/Content/Internationalization/icudt64l/lang/luo.res" 1647
"../../../Engine/Content/Internationalization/icudt64l/region/luo.res" 1648
"../../../Engine/Content/Internationalization/icudt64l/lang/luy.res" 1649
"../../../Engine/Content/Internationalization/icudt64l/region/luy.res" 1650
"../../../Engine/Content/Internationalization/icudt64l/lang/lv.res" 1651
"../../../Engine/Content/Internationalization/icudt64l/region/lv.res" 1652
"../../../Engine/Content/Internationalization/icudt64l/lang/mas.res" 1653
"../../../Engine/Content/Internationalization/icudt64l/region/mas.res" 1654
"../../../Engine/Content/Internationalization/icudt64l/lang/mer.res" 1655
"../../../Engine/Content/Internationalization/icudt64l/region/mer.res" 1656
"../../../Engine/Content/Internationalization/icudt64l/lang/mfe.res" 1657
"../../../Engine/Content/Internationalization/icudt64l/region/mfe.res" 1658
"../../../Engine/Content/Internationalization/icudt64l/lang/mg.res" 1659
"../../../Engine/Content/Internationalization/icudt64l/region/mg.res" 1660
"../../../Engine/Content/Internationalization/icudt64l/lang/mgh.res" 1661
"../../../Engine/Content/Internationalization/icudt64l/region/mgh.res" 1662
"../../../Engine/Content/Internationalization/icudt64l/lang/mgo.res" 1663
"../../../Engine/Content/Internationalization/icudt64l/region/mgo.res" 1664
"../../../Engine/Content/Internationalization/icudt64l/lang/mi.res" 1665
"../../../Engine/Content/Internationalization/icudt64l/region/mi.res" 1666
"../../../Engine/Content/Internationalization/icudt64l/lang/mk.res" 1667
"../../../Engine/Content/Internationalization/icudt64l/region/mk.res" 1668
"../../../Engine/Content/Internationalization/icudt64l/lang/ml.res" 1669
"../../../Engine/Content/Internationalization/icudt64l/region/ml.res" 1670
"../../../Engine/Content/Internationalization/icudt64l/lang/mn.res" 1671
"../../../Engine/Content/Internationalization/icudt64l/region/mn.res" 1672
"../../../Engine/Content/Internationalization/icudt64l/lang/mr.res" 1673
"../../../Engine/Content/Internationalization/icudt64l/region/mr.res" 1674
"../../../Engine/Content/Internationalization/icudt64l/lang/ms.res" 1675
"../../../Engine/Content/Internationalization/icudt64l/region/ms.res" 1676
"../../../Engine/Content/Internationalization/icudt64l/lang/mt.res" 1677
"../../../Engine/Content/Internationalization/icudt64l/region/mt.res" 1678
"../../../Engine/Content/Internationalization/icudt64l/lang/mua.res" 1679
"../../../Engine/Content/Internationalization/icudt64l/region/mua.res" 1680
"../../../Engine/Content/Internationalization/icudt64l/lang/my.res" 1681
"../../../Engine/Content/Internationalization/icudt64l/region/my.res" 1682
"../../../Engine/Content/Internationalization/icudt64l/lang/mzn.res" 1683
"../../../Engine/Content/Internationalization/icudt64l/region/mzn.res" 1684
"../../../Engine/Content/Internationalization/icudt64l/lang/naq.res" 1685
"../../../Engine/Content/Internationalization/icudt64l/region/naq.res" 1686
"../../../Engine/Content/Internationalization/icudt64l/lang/nb.res" 1687
"../../../Engine/Content/Internationalization/icudt64l/lang/nb_NO.res" 1688
"../../../Engine/Content/Internationalization/icudt64l/region/nb_NO.res" 1689
"../../../Engine/Content/Internationalization/icudt64l/region/nb.res" 1690
"../../../Engine/Content/Internationalization/icudt64l/lang/nd.res" 1691
"../../../Engine/Content/Internationalization/icudt64l/region/nd.res" 1692
"../../../Engine/Content/Internationalization/icudt64l/lang/nds.res" 1693
"../../../Engine/Content/Internationalization/icudt64l/region/nds.res" 1694
"../../../Engine/Content/Internationalization/icudt64l/lang/ne.res" 1695
"../../../Engine/Content/Internationalization/icudt64l/region/ne.res" 1696
"../../../Engine/Content/Internationalization/icudt64l/lang/nl.res" 1697
"../../../Engine/Content/Internationalization/icudt64l/region/nl.res" 1698
"../../../Engine/Content/Internationalization/icudt64l/lang/nmg.res" 1699
"../../../Engine/Content/Internationalization/icudt64l/region/nmg.res" 1700
"../../../Engine/Content/Internationalization/icudt64l/lang/nn.res" 1701
"../../../Engine/Content/Internationalization/icudt64l/lang/nn_NO.res" 1702
"../../../Engine/Content/Internationalization/icudt64l/region/nn_NO.res" 1703
"../../../Engine/Content/Internationalization/icudt64l/region/nn.res" 1704
"../../../Engine/Content/Internationalization/icudt64l/lang/nnh.res" 1705
"../../../Engine/Content/Internationalization/icudt64l/region/nnh.res" 1706
"../../../Engine/Content/Internationalization/icudt64l/lang/nus.res" 1707
"../../../Engine/Content/Internationalization/icudt64l/region/nus.res" 1708
"../../../Engine/Content/Internationalization/icudt64l/lang/nyn.res" 1709
"../../../Engine/Content/Internationalization/icudt64l/region/nyn.res" 1710
"../../../Engine/Content/Internationalization/icudt64l/lang/om.res" 1711
"../../../Engine/Content/Internationalization/icudt64l/region/om.res" 1712
"../../../Engine/Content/Internationalization/icudt64l/lang/or.res" 1713
"../../../Engine/Content/Internationalization/icudt64l/region/or.res" 1714
"../../../Engine/Content/Internationalization/icudt64l/lang/os.res" 1715
"../../../Engine/Content/Internationalization/icudt64l/region/os.res" 1716
"../../../Engine/Content/Internationalization/icudt64l/lang/pa.res" 1717
"../../../Engine/Content/Internationalization/icudt64l/lang/pa_Arab.res" 1718
"../../../Engine/Content/Internationalization/icudt64l/lang/pa_PK.res" 1719
"../../../Engine/Content/Internationalization/icudt64l/lang/pa_Arab_PK.res" 1720
"../../../Engine/Content/Internationalization/icudt64l/region/pa_PK.res" 1721
"../../../Engine/Content/Internationalization/icudt64l/region/pa_Arab_PK.res" 1722
"../../../Engine/Content/Internationalization/icudt64l/region/pa_Arab.res" 1723
"../../../Engine/Content/Internationalization/icudt64l/lang/pa_Guru.res" 1724
"../../../Engine/Content/Internationalization/icudt64l/lang/pa_IN.res" 1725
"../../../Engine/Content/Internationalization/icudt64l/lang/pa_Guru_IN.res" 1726
"../../../Engine/Content/Internationalization/icudt64l/region/pa_IN.res" 1727
"../../../Engine/Content/Internationalization/icudt64l/region/pa_Guru_IN.res" 1728
"../../../Engine/Content/Internationalization/icudt64l/region/pa_Guru.res" 1729
"../../../Engine/Content/Internationalization/icudt64l/region/pa.res" 1730
"../../../Engine/Content/Internationalization/icudt64l/lang/pl.res" 1731
"../../../Engine/Content/Internationalization/icudt64l/region/pl.res" 1732
"../../../Engine/Content/Internationalization/icudt64l/lang/ps.res" 1733
"../../../Engine/Content/Internationalization/icudt64l/region/ps.res" 1734
"../../../Engine/Content/Internationalization/icudt64l/lang/ps_PK.res" 1735
"../../../Engine/Content/Internationalization/icudt64l/region/ps_PK.res" 1736
"../../../Engine/Content/Internationalization/icudt64l/lang/pt.res" 1737
"../../../Engine/Content/Internationalization/icudt64l/lang/pt_AO.res" 1738
"../../../Engine/Content/Internationalization/icudt64l/lang/pt_PT.res" 1739
"../../../Engine/Content/Internationalization/icudt64l/region/pt_AO.res" 1740
"../../../Engine/Content/Internationalization/icudt64l/region/pt_PT.res" 1741
"../../../Engine/Content/Internationalization/icudt64l/region/pt.res" 1742
"../../../Engine/Content/Internationalization/icudt64l/lang/pt_CH.res" 1743
"../../../Engine/Content/Internationalization/icudt64l/region/pt_CH.res" 1744
"../../../Engine/Content/Internationalization/icudt64l/lang/pt_CV.res" 1745
"../../../Engine/Content/Internationalization/icudt64l/region/pt_CV.res" 1746
"../../../Engine/Content/Internationalization/icudt64l/lang/pt_GQ.res" 1747
"../../../Engine/Content/Internationalization/icudt64l/region/pt_GQ.res" 1748
"../../../Engine/Content/Internationalization/icudt64l/lang/pt_GW.res" 1749
"../../../Engine/Content/Internationalization/icudt64l/region/pt_GW.res" 1750
"../../../Engine/Content/Internationalization/icudt64l/lang/pt_LU.res" 1751
"../../../Engine/Content/Internationalization/icudt64l/region/pt_LU.res" 1752
"../../../Engine/Content/Internationalization/icudt64l/lang/pt_MO.res" 1753
"../../../Engine/Content/Internationalization/icudt64l/region/pt_MO.res" 1754
"../../../Engine/Content/Internationalization/icudt64l/lang/pt_MZ.res" 1755
"../../../Engine/Content/Internationalization/icudt64l/region/pt_MZ.res" 1756
"../../../Engine/Content/Internationalization/icudt64l/lang/pt_ST.res" 1757
"../../../Engine/Content/Internationalization/icudt64l/region/pt_ST.res" 1758
"../../../Engine/Content/Internationalization/icudt64l/lang/pt_TL.res" 1759
"../../../Engine/Content/Internationalization/icudt64l/region/pt_TL.res" 1760
"../../../Engine/Content/Internationalization/icudt64l/lang/qu.res" 1761
"../../../Engine/Content/Internationalization/icudt64l/region/qu.res" 1762
"../../../Engine/Content/Internationalization/icudt64l/lang/rm.res" 1763
"../../../Engine/Content/Internationalization/icudt64l/region/rm.res" 1764
"../../../Engine/Content/Internationalization/icudt64l/lang/rn.res" 1765
"../../../Engine/Content/Internationalization/icudt64l/region/rn.res" 1766
"../../../Engine/Content/Internationalization/icudt64l/lang/ro.res" 1767
"../../../Engine/Content/Internationalization/icudt64l/lang/ro_MD.res" 1768
"../../../Engine/Content/Internationalization/icudt64l/region/ro_MD.res" 1769
"../../../Engine/Content/Internationalization/icudt64l/region/ro.res" 1770
"../../../Engine/Content/Internationalization/icudt64l/lang/rof.res" 1771
"../../../Engine/Content/Internationalization/icudt64l/region/rof.res" 1772
"../../../Engine/Content/Internationalization/icudt64l/lang/ru.res" 1773
"../../../Engine/Content/Internationalization/icudt64l/region/ru.res" 1774
"../../../Engine/Content/Internationalization/icudt64l/region/ru_UA.res" 1775
"../../../Engine/Content/Internationalization/icudt64l/lang/rw.res" 1776
"../../../Engine/Content/Internationalization/icudt64l/region/rw.res" 1777
"../../../Engine/Content/Internationalization/icudt64l/lang/rwk.res" 1778
"../../../Engine/Content/Internationalization/icudt64l/region/rwk.res" 1779
"../../../Engine/Content/Internationalization/icudt64l/lang/sah.res" 1780
"../../../Engine/Content/Internationalization/icudt64l/region/sah.res" 1781
"../../../Engine/Content/Internationalization/icudt64l/lang/saq.res" 1782
"../../../Engine/Content/Internationalization/icudt64l/region/saq.res" 1783
"../../../Engine/Content/Internationalization/icudt64l/lang/sbp.res" 1784
"../../../Engine/Content/Internationalization/icudt64l/region/sbp.res" 1785
"../../../Engine/Content/Internationalization/icudt64l/lang/sd.res" 1786
"../../../Engine/Content/Internationalization/icudt64l/region/sd.res" 1787
"../../../Engine/Content/Internationalization/icudt64l/lang/se.res" 1788
"../../../Engine/Content/Internationalization/icudt64l/lang/se_FI.res" 1789
"../../../Engine/Content/Internationalization/icudt64l/region/se_FI.res" 1790
"../../../Engine/Content/Internationalization/icudt64l/region/se.res" 1791
"../../../Engine/Content/Internationalization/icudt64l/lang/seh.res" 1792
"../../../Engine/Content/Internationalization/icudt64l/region/seh.res" 1793
"../../../Engine/Content/Internationalization/icudt64l/lang/ses.res" 1794
"../../../Engine/Content/Internationalization/icudt64l/region/ses.res" 1795
"../../../Engine/Content/Internationalization/icudt64l/lang/sg.res" 1796
"../../../Engine/Content/Internationalization/icudt64l/region/sg.res" 1797
"../../../Engine/Content/Internationalization/icudt64l/lang/shi.res" 1798
"../../../Engine/Content/Internationalization/icudt64l/lang/shi_Latn.res" 1799
"../../../Engine/Content/Internationalization/icudt64l/lang/shi_MA.res" 1800
"../../../Engine/Content/Internationalization/icudt64l/lang/shi_Tfng_MA.res" 1801
"../../../Engine/Content/Internationalization/icudt64l/lang/shi_Tfng.res" 1802
"../../../Engine/Content/Internationalization/icudt64l/region/shi_MA.res" 1803
"../../../Engine/Content/Internationalization/icudt64l/region/shi_Tfng_MA.res" 1804
"../../../Engine/Content/Internationalization/icudt64l/region/shi_Tfng.res" 1805
"../../../Engine/Content/Internationalization/icudt64l/region/shi.res" 1806
"../../../Engine/Content/Internationalization/icudt64l/region/shi_Latn.res" 1807
"../../../Engine/Content/Internationalization/icudt64l/lang/si.res" 1808
"../../../Engine/Content/Internationalization/icudt64l/region/si.res" 1809
"../../../Engine/Content/Internationalization/icudt64l/lang/sk.res" 1810
"../../../Engine/Content/Internationalization/icudt64l/region/sk.res" 1811
"../../../Engine/Content/Internationalization/icudt64l/lang/sl.res" 1812
"../../../Engine/Content/Internationalization/icudt64l/region/sl.res" 1813
"../../../Engine/Content/Internationalization/icudt64l/lang/smn.res" 1814
"../../../Engine/Content/Internationalization/icudt64l/region/smn.res" 1815
"../../../Engine/Content/Internationalization/icudt64l/lang/sn.res" 1816
"../../../Engine/Content/Internationalization/icudt64l/region/sn.res" 1817
"../../../Engine/Content/Internationalization/icudt64l/lang/so.res" 1818
"../../../Engine/Content/Internationalization/icudt64l/region/so.res" 1819
"../../../Engine/Content/Internationalization/icudt64l/lang/sq.res" 1820
"../../../Engine/Content/Internationalization/icudt64l/region/sq.res" 1821
"../../../Engine/Content/Internationalization/icudt64l/lang/sr.res" 1822
"../../../Engine/Content/Internationalization/icudt64l/lang/sr_Cyrl.res" 1823
"../../../Engine/Content/Internationalization/icudt64l/lang/sr_BA.res" 1824
"../../../Engine/Content/Internationalization/icudt64l/lang/sr_Cyrl_BA.res" 1825
"../../../Engine/Content/Internationalization/icudt64l/region/sr_BA.res" 1826
"../../../Engine/Content/Internationalization/icudt64l/region/sr_Cyrl_BA.res" 1827
"../../../Engine/Content/Internationalization/icudt64l/region/sr_Cyrl.res" 1828
"../../../Engine/Content/Internationalization/icudt64l/region/sr.res" 1829
"../../../Engine/Content/Internationalization/icudt64l/lang/sr_ME.res" 1830
"../../../Engine/Content/Internationalization/icudt64l/lang/sr_Latn_ME.res" 1831
"../../../Engine/Content/Internationalization/icudt64l/lang/sr_Latn.res" 1832
"../../../Engine/Content/Internationalization/icudt64l/region/sr_ME.res" 1833
"../../../Engine/Content/Internationalization/icudt64l/region/sr_Latn_ME.res" 1834
"../../../Engine/Content/Internationalization/icudt64l/region/sr_Latn.res" 1835
"../../../Engine/Content/Internationalization/icudt64l/lang/sr_Cyrl_ME.res" 1836
"../../../Engine/Content/Internationalization/icudt64l/region/sr_Cyrl_ME.res" 1837
"../../../Engine/Content/Internationalization/icudt64l/lang/sr_RS.res" 1838
"../../../Engine/Content/Internationalization/icudt64l/lang/sr_Cyrl_RS.res" 1839
"../../../Engine/Content/Internationalization/icudt64l/region/sr_RS.res" 1840
"../../../Engine/Content/Internationalization/icudt64l/region/sr_Cyrl_RS.res" 1841
"../../../Engine/Content/Internationalization/icudt64l/lang/sr_XK.res" 1842
"../../../Engine/Content/Internationalization/icudt64l/lang/sr_Cyrl_XK.res" 1843
"../../../Engine/Content/Internationalization/icudt64l/region/sr_XK.res" 1844
"../../../Engine/Content/Internationalization/icudt64l/region/sr_Cyrl_XK.res" 1845
"../../../Engine/Content/Internationalization/icudt64l/lang/sr_Latn_BA.res" 1846
"../../../Engine/Content/Internationalization/icudt64l/region/sr_Latn_BA.res" 1847
"../../../Engine/Content/Internationalization/icudt64l/lang/sr_Latn_RS.res" 1848
"../../../Engine/Content/Internationalization/icudt64l/region/sr_Latn_RS.res" 1849
"../../../Engine/Content/Internationalization/icudt64l/lang/sr_Latn_XK.res" 1850
"../../../Engine/Content/Internationalization/icudt64l/region/sr_Latn_XK.res" 1851
"../../../Engine/Content/Internationalization/icudt64l/lang/sv.res" 1852
"../../../Engine/Content/Internationalization/icudt64l/region/sv.res" 1853
"../../../Engine/Content/Internationalization/icudt64l/lang/sv_FI.res" 1854
"../../../Engine/Content/Internationalization/icudt64l/lang/sw.res" 1855
"../../../Engine/Content/Internationalization/icudt64l/lang/sw_CD.res" 1856
"../../../Engine/Content/Internationalization/icudt64l/region/sw_CD.res" 1857
"../../../Engine/Content/Internationalization/icudt64l/region/sw.res" 1858
"../../../Engine/Content/Internationalization/icudt64l/lang/sw_KE.res" 1859
"../../../Engine/Content/Internationalization/icudt64l/region/sw_KE.res" 1860
"../../../Engine/Content/Internationalization/icudt64l/lang/ta.res" 1861
"../../../Engine/Content/Internationalization/icudt64l/region/ta.res" 1862
"../../../Engine/Content/Internationalization/icudt64l/lang/te.res" 1863
"../../../Engine/Content/Internationalization/icudt64l/region/te.res" 1864
"../../../Engine/Content/Internationalization/icudt64l/lang/teo.res" 1865
"../../../Engine/Content/Internationalization/icudt64l/region/teo.res" 1866
"../../../Engine/Content/Internationalization/icudt64l/lang/tg.res" 1867
"../../../Engine/Content/Internationalization/icudt64l/region/tg.res" 1868
"../../../Engine/Content/Internationalization/icudt64l/lang/th.res" 1869
"../../../Engine/Content/Internationalization/icudt64l/lang/th_TH.res" 1870
"../../../Engine/Content/Internationalization/icudt64l/region/th_TH.res" 1871
"../../../Engine/Content/Internationalization/icudt64l/region/th.res" 1872
"../../../Engine/Content/Internationalization/icudt64l/lang/ti.res" 1873
"../../../Engine/Content/Internationalization/icudt64l/region/ti.res" 1874
"../../../Engine/Content/Internationalization/icudt64l/lang/tk.res" 1875
"../../../Engine/Content/Internationalization/icudt64l/region/tk.res" 1876
"../../../Engine/Content/Internationalization/icudt64l/lang/to.res" 1877
"../../../Engine/Content/Internationalization/icudt64l/region/to.res" 1878
"../../../Engine/Content/Internationalization/icudt64l/lang/tr.res" 1879
"../../../Engine/Content/Internationalization/icudt64l/region/tr.res" 1880
"../../../Engine/Content/Internationalization/icudt64l/lang/tt.res" 1881
"../../../Engine/Content/Internationalization/icudt64l/region/tt.res" 1882
"../../../Engine/Content/Internationalization/icudt64l/lang/twq.res" 1883
"../../../Engine/Content/Internationalization/icudt64l/region/twq.res" 1884
"../../../Engine/Content/Internationalization/icudt64l/lang/tzm.res" 1885
"../../../Engine/Content/Internationalization/icudt64l/region/tzm.res" 1886
"../../../Engine/Content/Internationalization/icudt64l/lang/ug.res" 1887
"../../../Engine/Content/Internationalization/icudt64l/region/ug.res" 1888
"../../../Engine/Content/Internationalization/icudt64l/lang/uk.res" 1889
"../../../Engine/Content/Internationalization/icudt64l/region/uk.res" 1890
"../../../Engine/Content/Internationalization/icudt64l/lang/ur.res" 1891
"../../../Engine/Content/Internationalization/icudt64l/lang/ur_IN.res" 1892
"../../../Engine/Content/Internationalization/icudt64l/region/ur_IN.res" 1893
"../../../Engine/Content/Internationalization/icudt64l/region/ur.res" 1894
"../../../Engine/Content/Internationalization/icudt64l/lang/uz.res" 1895
"../../../Engine/Content/Internationalization/icudt64l/lang/uz_Arab.res" 1896
"../../../Engine/Content/Internationalization/icudt64l/lang/uz_AF.res" 1897
"../../../Engine/Content/Internationalization/icudt64l/lang/uz_Arab_AF.res" 1898
"../../../Engine/Content/Internationalization/icudt64l/region/uz_AF.res" 1899
"../../../Engine/Content/Internationalization/icudt64l/region/uz_Arab_AF.res" 1900
"../../../Engine/Content/Internationalization/icudt64l/region/uz_Arab.res" 1901
"../../../Engine/Content/Internationalization/icudt64l/lang/uz_Cyrl.res" 1902
"../../../Engine/Content/Internationalization/icudt64l/lang/uz_UZ.res" 1903
"../../../Engine/Content/Internationalization/icudt64l/lang/uz_Latn_UZ.res" 1904
"../../../Engine/Content/Internationalization/icudt64l/lang/uz_Latn.res" 1905
"../../../Engine/Content/Internationalization/icudt64l/region/uz_UZ.res" 1906
"../../../Engine/Content/Internationalization/icudt64l/region/uz_Latn_UZ.res" 1907
"../../../Engine/Content/Internationalization/icudt64l/region/uz_Latn.res" 1908
"../../../Engine/Content/Internationalization/icudt64l/region/uz.res" 1909
"../../../Engine/Content/Internationalization/icudt64l/region/uz_Cyrl.res" 1910
"../../../Engine/Content/Internationalization/icudt64l/lang/vai.res" 1911
"../../../Engine/Content/Internationalization/icudt64l/lang/vai_Latn.res" 1912
"../../../Engine/Content/Internationalization/icudt64l/lang/vai_LR.res" 1913
"../../../Engine/Content/Internationalization/icudt64l/lang/vai_Vaii_LR.res" 1914
"../../../Engine/Content/Internationalization/icudt64l/lang/vai_Vaii.res" 1915
"../../../Engine/Content/Internationalization/icudt64l/region/vai_LR.res" 1916
"../../../Engine/Content/Internationalization/icudt64l/region/vai_Vaii_LR.res" 1917
"../../../Engine/Content/Internationalization/icudt64l/region/vai_Vaii.res" 1918
"../../../Engine/Content/Internationalization/icudt64l/region/vai.res" 1919
"../../../Engine/Content/Internationalization/icudt64l/region/vai_Latn.res" 1920
"../../../Engine/Content/Internationalization/icudt64l/lang/vi.res" 1921
"../../../Engine/Content/Internationalization/icudt64l/region/vi.res" 1922
"../../../Engine/Content/Internationalization/icudt64l/lang/vun.res" 1923
"../../../Engine/Content/Internationalization/icudt64l/region/vun.res" 1924
"../../../Engine/Content/Internationalization/icudt64l/lang/wae.res" 1925
"../../../Engine/Content/Internationalization/icudt64l/region/wae.res" 1926
"../../../Engine/Content/Internationalization/icudt64l/lang/wo.res" 1927
"../../../Engine/Content/Internationalization/icudt64l/region/wo.res" 1928
"../../../Engine/Content/Internationalization/icudt64l/lang/xh.res" 1929
"../../../Engine/Content/Internationalization/icudt64l/region/xh.res" 1930
"../../../Engine/Content/Internationalization/icudt64l/lang/xog.res" 1931
"../../../Engine/Content/Internationalization/icudt64l/region/xog.res" 1932
"../../../Engine/Content/Internationalization/icudt64l/lang/yav.res" 1933
"../../../Engine/Content/Internationalization/icudt64l/region/yav.res" 1934
"../../../Engine/Content/Internationalization/icudt64l/lang/yi.res" 1935
"../../../Engine/Content/Internationalization/icudt64l/region/yi.res" 1936
"../../../Engine/Content/Internationalization/icudt64l/lang/yo.res" 1937
"../../../Engine/Content/Internationalization/icudt64l/lang/yo_BJ.res" 1938
"../../../Engine/Content/Internationalization/icudt64l/region/yo_BJ.res" 1939
"../../../Engine/Content/Internationalization/icudt64l/region/yo.res" 1940
"../../../Engine/Content/Internationalization/icudt64l/lang/yue.res" 1941
"../../../Engine/Content/Internationalization/icudt64l/lang/yue_Hans.res" 1942
"../../../Engine/Content/Internationalization/icudt64l/lang/yue_CN.res" 1943
"../../../Engine/Content/Internationalization/icudt64l/lang/yue_Hans_CN.res" 1944
"../../../Engine/Content/Internationalization/icudt64l/region/yue_CN.res" 1945
"../../../Engine/Content/Internationalization/icudt64l/region/yue_Hans_CN.res" 1946
"../../../Engine/Content/Internationalization/icudt64l/region/yue_Hans.res" 1947
"../../../Engine/Content/Internationalization/icudt64l/lang/yue_Hant.res" 1948
"../../../Engine/Content/Internationalization/icudt64l/lang/yue_HK.res" 1949
"../../../Engine/Content/Internationalization/icudt64l/lang/yue_Hant_HK.res" 1950
"../../../Engine/Content/Internationalization/icudt64l/region/yue_HK.res" 1951
"../../../Engine/Content/Internationalization/icudt64l/region/yue_Hant_HK.res" 1952
"../../../Engine/Content/Internationalization/icudt64l/region/yue_Hant.res" 1953
"../../../Engine/Content/Internationalization/icudt64l/region/yue.res" 1954
"../../../Engine/Content/Internationalization/icudt64l/lang/zgh.res" 1955
"../../../Engine/Content/Internationalization/icudt64l/region/zgh.res" 1956
"../../../Engine/Content/Internationalization/icudt64l/lang/zh.res" 1957
"../../../Engine/Content/Internationalization/icudt64l/lang/zh_Hans.res" 1958
"../../../Engine/Content/Internationalization/icudt64l/lang/zh_CN.res" 1959
"../../../Engine/Content/Internationalization/icudt64l/lang/zh_Hans_CN.res" 1960
"../../../Engine/Content/Internationalization/icudt64l/region/zh_CN.res" 1961
"../../../Engine/Content/Internationalization/icudt64l/region/zh_Hans_CN.res" 1962
"../../../Engine/Content/Internationalization/icudt64l/region/zh_Hans.res" 1963
"../../../Engine/Content/Internationalization/icudt64l/region/zh.res" 1964
"../../../Engine/Content/Internationalization/icudt64l/lang/zh_HK.res" 1965
"../../../Engine/Content/Internationalization/icudt64l/lang/zh_Hant_HK.res" 1966
"../../../Engine/Content/Internationalization/icudt64l/lang/zh_Hant.res" 1967
"../../../Engine/Content/Internationalization/icudt64l/region/zh_HK.res" 1968
"../../../Engine/Content/Internationalization/icudt64l/region/zh_Hant_HK.res" 1969
"../../../Engine/Content/Internationalization/icudt64l/region/zh_Hant.res" 1970
"../../../Engine/Content/Internationalization/icudt64l/lang/zh_MO.res" 1971
"../../../Engine/Content/Internationalization/icudt64l/lang/zh_Hant_MO.res" 1972
"../../../Engine/Content/Internationalization/icudt64l/region/zh_MO.res" 1973
"../../../Engine/Content/Internationalization/icudt64l/region/zh_Hant_MO.res" 1974
"../../../Engine/Content/Internationalization/icudt64l/lang/zh_SG.res" 1975
"../../../Engine/Content/Internationalization/icudt64l/lang/zh_Hans_SG.res" 1976
"../../../Engine/Content/Internationalization/icudt64l/region/zh_SG.res" 1977
"../../../Engine/Content/Internationalization/icudt64l/region/zh_Hans_SG.res" 1978
"../../../Engine/Content/Internationalization/icudt64l/lang/zh_TW.res" 1979
"../../../Engine/Content/Internationalization/icudt64l/lang/zh_Hant_TW.res" 1980
"../../../Engine/Content/Internationalization/icudt64l/region/zh_TW.res" 1981
"../../../Engine/Content/Internationalization/icudt64l/region/zh_Hant_TW.res" 1982
"../../../Engine/Content/Internationalization/icudt64l/lang/zu.res" 1983
"../../../Engine/Content/Internationalization/icudt64l/region/zu.res" 1984
"../../../Engine/Content/Internationalization/icudt64l/lang/no.res" 1985
"../../../Engine/Content/Internationalization/icudt64l/lang/tl.res" 1986
"../../../Engine/Config/Android/DataDrivenPlatformInfo.ini" 1987
"../../../Engine/Config/IOS/DataDrivenPlatformInfo.ini" 1988
"../../../Engine/Config/Linux/DataDrivenPlatformInfo.ini" 1989
"../../../Engine/Config/Mac/DataDrivenPlatformInfo.ini" 1990
"../../../Engine/Config/TVOS/DataDrivenPlatformInfo.ini" 1991
"../../../Engine/Config/Unix/DataDrivenPlatformInfo.ini" 1992
"../../../Engine/Config/VulkanPC/DataDrivenPlatformInfo.ini" 1993
"../../../Engine/Config/Windows/DataDrivenPlatformInfo.ini" 1994
"../../../Engine/Platforms/VisionOS/Config/DataDrivenPlatformInfo.ini" 1995
"../../../Engine/Content/Renderer/TessellationTable.bin" 1996
"../../../Engine/DerivedDataCache/Compressed.ddp" 1997
"C:/Users/moo/AppData/Local/UnrealEngine/5.7/Saved/Zen/zen.version" 1998
"C:/Users/moo/AppData/Local/UnrealEngine/Common/Zen/Install/zen.version" 1999
"C:/Users/moo/AppData/Local/UnrealEngine/Common/Zen/Install/zenserver.runcontext" 2000
"C:/Users/moo/AppData/Local/UnrealEngine/Common/DerivedDataCache/TestData/0/TestData_4kb.dat" 2001
"C:/Users/moo/AppData/Local/UnrealEngine/Common/DerivedDataCache/TestData/1/TestData_4kb.dat" 2002
"C:/Users/moo/AppData/Local/UnrealEngine/Common/DerivedDataCache/TestData/0/TestData_8kb.dat" 2003
"C:/Users/moo/AppData/Local/UnrealEngine/Common/DerivedDataCache/TestData/1/TestData_8kb.dat" 2004
"C:/Users/moo/AppData/Local/UnrealEngine/Common/DerivedDataCache/TestData/0/TestData_16kb.dat" 2005
"C:/Users/moo/AppData/Local/UnrealEngine/Common/DerivedDataCache/TestData/1/TestData_16kb.dat" 2006
"C:/Users/moo/AppData/Local/UnrealEngine/Common/DerivedDataCache/TestData/0/TestData_64kb.dat" 2007
"C:/Users/moo/AppData/Local/UnrealEngine/Common/DerivedDataCache/TestData/1/TestData_64kb.dat" 2008
"C:/Users/moo/AppData/Local/UnrealEngine/Common/DerivedDataCache/TestData/0/TestData_128kb.dat" 2009
"C:/Users/moo/AppData/Local/UnrealEngine/Common/DerivedDataCache/TestData/1/TestData_128kb.dat" 2010
"C:/Users/moo/AppData/Local/UnrealEngine/Common/DerivedDataCache/TestData/0/TestData_256kb.dat" 2011
"C:/Users/moo/AppData/Local/UnrealEngine/Common/DerivedDataCache/TestData/1/TestData_256kb.dat" 2012
"C:/Users/moo/AppData/Roaming/Unreal Engine/UnrealBuildTool/BuildConfiguration.xml" 2013
"../../../../Unreal_Project/BlueArchive/Intermediate/ShaderAutogen/PCD3D_SM6/AutogenShaderHeaders.ush" 2014
"../../../Engine/Shaders/Private/HairStrands/HairStrandsVertexFactory.ush" 2015
"../../../Engine/Shaders/Private/VertexFactoryCommon.ush" 2016
"../../../Engine/Shaders/Private/Common.ush" 2017
"../../../Engine/Shaders/Public/Platform.ush" 2018
"../../../Engine/Shaders/Public/FP16Math.ush" 2019
"../../../Engine/Shaders/Public/Platform/D3D/D3DCommon.ush" 2020
"../../../Engine/Shaders/Shared/HLSLReservedSpaces.h" 2021
"../../../Engine/Shaders/Public/BindlessResources.ush" 2022
"../../../Engine/Shaders/Public/Platform/D3D/PlatformBindlessResources.ush" 2023
"../../../Engine/Shaders/Shared/RayTracingBuiltInResources.h" 2024
"../../../Engine/Shaders/Shared/RayTracingDefinitions.h" 2025
"../../../Engine/Shaders/Shared/MaterialCacheDefinitions.h" 2026
"../../../Engine/Shaders/Shared/HLSLTypeAliases.h" 2027
"../../../Engine/Shaders/Public/IndirectVirtualTexture.ush" 2028
"../../../Engine/Shaders/Shared/IndirectVirtualTextureDefinitions.h" 2029
"../../../Engine/Shaders/Public/OverloadMacros.ush" 2030
"../../../Engine/Shaders/Public/ShaderVersion.ush" 2031
"../../../Engine/Shaders/Shared/ThirdParty/NVIDIA/nvHLSLExtns.h" 2032
"../../../Engine/Shaders/Shared/ThirdParty/NVIDIA/nvHLSLExtnsInternal.h" 2033
"../../../Engine/Shaders/Shared/ThirdParty/NVIDIA/nvShaderExtnEnums.h" 2034
"../../../Engine/Shaders/Private/PackUnpack.ush" 2035
"../../../Engine/Shaders/Private/GeneratedUniformBufferTypes.ush" 2036
"../../../Engine/Shaders/Private/Nanite/NanitePackedNaniteView.ush" 2037
"../../../Engine/Shaders/Private/HairStrands/HairStrandsVisibilityCommonStruct.ush" 2038
"../../../Engine/Shaders/Private/HairStrands/HairStrandsVoxelPageCommonStruct.ush" 2039
"../../../Engine/Shaders/Private/HairStrands/HairStrandsDeepShadowCommonStruct.ush" 2040
"../../../Engine/Shaders/Shared/LightSceneData.h" 2041
"../../../Engine/Shaders/Private/LargeWorldCoordinates.ush" 2042
"../../../Engine/Shaders/Private/DoubleFloat.ush" 2043
"../../../Engine/Shaders/Private/RandomPCG.ush" 2044
"../../../Engine/Shaders/Private/DoubleFloatOperations.ush" 2045
"../../../Engine/Shaders/Private/DoubleFloatVectorDefinition.ush" 2046
"../../../Engine/Shaders/Private/LWCOperations.ush" 2047
"../../../Engine/Shaders/Shared/LightViewData.h" 2048
"../../../Engine/Shaders/Shared/RayTracingTypes.h" 2049
"../../../Engine/Shaders/Shared/HLSLStaticAssert.h" 2050
"../../../Engine/Shaders/Private/CommonViewUniformBuffer.ush" 2051
"../../../Engine/Shaders/Private/InstancedStereo.ush" 2052
"../../../Engine/Shaders/Private/Definitions.usf" 2053
"../../../Engine/Shaders/Private/AssertionMacros.ush" 2054
"../../../Engine/Shaders/Private/FastMath.ush" 2055
"../../../Engine/Shaders/Private/FastMathThirdParty.ush" 2056
"../../../Engine/Shaders/Private/Random.ush" 2057
"../../../Engine/Shaders/Private/RandomInterleavedGradientNoise.ush" 2058
"../../../Engine/Shaders/Private/SceneData.ush" 2059
"../../../Engine/Shaders/Private/OctahedralCommon.ush" 2060
"../../../Engine/Shaders/Private/WaveOpUtil.ush" 2061
"../../../Engine/Shaders/Private/ByteBuffer.ush" 2062
"../../../Engine/Shaders/Shared/SceneDefinitions.h" 2063
"../../../Engine/Shaders/Private/SceneDataMobileLoader.ush" 2064
"../../../Engine/Shaders/Private/LocalVertexFactoryCommon.ush" 2065
"../../../Engine/Shaders/Private/HairStrands/HairStrandsVisibilityCommon.ush" 2066
"../../../Engine/Shaders/Shared/HairStrandsDefinitions.h" 2067
"../../../Engine/Shaders/Private/HairStrands/HairStrandsVertexFactoryCommon.ush" 2068
"../../../Engine/Shaders/Private/HairStrands/HairStrandsPack.ush" 2069
"../../../Engine/Shaders/Private/HairStrands/HairStrandsAttributeCommon.ush" 2070
"../../../Engine/Shaders/Private/HairStrands/HairStrandsAttributeTemplate.ush" 2071
"../../../Engine/Shaders/Private/VertexFactoryDefaultInterface.ush" 2072
"../../../Engine/Shaders/Private/HairStrands/HairCardsVertexFactory.ush" 2073
"../../../Engine/Shaders/Private/HairStrands/HairCardsAttributeCommon.ush" 2074
"../../../Engine/Shaders/Private/RayTracing/RayTracingCommon.ush" 2075
"../../../Engine/Shaders/Private/ShadingCommon.ush" 2076
"../../../Engine/Shaders/Shared/RayTracingPayloadType.h" 2077
"../../../Engine/Shaders/Private/RayTracing/RayTracingRayCone.ush" 2078
"../../../Engine/Shaders/Private/Substrate/Substrate.ush" 2079
"../../../Engine/Shaders/Private/ShadingEnergyConservation.ush" 2080
"../../../Engine/Shaders/Private/ShadingEnergyConservationTemplate.ush" 2081
"../../../Engine/Shaders/Private/BRDF.ush" 2082
"../../../Engine/Shaders/Private/ColorSpace.ush" 2083
"../../../Engine/Shaders/Private/DeferredShadingCommon.ush" 2084
"../../../Engine/Shaders/Private/LightAccumulator.ush" 2085
"../../../Engine/Shaders/Private/SceneTexturesCommon.ush" 2086
"../../../Engine/Shaders/Private/MonteCarlo.ush" 2087
"../../../Engine/Shaders/Private/GBufferHelpers.ush" 2088
"../../../Engine/Shaders/Private/SceneTextureParameters.ush" 2089
"E:/Unreal_Project/BlueArchive/Intermediate/ShaderAutogen/PCD3D_SM6/AutogenShaderHeaders.ush" 2090
"../../../Engine/Shaders/Private/ParticipatingMediaCommon.ush" 2091
"../../../Engine/Shaders/Private/ThinFilmBSDF.ush" 2092
"../../../Engine/Shaders/Private/MortonCode.ush" 2093
"../../../Engine/Shaders/Private/SubsurfaceProfileCommon.ush" 2094
"../../../Engine/Shaders/Private/BurleyNormalizedSSSCommon.ush" 2095
"../../../Engine/Shaders/Private/GammaCorrectionCommon.ush" 2096
"../../../Engine/Shaders/Shared/SubstrateDefinitions.h" 2097
"../../../Engine/Shaders/Private/Substrate/SubstrateStatisticalOperators.ush" 2098
"../../../Engine/Shaders/Private/Substrate/SubstrateSubsurface.ush" 2099
"../../../Engine/Shaders/Private/TransmissionCommon.ush" 2100
"../../../Engine/Shaders/Private/Substrate/SubstrateExportCommon.ush" 2101
"../../../Engine/Shaders/Private/SpecularProfileCommon.ush" 2102
"../../../Engine/Shaders/Private/RayTracing/RayTracingCommonMetal.ush" 2103
"../../../Engine/Shaders/Private/PositionReconstructionCommon.ush" 2104
"../../../Engine/Shaders/Private/RayTracing/TraceRayInline.ush" 2105
"../../../Engine/Shaders/Private/RayTracing/TraceRayInlineCommon.ush" 2106
"../../../Engine/Shaders/Private/RayTracing/TraceRayInlineVulkan.ush" 2107
"../../../Engine/Shaders/Private/RayTracing/TraceRayInlineMetal.ush" 2108
"../../../Engine/Shaders/Private/RayTracing/RayTracingHitGroupCommon.ush" 2109
"../../../Engine/Shaders/Private/Nanite/NaniteRayTrace.ush" 2110
"../../../Engine/Shaders/Private/Nanite/NaniteDataDecode.ush" 2111
"../../../Engine/Shaders/Private/BitPacking.ush" 2112
"../../../Engine/Shaders/Private/BitStreamReaderImplementation.ush" 2113
"../../../Engine/Shaders/Private/BoneTransform.ush" 2114
"../../../Engine/Shaders/Private/Quaternion.ush" 2115
"../../../Engine/Shaders/Private/Skinning/SkinningDataDecode.ush" 2116
"../../../Engine/Shaders/Private/GpuSkinCommon.ush" 2117
"../../../Engine/Shaders/Shared/SkinningDefinitions.h" 2118
"../../../Engine/Shaders/Shared/NaniteDefinitions.h" 2119
"../../../Engine/Shaders/Private/Nanite/NaniteAttributeDecode.ush" 2120
"../../../Engine/Shaders/Private/Barycentrics.ush" 2121
"../../../Engine/Shaders/Private/DualNumber.ush" 2122
"../../../Engine/Shaders/Shared/ThirdParty/RayTriangleIntersection.h" 2123
"../../../Engine/Shaders/Private/Nanite/NaniteVertexFetch.ush" 2124
"../../../Engine/Shaders/Private/ViewData.ush" 2125
"../../../Engine/Shaders/Shared/ViewDefinitions.h" 2126
"../../../Engine/Shaders/Private/Nanite/NaniteSceneCommon.ush" 2127
"../../../Engine/Shaders/Private/RayTracing/TraceRayInlineD3D12.ush" 2128
"../../../Engine/Plugins/FX/Niagara/Shaders/Private/NiagaraSpriteVertexFactory.ush" 2129
"../../../Engine/Shaders/Private/ParticleVertexFactoryCommon.ush" 2130
"../../../Engine/Plugins/FX/Niagara/Shaders/Private/NiagaraVFCommon.usf" 2131
"../../../Engine/Plugins/FX/Niagara/Shaders/Private/NiagaraVFParticleAccess.usf" 2132
"../../../Engine/Plugins/FX/Niagara/Shaders/Private/NiagaraParticleAccess.ush" 2133
"../../../Engine/Plugins/FX/Niagara/Shaders/Private/NiagaraRibbonVertexFactory.ush" 2134
"../../../Engine/Plugins/FX/Niagara/Shaders/Private/NiagaraMeshVertexFactory.ush" 2135
"../../../Engine/Plugins/FX/Niagara/Shaders/Private/NiagaraCommon.ush" 2136
"../../../Engine/Plugins/FX/Niagara/Shaders/Private/NiagaraMeshParticleUtils.ush" 2137
"../../../Engine/Shaders/Private/VectorFieldVisualizationVertexFactory.ush" 2138
"../../../Engine/Shaders/Private/Nanite/NaniteVertexFactory.ush" 2139
"../../../Engine/Shaders/Private/LightmapData.ush" 2140
"../../../Engine/Shaders/Private/SplineMeshCommon.ush" 2141
"../../../Engine/Shaders/Shared/SplineMeshShaderParams.h" 2142
"../../../Engine/Shaders/Private/ShaderPrint.ush" 2143
"../../../Engine/Shaders/Private/ShaderPrintCommon.ush" 2144
"../../../Engine/Shaders/Private/MiniFontCommon.ush" 2145
"../../../Engine/Shaders/Private/SGGX.ush" 2146
"../../../Engine/Shaders/Private/MaterialCache/MaterialCacheCommon.ush" 2147
"../../../Engine/Shaders/Private/Nanite/NaniteVertexDeformation.ush" 2148
"../../../Engine/Shaders/Private/Matrices.ush" 2149
"../../../Engine/Shaders/Private/ParticleSpriteVertexFactory.ush" 2150
"../../../Engine/Shaders/Private/ParticleGPUSpriteVertexFactory.ush" 2151
"../../../Engine/Shaders/Private/ParticleSimulationCommon.ush" 2152
"../../../Engine/Shaders/Private/ParticleBeamTrailVertexFactory.ush" 2153
"../../../Engine/Shaders/Private/MeshParticleVertexFactory.ush" 2154
"../../../Engine/Shaders/Private/LocalVertexFactory.ush" 2155
"../../../Engine/Shaders/Private/GpuSkinVertexFactory.ush" 2156
"../../../Engine/Shaders/Private/GeometryCollectionVertexFactory.ush" 2157
"../../../Engine/Shaders/Private/GeometryCacheVertexFactory.ush" 2158
"../../../Engine/Shaders/Private/LandscapeVertexFactory.ush" 2159
"../../../Engine/Plugins/NNE/NNEDenoiser/Shaders/NNEDenoiserShadersTransferFunctionOidn.usf" 2160
"../../../Engine/Plugins/NNE/NNEDenoiser/Shaders/NNEDenoiserShadersMappedCopy.usf" 2161
"../../../Engine/Plugins/NNE/NNEDenoiser/Shaders/NNEDenoiserShadersDefaultIOProcess.usf" 2162
"../../../Engine/Plugins/NNE/NNEDenoiser/Shaders/NNEDenoiserShadersAutoExposureReduceFinal.usf" 2163
"../../../Engine/Plugins/NNE/NNEDenoiser/Shaders/NNEDenoiserShadersAutoExposureReduce.usf" 2164
"../../../Engine/Plugins/NNE/NNEDenoiser/Shaders/NNEDenoiserShadersAutoExposureDownsample.usf" 2165
"../../../Engine/Plugins/Experimental/NFORDenoise/Shaders/NFORDenoise.usf" 2166
"../../../Engine/Shaders/Private/ScreenPass.ush" 2167
"../../../Engine/Plugins/Experimental/NFORDenoise/Shaders/NFORRegressionCommon.ush" 2168
"../../../Engine/Plugins/Experimental/NFORDenoise/Shaders/NFORRegression.ush" 2169
"../../../Engine/Plugins/Media/WmfMedia/Shaders/Private/MediaHardwareVideoDecoding.usf" 2170
"../../../Engine/Shaders/Private/ColorUtils.ush" 2171
"../../../Engine/Plugins/Media/ImgMedia/Shaders/Private/ExrSwizzler.usf" 2172
"../../../Engine/Plugins/Enterprise/GLTFExporter/Shaders/Private/SimpleTexture2DPS.usf" 2173
"../../../Engine/Shaders/Private/SimpleElementNormalMapPixelShader.usf" 2174
"../../../Engine/Plugins/Runtime/HairStrands/Shaders/Private/NiagaraCopyVelocityGrid.usf" 2175
"../../../Engine/Plugins/Runtime/HairStrands/Shaders/Private/NiagaraClearVelocityGrid.usf" 2176
"../../../Engine/Plugins/Runtime/HairStrands/Shaders/Private/NiagaraClearPressureGrid.usf" 2177
"../../../Engine/Plugins/Runtime/HairStrands/Shaders/Private/NiagaraInterpolateGroomGuides.usf" 2178
"../../../Engine/Plugins/Runtime/HairStrands/Shaders/Private/NiagaraGroomInterpolationUtils.ush" 2179
"../../../Engine/Plugins/FX/Niagara/Shaders/Private/NiagaraQuaternionUtils.ush" 2180
"../../../Engine/Shaders/Private/HairStrands/HairStrandsMesh.usf" 2181
"../../../Engine/Shaders/Private/HairStrands/HairStrandsBindingCommon.ush" 2182
"../../../Engine/Shaders/Private/HairStrands/HairStrandsFollicleMask.usf" 2183
"../../../Engine/Shaders/Private/HairStrands/HairStrandsSkinUpdate.usf" 2184
"../../../Engine/Shaders/Private/HairStrands/HairStrandsClusterCulling.usf" 2185
"../../../Engine/Shaders/Private/ColorMap.ush" 2186
"../../../Engine/Shaders/Private/HairStrands/HairStrandsAABBCommon.ush" 2187
"../../../Engine/Shaders/Private/HairStrands/HairStrandsClusterCommon.ush" 2188
"../../../Engine/Shaders/Private/ThreadGroupPrefixSum.ush" 2189
"../../../Engine/Shaders/Private/HairStrands/HairStrandsRaytracingGeometry.usf" 2190
"../../../Engine/Shaders/Private/HairStrands/HairStrandsTangent.usf" 2191
"../../../Engine/Shaders/Private/HairStrands/HairCardsDeformation.usf" 2192
"../../../Engine/Shaders/Private/HairStrands/HairStrandsInterpolation.usf" 2193
"../../../Engine/Shaders/Private/HairStrands/HairStrandsGuideDeform.usf" 2194
"../../../Engine/Shaders/Private/HairStrands/HairStrandsTexturesGeneration.usf" 2195
"../../../Engine/Shaders/Private/HairStrands/HairCardsTextureCommon.ush" 2196
"../../../Engine/Shaders/Private/HairStrands/HairStrandsTranscode.usf" 2197
"../../../Engine/Shaders/Private/HairStrands/HairStrandsDebug.usf" 2198
"../../../Engine/Shaders/Private/HairShadingCommon.ush" 2199
"../../../Engine/Shaders/Private/PostProcessCommon.ush" 2200
"../../../Engine/Shaders/Private/ShadingModels.ush" 2201
"../../../Engine/Shaders/Private/CapsuleLight.ush" 2202
"../../../Engine/Shaders/Private/RectLight.ush" 2203
"../../../Engine/Shaders/Private/LightData.ush" 2204
"../../../Engine/Shaders/Shared/LightDefinitions.h" 2205
"../../../Engine/Shaders/Private/AreaLightCommon.ush" 2206
"../../../Engine/Shaders/Private/HairBsdf.ush" 2207
"../../../Engine/Shaders/Private/PathTracing/Utilities/PathTracingRandomSequence.ush" 2208
"../../../Engine/Shaders/Private/MobileGGX.ush" 2209
"../../../Engine/Shaders/Private/HairStrands/HairStrandsCommon.ush" 2210
"../../../Engine/Shaders/Private/HairStrands/HairStrandsEnvironmentLightingCommon.ush" 2211
"../../../Engine/Shaders/Private/HairStrands/HairStrandsDeepTransmittanceCommon.ush" 2212
"../../../Engine/Shaders/Private/HairStrands/HairStrandsDeepTransmittanceDualScattering.ush" 2213
"../../../Engine/Shaders/Private/HairStrands/HairStrandsDeepShadowCommon.ush" 2214
"../../../Engine/Shaders/Private/HairStrands/HairStrandsDebugCommonStruct.ush" 2215
"../../../Engine/Plugins/FX/Niagara/Shaders/Private/NiagaraVertexFactoryExport.usf" 2216
"../../../Engine/Shaders/Private/ComputeShaderUtils.ush" 2217
"../../../Engine/Shaders/Private/MaterialTemplate.ush" 2218
"../../../Engine/Shaders/Private/WorldSpaceMath.ush" 2219
"../../../Engine/Shaders/Private/EyeAdaptationCommon.ush" 2220
"../../../Engine/Shaders/Private/SobolRandom.ush" 2221
"../../../Engine/Shaders/Private/DepthOfFieldCommon.ush" 2222
"../../../Engine/Shaders/Private/CircleDOFCommon.ush" 2223
"../../../Engine/Shaders/Private/DistanceField/GlobalDistanceFieldShared.ush" 2224
"../../../Engine/Shaders/Private/PhysicsFieldSampler.ush" 2225
"../../../Engine/Shaders/Private/PhysicsFieldShared.ush" 2226
"../../../Engine/Shaders/Private/SparseVolumeTexture/SparseVolumeTextureCommon.ush" 2227
"../../../Engine/Shaders/Shared/EnvironmentComponentsFlags.h" 2228
"../../../Engine/Shaders/Private/MeshPaintTextureCommon.ush" 2229
"../../../Engine/Shaders/Private/VirtualTextureMaterial.ush" 2230
"../../../Engine/Shaders/Private/MaterialCache/MaterialCacheMaterialCommon.ush" 2231
"../../../Engine/Shaders/Private/Quantization.ush" 2232
"../../../Engine/Shaders/Private/SpeedTreeCommon.ush" 2233
"../../../Engine/Shaders/Private/VirtualTextureCommon.ush" 2234
"../../../Engine/Shaders/Public/IndirectVirtualTextureCommon.ush" 2235
"../../../Engine/Shaders/Private/MaterialTexture.ush" 2236
"../../../Engine/Shaders/Private/MinMaterialTexCoords.ush" 2237
"../../../Engine/Shaders/Private/SkyAtmosphereCommon.ush" 2238
"../../../Engine/Shaders/Private/SingleLayerWaterCommon.ush" 2239
"../../../Engine/Shaders/Private/TextureSampling.ush" 2240
"../../../Engine/Shaders/Private/PaniniProjection.ush" 2241
"../../../Engine/Shaders/Private/DBufferNormalReprojection.ush" 2242
"../../../Engine/Shaders/Public/SubstratePublic.ush" 2243
"../../../Engine/Shaders/Private/Substrate/SubstrateRead.ush" 2244
"../../../Engine/Shaders/Private/Substrate/SubstrateTree.ush" 2245
"../../../Engine/Shaders/Private/Substrate/SubstrateEvaluation.ush" 2246
"../../../Engine/Shaders/Private/Substrate/Glint/GlintThirdParty.ush" 2247
"../../../Engine/Shaders/Private/BlueNoise.ush" 2248
"../../../Engine/Shaders/Private/SHCommon.ush" 2249
"../../../Engine/Shaders/Private/ShadingModelsSampling.ush" 2250
"../../../Engine/Shaders/Private/HairStrands/HairBsdfSample.ush" 2251
"../../../Engine/Shaders/Private/Substrate/SubstrateLegacyConversion.ush" 2252
"../../../Engine/Shaders/Private/DBufferDecalShared.ush" 2253
"../../../Engine/Plugins/FX/Niagara/Shaders/Private/NiagaraSortKeyGen.usf" 2254
"../../../Engine/Plugins/FX/Niagara/Shaders/Private/NiagaraGPURayTracingTransforms.usf" 2255
"../../../Engine/Plugins/FX/Niagara/Shaders/Private/NiagaraDrawIndirectArgsGen.usf" 2256
"../../../Engine/Plugins/FX/Niagara/Shaders/Private/NiagaraDispatchIndirectArgsGen.usf" 2257
"../../../Engine/Plugins/FX/Niagara/Shaders/Private/Stateless/NiagaraStatelessSimulationDefault.usf" 2258
"../../../Engine/Plugins/FX/Niagara/Shaders/Private/Stateless/NiagaraStatelessCommon.ush" 2259
"../../../Engine/Plugins/FX/Niagara/Shaders/Shared/NiagaraStatelessDefinitions.h" 2260
"../../../Engine/Plugins/FX/Niagara/Shaders/Shared/NiagaraStatelessBuiltDistribution.h" 2261
"../../../Engine/Plugins/FX/Niagara/Shaders/Private/Stateless/NiagaraStatelessDistribution.ush" 2262
"../../../Engine/Plugins/FX/Niagara/Shaders/Private/Stateless/Template/GenerateCS_PreModules.ush" 2263
"../../../Engine/Plugins/FX/Niagara/Shaders/Private/Stateless/Modules/NiagaraStatelessModule_CalculateAccurateVelocity.ush" 2264
"../../../Engine/Plugins/FX/Niagara/Shaders/Private/Stateless/Modules/NiagaraStatelessModule_CameraOffset.ush" 2265
"../../../Engine/Plugins/FX/Niagara/Shaders/Private/Stateless/Modules/NiagaraStatelessModule_DynamicMaterialParameters.ush" 2266
"../../../Engine/Plugins/FX/Niagara/Shaders/Private/Stateless/Modules/NiagaraStatelessModule_InitializeParticle.ush" 2267
"../../../Engine/Plugins/FX/Niagara/Shaders/Private/Stateless/Modules/NiagaraStatelessModule_InitialMeshOrientation.ush" 2268
"../../../Engine/Plugins/FX/Niagara/Shaders/Private/Stateless/Modules/NiagaraStatelessModule_MeshIndex.ush" 2269
"../../../Engine/Plugins/FX/Niagara/Shaders/Private/Stateless/Modules/NiagaraStatelessModule_MeshRotationRate.ush" 2270
"../../../Engine/Plugins/FX/Niagara/Shaders/Private/Stateless/Modules/NiagaraStatelessModule_RotateAroundPoint.ush" 2271
"../../../Engine/Plugins/FX/Niagara/Shaders/Private/Stateless/Modules/NiagaraStatelessModule_ShapeLocation.ush" 2272
"../../../Engine/Plugins/FX/Niagara/Shaders/Private/Stateless/Modules/NiagaraStatelessModule_ScaleColor.ush" 2273
"../../../Engine/Plugins/FX/Niagara/Shaders/Private/Stateless/Modules/NiagaraStatelessModule_ScaleRibbonWidth.ush" 2274
"../../../Engine/Plugins/FX/Niagara/Shaders/Private/Stateless/Modules/NiagaraStatelessModule_ScaleSpriteSize.ush" 2275
"../../../Engine/Plugins/FX/Niagara/Shaders/Private/Stateless/Modules/NiagaraStatelessModule_ScaleSpriteSizeBySpeed.ush" 2276
"../../../Engine/Plugins/FX/Niagara/Shaders/Private/Stateless/Modules/NiagaraStatelessModule_ScaleMeshSize.ush" 2277
"../../../Engine/Plugins/FX/Niagara/Shaders/Private/Stateless/Modules/NiagaraStatelessModule_ScaleMeshSizebySpeed.ush" 2278
"../../../Engine/Plugins/FX/Niagara/Shaders/Private/Stateless/Modules/NiagaraStatelessModule_SolveVelocitiesAndForces.ush" 2279
"../../../Engine/Plugins/FX/Niagara/Shaders/Private/Stateless/Modules/NiagaraStatelessModule_SpriteFacingAndAlignment.ush" 2280
"../../../Engine/Plugins/FX/Niagara/Shaders/Private/Stateless/Modules/NiagaraStatelessModule_SpriteRotationRate.ush" 2281
"../../../Engine/Plugins/FX/Niagara/Shaders/Private/Stateless/Modules/NiagaraStatelessModule_SubUVAnimation.ush" 2282
"../../../Engine/Plugins/FX/Niagara/Shaders/Private/Stateless/Template/GenerateCS_PostModules.ush" 2283
"../../../Engine/Plugins/FX/Niagara/Shaders/Private/NiagaraBlendSVTsToDenseBuffer.usf" 2284
"../../../Engine/Plugins/FX/Niagara/Shaders/Private/NiagaraSVTToDenseBuffer.usf" 2285
"../../../Engine/Plugins/FX/Niagara/Shaders/Private/NiagaraFillIntBuffer.usf" 2286
"../../../Engine/Plugins/FX/Niagara/Shaders/Private/NiagaraComputeFreeIDs.usf" 2287
"../../../Engine/Plugins/FX/Niagara/Shaders/Private/NiagaraInitFreeIDBuffer.usf" 2288
"../../../Engine/Plugins/FX/Niagara/Shaders/Private/NiagaraEmitterInstanceShader.usf" 2289
"../../../Engine/Plugins/FX/Niagara/Shaders/Private/NiagaraShaderVersion.ush" 2290
"../../../Engine/Plugins/FX/Niagara/Shaders/Private/NiagaraPhysicsCommon.ush" 2291
"../../../Engine/Plugins/FX/Niagara/Shaders/Private/Ribbons/NiagaraRibbonAggregationApply.usf" 2292
"../../../Engine/Plugins/FX/Niagara/Shaders/Private/Ribbons/NiagaraRibbonCommon.ush" 2293
"../../../Engine/Plugins/FX/Niagara/Shaders/Shared/NiagaraRibbonShared.h" 2294
"../../../Engine/Plugins/FX/Niagara/Shaders/Private/Ribbons/NiagaraRibbonAggregationStep.usf" 2295
"../../../Engine/Plugins/FX/Niagara/Shaders/Private/Ribbons/NiagaraRibbonGenerateIndices.usf" 2296
"../../../Engine/Plugins/FX/Niagara/Shaders/Private/Ribbons/NiagaraRibbonInitializeIndices.usf" 2297
"../../../Engine/Plugins/FX/Niagara/Shaders/Private/Ribbons/NiagaraRibbonRibbonUVParamCalculation.usf" 2298
"../../../Engine/Plugins/FX/Niagara/Shaders/Private/Ribbons/NiagaraRibbonVertexReductionFinalization.usf" 2299
"../../../Engine/Plugins/FX/Niagara/Shaders/Private/Ribbons/NiagaraRibbonVertexReductionInitialization.usf" 2300
"../../../Engine/Plugins/FX/Niagara/Shaders/Private/Ribbons/NiagaraRibbonSortParticles.usf" 2301
"../../../Engine/Plugins/FX/Niagara/Shaders/Private/NiagaraLWCHelper.usf" 2302
"../../../Engine/Plugins/FX/Niagara/Shaders/Private/NiagaraUpdateMeshGPUSceneInstances.usf" 2303
"../../../Engine/Shaders/Private/GPUScene/GPUSceneWriter.ush" 2304
"../../../Engine/Plugins/FX/Niagara/Shaders/Private/NiagaraGenerateMips.usf" 2305
"../../../Engine/Plugins/FX/Niagara/Shaders/Private/NiagaraDebugDraw.usf" 2306
"../../../Engine/Plugins/FX/Niagara/Shaders/Private/NiagaraDebugDraw.ush" 2307
"../../../Engine/Plugins/FX/Niagara/Shaders/Private/NiagaraVisualizeTexture.usf" 2308
"../../../Engine/Plugins/FX/Niagara/Shaders/Private/NiagaraClearCounts.usf" 2309
"../../../Engine/Plugins/FX/Niagara/Shaders/Private/NiagaraBatchedElements.usf" 2310
"../../../Engine/Plugins/FX/Niagara/Shaders/Private/NiagaraRayTracingShaders.usf" 2311
"../../../Engine/Plugins/FX/Niagara/Shaders/Private/NiagaraAsyncGpuTraceCommon.ush" 2312
"../../../Engine/Shaders/Private/HashTable.ush" 2313
"../../../Engine/Shaders/Private/Hash.ush" 2314
"../../../Engine/Shaders/Private/RayTracing/VFXTraceRay.ush" 2315
"../../../Engine/Plugins/FX/Niagara/Shaders/Private/NiagaraRayMarchingShaders.usf" 2316
"../../../Engine/Plugins/FX/Niagara/Shaders/Private/NiagaraRayTraceCollisionGroupShaders.usf" 2317
"../../../Engine/Plugins/FX/Niagara/Shaders/Private/NiagaraAsyncGpuTraceUtils.usf" 2318
"../../../Engine/Plugins/Compositing/CompositeCore/Shaders/Private/CompositeCoreMerge.usf" 2319
"../../../Engine/Shaders/Private/LensDistortion.ush" 2320
"../../../Engine/Plugins/Compositing/CompositeCore/Shaders/Private/CompositeCoreBlending.ush" 2321
"../../../Engine/Plugins/Compositing/CompositeCore/Shaders/Private/CompositeCoreDisplayTransform.usf" 2322
"../../../Engine/Plugins/Compositing/CompositeCore/Shaders/Private/CompositeCoreDilate.usf" 2323
"../../../Engine/Plugins/Runtime/ComputeFramework/Shaders/Private/ComputeKernel.usf" 2324
"../../../Engine/Plugins/Runtime/ComputeFramework/Shaders/Private/ComputeKernelCommon.ush" 2325
"../../../Engine/Shaders/Private/VirtualTextureAdapter.usf" 2326
"../../../Engine/Shaders/Private/BlockCompressionCommon.ush" 2327
"../../../Engine/Shaders/Private/BCCompressionCommon.ush" 2328
"../../../Engine/Shaders/Private/TranslucentLightingShaders.usf" 2329
"../../../Engine/Shaders/Private/TranslucencyVolumeInjectionCommon.ush" 2330
"../../../Engine/Shaders/Private/CubemapCommon.ush" 2331
"../../../Engine/Shaders/Private/VectorFieldCompositeShaders.usf" 2332
"../../../Engine/Shaders/Private/UpdateTextureShaders.usf" 2333
"../../../Engine/Shaders/Private/StereoLayerShader.usf" 2334
"../../../Engine/Shaders/Private/SparseVolumeTexture/UpdateSparseVolumeTexture.usf" 2335
"../../../Engine/Shaders/Private/MorphTargets.usf" 2336
"../../../Engine/Shaders/Private/SimpleElementColorChannelMaskPixelShader.usf" 2337
"../../../Engine/Shaders/Private/SimpleElementHitProxyPixelShader.usf" 2338
"../../../Engine/Shaders/Private/SimpleElementPixelShader.usf" 2339
"../../../Engine/Shaders/Private/IESLightProfilesCommon.ush" 2340
"../../../Engine/Shaders/Private/SimpleElementVertexShader.usf" 2341
"../../../Engine/Shaders/Private/ScreenPixelShaderOES.usf" 2342
"../../../Engine/Shaders/Private/ScreenVertexShader.usf" 2343
"../../../Engine/Shaders/Private/ScreenPixelShader.usf" 2344
"../../../Engine/Shaders/Private/SSProfilePreIntegratedMobile.usf" 2345
"../../../Engine/Shaders/Private/SpecularProfile.usf" 2346
"../../../Engine/Shaders/Private/Nanite/NaniteStreaming.usf" 2347
"../../../Engine/Shaders/Private/Nanite/NaniteStreaming.ush" 2348
"../../../Engine/Shaders/Private/VolumetricLightmapStreaming.usf" 2349
"../../../Engine/Shaders/Private/PhysicsFieldReset.usf" 2350
"../../../Engine/Shaders/Private/PhysicsFieldBuilder.usf" 2351
"../../../Engine/Shaders/Private/PhysicsFieldEval.ush" 2352
"../../../Engine/Shaders/Private/ParticleSortKeyGen.usf" 2353
"../../../Engine/Shaders/Private/ParticleBoundsShader.usf" 2354
"../../../Engine/Shaders/Private/ParticleSimVisualizeShader.usf" 2355
"../../../Engine/Shaders/Private/ParticleInjectionShader.usf" 2356
"../../../Engine/Shaders/Private/ParticleSimulationShader.usf" 2357
"../../../Engine/Shaders/Private/ParticleCurveInjectionShader.usf" 2358
"../../../Engine/Shaders/Private/Nanite/NaniteTranscode.usf" 2359
"../../../Engine/Shaders/Private/Nanite/NaniteScatterUpdates.usf" 2360
"../../../Engine/Shaders/Private/CopyUIntBuffer.usf" 2361
"../../../Engine/Shaders/Private/RadixSortShaders.usf" 2362
"../../../Engine/Shaders/Private/RecomputeTangentsPerVertexPass.usf" 2363
"../../../Engine/Shaders/Private/RecomputeTangentsCommon.ush" 2364
"../../../Engine/Shaders/Private/RecomputeTangentsPerTrianglePass.usf" 2365
"../../../Engine/Shaders/Private/DynamicMeshBounds.usf" 2366
"../../../Engine/Shaders/Private/GpuSkinCacheComputeShader.usf" 2367
"../../../Engine/Shaders/Private/DynamicMeshBounds.ush" 2368
"../../../Engine/Shaders/Private/HeightFieldAtlasManagement.usf" 2369
"../../../Engine/Shaders/Private/Landscape/LandscapeEditLayersUtils.usf" 2370
"../../../Engine/Shaders/Private/Landscape/LandscapeCommon.ush" 2371
"../../../Engine/Shaders/Private/Landscape/LandscapeEditLayersWeightmaps.usf" 2372
"../../../Engine/Shaders/Private/Landscape/LandscapeEditLayersHeightmaps.usf" 2373
"../../../Engine/Shaders/Private/LandscapeLayersPS.usf" 2374
"../../../Engine/Shaders/Private/LandscapePhysicalMaterial.usf" 2375
"../../../Engine/Shaders/Private/LandscapeGrassWeight.usf" 2376
"../../../Engine/Shaders/Private/Landscape/LandscapeCulling.usf" 2377
"../../../Engine/Shaders/Private/Nanite/NaniteHZBCull.ush" 2378
"../../../Engine/Shaders/Private/HZB.ush" 2379
"../../../Engine/Shaders/Private/Landscape/LandscapeMergeTexturesPS.usf" 2380
"../../../Engine/Shaders/Private/WideCustomResolveShaders.usf" 2381
"../../../Engine/Shaders/Private/WideCustomResolve_Wide.ush" 2382
"../../../Engine/Shaders/Private/WideCustomResolve_Wider.ush" 2383
"../../../Engine/Shaders/Private/WideCustomResolve_Widest.ush" 2384
"../../../Engine/Shaders/Private/WaterInfoTextureBlur.usf" 2385
"../../../Engine/Shaders/Private/WaterInfoTextureMerge.usf" 2386
"../../../Engine/Shaders/Private/PageTableUpdate.usf" 2387
"../../../Engine/Shaders/Private/VirtualTextureCompress.usf" 2388
"../../../Engine/Shaders/Private/ASTCCompressionCommon.ush" 2389
"../../../Engine/Shaders/Private/IntegerSequenceEncoding.ush" 2390
"../../../Engine/Shaders/Private/ETCCompressionCommon.ush" 2391
"../../../Engine/Shaders/Private/VirtualTextureMaterial.usf" 2392
"../../../Engine/Shaders/Private/PixelShaderOutputCommon.ush" 2393
"../../../Engine/Shaders/Private/ShaderOutputCommon.ush" 2394
"../../../Engine/Shaders/Private/VolumetricRenderTarget.usf" 2395
"../../../Engine/Shaders/Private/HeightFogCommon.ush" 2396
"../../../Engine/Shaders/Private/LocalFogVolumes/LocalFogVolumeCommon.ush" 2397
"../../../Engine/Shaders/Private/ReflectionEnvironmentShared.ush" 2398
"../../../Engine/Shaders/Private/VolumetricFogVoxelization.usf" 2399
"../../../Engine/Shaders/Private/VolumetricCloudMaterialPixelCommon.ush" 2400
"../../../Engine/Shaders/Private/VolumetricFogLightFunction.usf" 2401
"../../../Engine/Shaders/Private/LightFunctionCommon.ush" 2402
"../../../Engine/Shaders/Private/VolumetricFog.usf" 2403
"../../../Engine/Shaders/Private/DeferredLightingCommon.ush" 2404
"../../../Engine/Shaders/Private/DynamicLightingCommon.ush" 2405
"../../../Engine/Shaders/Private/CapsuleLightIntegrate.ush" 2406
"../../../Engine/Shaders/Private/CapsuleLightSampling.ush" 2407
"../../../Engine/Shaders/Private/RectLightIntegrate.ush" 2408
"../../../Engine/Shaders/Private/ScreenSpaceShadowRayCast.ush" 2409
"../../../Engine/Shaders/Private/LightFunctionAtlas/LightFunctionAtlasCommon.usf" 2410
"../../../Engine/Shaders/Private/LightGridCommon.ush" 2411
"../../../Engine/Shaders/Private/DistanceFieldAOShared.ush" 2412
"../../../Engine/Shaders/Private/IntersectionUtils.ush" 2413
"../../../Engine/Shaders/Private/VolumeLightingCommon.ush" 2414
"../../../Engine/Shaders/Private/ShadowProjectionCommon.ush" 2415
"../../../Engine/Shaders/Private/ShadowFilteringCommon.ush" 2416
"../../../Engine/Shaders/Private/PixelQuadMessagePassing.ush" 2417
"../../../Engine/Shaders/Private/VolumeLightingCommonSampling.ush" 2418
"../../../Engine/Shaders/Private/VolumetricLightmapShared.ush" 2419
"../../../Engine/Shaders/Private/ForwardShadowingCommon.ush" 2420
"../../../Engine/Shaders/Private/LightDataUniforms.ush" 2421
"../../../Engine/Shaders/Private/Lumen/LumenTranslucencyVolumeShared.ush" 2422
"../../../Engine/Shaders/Private/Lumen/LumenRadianceCacheInterpolation.ush" 2423
"../../../Engine/Shaders/Private/VirtualShadowMaps/VirtualShadowMapProjectionCommon.ush" 2424
"../../../Engine/Shaders/Private/VirtualShadowMaps/VirtualShadowMapPageAccessCommon.ush" 2425
"../../../Engine/Shaders/Shared/VirtualShadowMapDefinitions.h" 2426
"../../../Engine/Shaders/Shared/HLSLMathAliases.h" 2427
"../../../Engine/Shaders/Private/VirtualShadowMaps/VirtualShadowMapHandle.ush" 2428
"../../../Engine/Shaders/Private/VirtualShadowMaps/VirtualShadowMapProjectionStructs.ush" 2429
"../../../Engine/Shaders/Private/DiaphragmDOF/DOFCommon.ush" 2430
"../../../Engine/Shaders/Private/VolumetricCloudCommon.ush" 2431
"../../../Engine/Shaders/Private/VolumetricCloud.usf" 2432
"../../../Engine/Shaders/Private/VisualizeVolumetricLightmap.usf" 2433
"../../../Engine/Shaders/Private/VirtualShadowMaps/VirtualShadowMapProjectionComposite.usf" 2434
"../../../Engine/Shaders/Private/LightShaderParameters.ush" 2435
"../../../Engine/Shaders/Private/VirtualShadowMaps/VirtualShadowMapMaskBitsCommon.ush" 2436
"../../../Engine/Shaders/Private/VirtualShadowMaps/VirtualShadowMapLightGrid.ush" 2437
"../../../Engine/Shaders/Private/VirtualShadowMaps/VirtualShadowMapProjection.usf" 2438
"../../../Engine/Shaders/Private/Visualization.ush" 2439
"../../../Engine/Shaders/Private/VirtualShadowMaps/VirtualShadowMapProjectionFilter.ush" 2440
"../../../Engine/Shaders/Private/VirtualShadowMaps/VirtualShadowMapProjectionDirectional.ush" 2441
"../../../Engine/Shaders/Private/VirtualShadowMaps/VirtualShadowMapSMRTCommon.ush" 2442
"../../../Engine/Shaders/Private/VirtualShadowMaps/VirtualShadowMapSMRTTemplate.ush" 2443
"../../../Engine/Shaders/Private/VirtualShadowMaps/VirtualShadowMapProjectionSpot.ush" 2444
"../../../Engine/Shaders/Private/VirtualShadowMaps/VirtualShadowMapTransmissionCommon.ush" 2445
"../../../Engine/Shaders/Private/VirtualShadowMaps/VirtualShadowMapScreenRayTrace.ush" 2446
"../../../Engine/Shaders/Private/VirtualShadowMaps/VirtualShadowMapStats.ush" 2447
"../../../Engine/Shaders/Private/HairStrands/HairStrandsVoxelPageCommon.ush" 2448
"../../../Engine/Shaders/Private/HairStrands/HairStrandsVoxelPageTraversal.ush" 2449
"../../../Engine/Shaders/Private/VirtualShadowMaps/VirtualShadowMapCacheGPUInvalidation.usf" 2450
"../../../Engine/Shaders/Private/VirtualShadowMaps/VirtualShadowMapPageCacheCommon.ush" 2451
"../../../Engine/Shaders/Private/VirtualShadowMaps/VirtualShadowMapCacheInvalidation.ush" 2452
"../../../Engine/Shaders/Private/VirtualShadowMaps/VirtualShadowMapPageOverlap.ush" 2453
"../../../Engine/Shaders/Private/ScreenSpaceDenoise/SSDDefinitions.ush" 2454
"../../../Engine/Shaders/Private/InstanceCulling/InstanceCullingLoadBalancer.ush" 2455
"../../../Engine/Shaders/Private/VirtualShadowMaps/VirtualShadowMapCacheLoadBalancer.usf" 2456
"../../../Engine/Shaders/Private/VirtualShadowMaps/VirtualShadowMapCopyStats.usf" 2457
"../../../Engine/Shaders/Private/VirtualShadowMaps/VirtualShadowMapShadowCasterBounds.usf" 2458
"../../../Engine/Shaders/Private/VirtualShadowMaps/VirtualShadowMapVisualize.ush" 2459
"../../../Engine/Shaders/Private/VirtualShadowMaps/VirtualShadowMapShadowCasterColor.usf" 2460
"../../../Engine/Shaders/Private/VirtualShadowMaps/VirtualShadowMapDebug.usf" 2461
"../../../Engine/Shaders/Private/VirtualShadowMaps/Desaturate.usf" 2462
"../../../Engine/Shaders/Private/VirtualShadowMaps/VirtualShadowMapPhysicalPageManagement.usf" 2463
"../../../Engine/Shaders/Private/ReductionCommon.ush" 2464
"../../../Engine/Shaders/Private/GPUMessaging.ush" 2465
"../../../Engine/Shaders/Private/VirtualShadowMaps/VirtualShadowMapPerPageDispatch.ush" 2466
"../../../Engine/Shaders/Private/VirtualShadowMaps/VirtualShadowMapComputeExplicitChunkDrawsViewMask.usf" 2467
"../../../Engine/Shaders/Shared/SceneCullingDefinitions.h" 2468
"../../../Engine/Shaders/Private/VirtualShadowMaps/VirtualShadowMapCompactViews.usf" 2469
"../../../Engine/Shaders/Private/VirtualShadowMaps/VirtualShadowMapBuildPerPageDrawCommands.usf" 2470
"../../../Engine/Shaders/Private/Nanite/NaniteCullingCommon.ush" 2471
"../../../Engine/Shaders/Private/Nanite/NaniteCulling.ush" 2472
"../../../Engine/Shaders/Private/Nanite/NaniteHierarchyTraversalCommon.ush" 2473
"../../../Engine/Shaders/Private/InstanceCulling/InstanceCullingCommon.ush" 2474
"../../../Engine/Shaders/Shared/InstanceCullingDefinitions.h" 2475
"../../../Engine/Shaders/Private/VirtualShadowMaps/VirtualShadowMapPrintStats.usf" 2476
"../../../Engine/Shaders/Private/VirtualShadowMaps/VirtualShadowMapPageManagement.usf" 2477
"../../../Engine/Shaders/Private/VirtualShadowMaps/VirtualShadowMapPageMarking.usf" 2478
"../../../Engine/Shaders/Private/VirtualShadowMaps/VirtualShadowMapPageMarking.ush" 2479
"../../../Engine/Shaders/Shared/SingleLayerWaterDefinitions.h" 2480
"../../../Engine/Shaders/Private/HairStrands/HairStrandsTileCommon.ush" 2481
"../../../Engine/Shaders/Private/Froxel/Froxel.ush" 2482
"../../../Engine/Shaders/Shared/FroxelDefinitions.h" 2483
"../../../Engine/Shaders/Private/VirtualShadowMaps/VirtualShadowMapThrottle.usf" 2484
"../../../Engine/Shaders/Private/VelocityUpdate.usf" 2485
"../../../Engine/Shaders/Private/VelocityCommon.ush" 2486
"../../../Engine/Shaders/Private/VelocityShader.usf" 2487
"../../../Engine/Shaders/Private/VariableRateShading/VRSShadingRatePreview.usf" 2488
"../../../Engine/Shaders/Private/VariableRateShading/VRSShadingRateCommon.ush" 2489
"../../../Engine/Shaders/Private/VariableRateShading/VRSShadingRateCombine.usf" 2490
"../../../Engine/Shaders/Private/VariableRateShading/VRSShadingRateFoveated.usf" 2491
"../../../Engine/Shaders/Private/VariableRateShading/VRSShadingRateReproject.usf" 2492
"../../../Engine/Shaders/Private/VariableRateShading/VRSShadingRateCalculate.usf" 2493
"../../../Engine/Shaders/Private/TranslucencyUpsampling.usf" 2494
"../../../Engine/Shaders/Private/ComposeSeparateTranslucency.usf" 2495
"../../../Engine/Shaders/Private/SeparateTranslucency.ush" 2496
"../../../Engine/Shaders/Private/TranslucencyVolumeVisualize.usf" 2497
"../../../Engine/Shaders/Private/TranslucencyVolumeCommon.ush" 2498
"../../../Engine/Shaders/Private/TranslucentLightInjectionShaders.usf" 2499
"../../../Engine/Shaders/Private/HeterogeneousVolumes/HeterogeneousVolumesAdaptiveVolumetricShadowMapSampling.ush" 2500
"../../../Engine/Shaders/Private/HeterogeneousVolumes/HeterogeneousVolumesAdaptiveVolumetricShadowMapUtils.ush" 2501
"../../../Engine/Shaders/Private/HeterogeneousVolumes/HeterogeneousVolumesBeerShadowMapUtils.ush" 2502
"../../../Engine/Shaders/Private/TranslucentShadowDepthShaders.usf" 2503
"../../../Engine/Shaders/Private/ShadowDepthCommon.ush" 2504
"../../../Engine/Shaders/Private/RayTracing/RayTracingTest.usf" 2505
"../../../Engine/Shaders/Private/PostprocessSubsurfaceTile.usf" 2506
"../../../Engine/Shaders/Private/PostProcessSubsurfaceCommon.ush" 2507
"../../../Engine/Shaders/Private/Substrate/SubstrateVisualize.usf" 2508
"../../../Engine/Shaders/Private/Substrate/SubstrateTile.ush" 2509
"../../../Engine/Shaders/Shared/SubstrateVisualizeDefinitions.h" 2510
"../../../Engine/Shaders/Private/Substrate/SubstrateVisualizeCommon.ush" 2511
"../../../Engine/Shaders/Private/SkyLightingDiffuseShared.ush" 2512
"../../../Engine/Shaders/Private/SkyLightingShared.ush" 2513
"../../../Engine/Shaders/Private/ClearCoatCommon.ush" 2514
"../../../Engine/Shaders/Private/ReflectionEnvironmentComposite.ush" 2515
"../../../Engine/Shaders/Private/Substrate/SubstrateLightingCommon.ush" 2516
"../../../Engine/Shaders/Private/Substrate/SubstrateRoughRefraction.usf" 2517
"../../../Engine/Shaders/Private/PathTracing/Material/PathTracingFresnel.ush" 2518
"../../../Engine/Shaders/Private/PathTracing/Material/PathTracingGlossy.ush" 2519
"../../../Engine/Shaders/Private/Substrate/SubstrateMaterialSampling.usf" 2520
"../../../Engine/Shaders/Private/Substrate/SubstrateMaterialSampling.ush" 2521
"../../../Engine/Shaders/Private/Lumen/LumenPosition.ush" 2522
"../../../Engine/Shaders/Private/Substrate/SubstrateTile.usf" 2523
"../../../Engine/Shaders/Private/Substrate/SubstrateMaterialClassification.usf" 2524
"../../../Engine/Shaders/Private/Substrate/SubstrateDBuffer.usf" 2525
"../../../Engine/Shaders/Private/StochasticLighting/StochasticLightingTileClassification.usf" 2526
"../../../Engine/Shaders/Private/Lumen/LumenMaterial.ush" 2527
"../../../Engine/Shaders/Private/HairStrands/HairStrandsVisibilityUtils.ush" 2528
"../../../Engine/Shaders/Private/Lumen/LumenReflectionCommon.ush" 2529
"../../../Engine/Shaders/Private/Lumen/LumenReflectionsCombine.ush" 2530
"../../../Engine/Shaders/Private/Lumen/LumenScreenProbeTileClassication.ush" 2531
"../../../Engine/Shaders/Private/MegaLights/MegaLightsTileClassification.ush" 2532
"../../../Engine/Shaders/Private/StochasticLighting/StochasticLightingUpsample.ush" 2533
"../../../Engine/Shaders/Private/StochasticLighting/StochasticLightingCommon.ush" 2534
"../../../Engine/Shaders/Private/SplineMeshSceneTexture.usf" 2535
"../../../Engine/Shaders/Private/SparseVolumeTexture/VisualizeSparseVolumeTexture.usf" 2536
"../../../Engine/Shaders/Private/SkyAtmosphere.usf" 2537
"../../../Engine/Shaders/Private/Nanite/NaniteSkinningUpdateViewData.usf" 2538
"../../../Engine/Shaders/Private/SceneCulling/SceneCulling.ush" 2539
"../../../Engine/Shaders/Private/Skinning/TransformProviders.usf" 2540
"../../../Engine/Shaders/Private/Skinning/SkinnedMeshDebug.usf" 2541
"../../../Engine/Shaders/Private/Skinning/AnimBankEval.usf" 2542
"../../../Engine/Shaders/Private/SingleLayerWaterComposite.usf" 2543
"../../../Engine/Shaders/Private/Froxel/FroxelBuild.ush" 2544
"../../../Engine/Shaders/Private/SingleLayerWaterRefractionCulling.usf" 2545
"../../../Engine/Shaders/Private/ScreenSpaceShadows.usf" 2546
"../../../Engine/Shaders/Private/bend_sss_gpu.ush" 2547
"../../../Engine/Shaders/Private/ShadowFactorsUpsampleCommon.ush" 2548
"../../../Engine/Shaders/Private/FirstPersonSelfShadow.usf" 2549
"../../../Engine/Shaders/Private/HZBTracing.ush" 2550
"../../../Engine/Shaders/Private/LateZDummyPS.usf" 2551
"../../../Engine/Shaders/Private/ShadowProjectionVertexShader.usf" 2552
"../../../Engine/Shaders/Private/ShadowProjectionPixelShader.usf" 2553
"../../../Engine/Shaders/Private/MobileLightingCommon.ush" 2554
"../../../Engine/Shaders/Private/PlanarReflectionShared.ush" 2555
"../../../Engine/Shaders/Private/MobileSSR.ush" 2556
"../../../Engine/Shaders/Private/SSRT/SSRTRayCast.ush" 2557
"../../../Engine/Shaders/Private/ShadowPercentageCloserFiltering.ush" 2558
"../../../Engine/Shaders/Private/TransmissionThickness.ush" 2559
"../../../Engine/Shaders/Private/CopyShadowMaps.usf" 2560
"../../../Engine/Shaders/Private/ShadowDepthPixelShader.usf" 2561
"../../../Engine/Shaders/Private/ShadowDepthVertexShader.usf" 2562
"../../../Engine/Shaders/Private/ShadingEnergyConservationTable.usf" 2563
"../../../Engine/Shaders/Shared/PathTracingDefinitions.h" 2564
"../../../Engine/Shaders/Private/ShadingFurnaceTest.usf" 2565
"../../../Engine/Shaders/Private/Substrate/SubstrateDeferredLighting.ush" 2566
"../../../Engine/Shaders/Private/ShaderPrintDraw.usf" 2567
"../../../Engine/Shaders/Private/ShaderPrintDrawPrimitive.usf" 2568
"../../../Engine/Shaders/Private/DefaultSSRTiles.usf" 2569
"../../../Engine/Shaders/Private/ScreenSpaceReflectionTileCommons.ush" 2570
"../../../Engine/Shaders/Private/SSRT/SSRTDiffuseIndirect.usf" 2571
"../../../Engine/Shaders/Private/SSRT/SSRTTileClassificationBuffer.ush" 2572
"../../../Engine/Shaders/Private/SSRT/SSRTReflections.usf" 2573
"../../../Engine/Shaders/Private/ScreenSpaceDenoise/SSDPublic.ush" 2574
"../../../Engine/Shaders/Private/SSRT/SSRTTileClassification.usf" 2575
"../../../Engine/Shaders/Private/SSRT/SSRTPrevFrameReduction.usf" 2576
"../../../Engine/Shaders/Private/ScreenSpaceDenoise/SSDComposeHarmonics.usf" 2577
"../../../Engine/Shaders/Private/ScreenSpaceDenoise/SSDPublicHarmonics.ush" 2578
"../../../Engine/Shaders/Private/ScreenSpaceDenoise/SSDSignalFramework.ush" 2579
"../../../Engine/Shaders/Private/ScreenSpaceDenoise/SSDCommon.ush" 2580
"../../../Engine/Shaders/Private/SphericalGaussian.ush" 2581
"../../../Engine/Shaders/Public/WaveBroadcastIntrinsics.ush" 2582
"../../../Engine/Shaders/Private/ScreenSpaceDenoise/SSDMetadata.ush" 2583
"../../../Engine/Shaders/Private/ScreenSpaceDenoise/SSDSignalCore.ush" 2584
"../../../Engine/Shaders/Private/ScreenSpaceDenoise/DenoisingCommon.ush" 2585
"../../../Engine/Shaders/Private/ScreenSpaceDenoise/SSDSignalArray.ush" 2586
"../../../Engine/Shaders/Private/ScreenSpaceDenoise/SSDSignalBufferEncoding.ush" 2587
"../../../Engine/Shaders/Private/ScreenSpaceDenoise/SSDPublicBufferEncoding.ush" 2588
"../../../Engine/Shaders/Private/Lumen/LumenBufferEncoding.ush" 2589
"../../../Engine/Shaders/Private/ScreenSpaceDenoise/SSDTemporalAccumulation.usf" 2590
"../../../Engine/Shaders/Private/ScreenSpaceDenoise/SSDSpatialKernel.ush" 2591
"../../../Engine/Shaders/Private/ScreenSpaceDenoise/SSDSignalAccumulatorArray.ush" 2592
"../../../Engine/Shaders/Private/ScreenSpaceDenoise/SSDSignalAccumulator.ush" 2593
"../../../Engine/Shaders/Private/ScreenSpaceDenoise/SSDSignalCompression.ush" 2594
"../../../Engine/Shaders/Private/ScreenSpaceDenoise/SSDSpatialAccumulation.usf" 2595
"../../../Engine/Shaders/Private/ScreenSpaceDenoise/SSDInjest.usf" 2596
"../../../Engine/Shaders/Private/ScreenSpaceDenoise/SSDCompressMetadata.usf" 2597
"../../../Engine/Shaders/Private/DownsampleDepthPixelShader.usf" 2598
"../../../Engine/Shaders/Private/ScreenPass.usf" 2599
"../../../Engine/Shaders/Private/HZB.usf" 2600
"../../../Engine/Shaders/Private/OcclusionFeedbackShaders.usf" 2601
"../../../Engine/Shaders/Private/HZBOcclusion.usf" 2602
"../../../Engine/Shaders/Private/OcclusionQueryPixelShader.usf" 2603
"../../../Engine/Shaders/Private/OcclusionQueryVertexShader.usf" 2604
"../../../Engine/Shaders/Private/HitProxyCopy.usf" 2605
"../../../Engine/Shaders/Private/HitProxyPixelShader.usf" 2606
"../../../Engine/Shaders/Private/HitProxyVertexShader.usf" 2607
"../../../Engine/Shaders/Private/SceneCulling/SceneCullingDebugRender.usf" 2608
"../../../Engine/Shaders/Private/SceneCulling/SceneCullingBuildExplicitBounds.usf" 2609
"../../../Engine/Shaders/Private/SceneCapturePixelShader.usf" 2610
"../../../Engine/Shaders/Private/RendererUtils.usf" 2611
"../../../Engine/Shaders/Private/RTWriteMaskDecode.usf" 2612
"../../../Engine/Shaders/Private/ReflectionEnvironmentShaders.usf" 2613
"../../../Engine/Shaders/Private/RectLightAtlas.usf" 2614
"../../../Engine/Shaders/Private/RayTracing/TraceRayInlineStatistics.usf" 2615
"../../../Engine/Shaders/Private/RayTracing/CompositeSkyLightPS.usf" 2616
"../../../Engine/Shaders/Private/RayTracing/GenerateSkyLightVisibilityRaysCS.usf" 2617
"../../../Engine/Shaders/Private/RayTracing/RayTracingSkyLightCommon.ush" 2618
"../../../Engine/Shaders/Private/RayTracing/SkyLightVisibilityRaysData.ush" 2619
"../../../Engine/Shaders/Private/Raytracing/RaytracingSkylightRGS.usf" 2620
"../../../Engine/Shaders/Private/HairStrands/HairStrandsRaytracing.ush" 2621
"../../../Engine/Shaders/Private/Raytracing/RayTracingSkyLightEvaluation.ush" 2622
"../../../Engine/Shaders/Private/Raytracing/RayTracingDeferredShadingCommon.ush" 2623
"../../../Engine/Shaders/Private/RayTracing/RayTracingOcclusionRGS.usf" 2624
"../../../Engine/Shaders/Private/RayTracing/RayTracingDirectionalLight.ush" 2625
"../../../Engine/Shaders/Private/RayTracing/RayTracingRectLight.ush" 2626
"../../../Engine/Shaders/Private/RayTracing/RayTracingSphereLight.ush" 2627
"../../../Engine/Shaders/Private/RayTracing/RayTracingCapsuleLight.ush" 2628
"../../../Engine/Shaders/Private/Raytracing/RayTracingFeedback.usf" 2629
"../../../Engine/Shaders/Shared/RayTracingDebugTypes.h" 2630
"../../../Engine/Shaders/Private/RayTracing/RayTracingPrimaryRays.usf" 2631
"../../../Engine/Shaders/Private/RayTracing/RayTracingLightingCommon.ush" 2632
"../../../Engine/Shaders/Private/RayTracing/RayTracingLightCullingCommon.ush" 2633
"../../../Engine/Shaders/Private/RayTracing/RayTracingMaterialDefaultHitShaders.usf" 2634
"../../../Engine/Shaders/Private/RayTracing/RayTracingMaterialHitShaders.usf" 2635
"../../../Engine/Shaders/Private/RayTracing/RayTracingShaderUtils.ush" 2636
"../../../Engine/Shaders/Private/RayTracing/RayTracingCalcInterpolants.ush" 2637
"../../../Engine/Shaders/Private/LightmapCommon.ush" 2638
"../../../Engine/Shaders/Private/Lumen/LumenHardwareRayTracingPayloadCommon.ush" 2639
"../../../Engine/Shaders/Shared/LumenDefinitions.h" 2640
"../../../Engine/Shaders/Private/Substrate/SubstrateExport.ush" 2641
"../../../Engine/Shaders/Private/RayTracing/RayTracingLightingMS.usf" 2642
"../../../Engine/Shaders/Private/Lumen/LumenDiffuseColorBoost.ush" 2643
"../../../Engine/Shaders/Private/RayTracing/RayTracingLightFunctionCommon.ush" 2644
"../../../Engine/Shaders/Private/RayTracing/RayTracingBuildLightGrid.usf" 2645
"../../../Engine/Shaders/Private/Raytracing/RayTracingInstanceBufferUtil.usf" 2646
"../../../Engine/Shaders/Private/RayTracing/RayTracingDynamicMesh.usf" 2647
"../../../Engine/Shaders/Private/RayTracing/RayTracingDefaultDecalHitShader.usf" 2648
"../../../Engine/Shaders/Private/RayTracing/RayTracingDecalMaterialShader.usf" 2649
"../../../Engine/Shaders/Private/PathTracing/PathTracingShaderUtils.ush" 2650
"../../../Engine/Shaders/Private/PathTracing/PathTracingCommon.ush" 2651
"../../../Engine/Shaders/Private/PathTracing/Material/PathTracingMaterialCommon.ush" 2652
"../../../Engine/Shaders/Private/PathTracing/Utilities/PathTracingRIS.ush" 2653
"../../../Engine/Shaders/Private/RayTracing/RayTracingBuildDecalGrid.usf" 2654
"../../../Engine/Shaders/Private/RayTracing/RayTracingDebugHitStatsUtils.usf" 2655
"../../../Engine/Shaders/Private/RayTracing/RayTracingDebugInstanceOverlap.usf" 2656
"../../../Engine/Shaders/Private/RayTracing/RayTracingDebugPicking.usf" 2657
"../../../Engine/Shaders/Private/RayTracing/RayTracingDebugUtils.ush" 2658
"../../../Engine/Shaders/Private/RayTracing/RayTracingDebugTraversal.usf" 2659
"../../../Engine/Shaders/Private/RayTracing/RayTracingDeferredMaterials.ush" 2660
"../../../Engine/Shaders/Shared/ThirdParty/AMD/ags_shader_intrinsics_dx12.h" 2661
"../../../Engine/Shaders/Shared/RayTracingDebugDefinitions.h" 2662
"../../../Engine/Shaders/Private/RayTracing/RayTracingDebugHitStatsCHS.usf" 2663
"../../../Engine/Shaders/Private/RayTracing/RayTracingDebugHitStats.usf" 2664
"../../../Engine/Shaders/Private/RayTracing/RayTracingDebugMS.usf" 2665
"../../../Engine/Shaders/Private/RayTracing/RayTracingDebugCHS.usf" 2666
"../../../Engine/Shaders/Private/RayTracing/RayTracingDebug.usf" 2667
"../../../Engine/Shaders/Private/RayTracing/RayTracingBuiltInShaders.usf" 2668
"../../../Engine/Shaders/Private/RayTracing/RayTracingBarycentrics.usf" 2669
"../../../Engine/Shaders/Private/RayTracing/RayTracingAmbientOcclusionRGS.usf" 2670
"../../../Engine/Shaders/Private/VisualizeShadingModels.usf" 2671
"../../../Engine/Shaders/Private/MotionBlur/VisualizeMotionVectors.usf" 2672
"../../../Engine/Shaders/Private/TemporalSuperResolution/TSRVisualize.usf" 2673
"../../../Engine/Shaders/Private/TemporalSuperResolution/TSRColorSpace.ush" 2674
"../../../Engine/Shaders/Private/TemporalSuperResolution/TSRCommon.ush" 2675
"../../../Engine/Shaders/Public/DualPixelVectorization.ush" 2676
"../../../Engine/Shaders/Private/TemporalSuperResolution/TSRReprojectionField.ush" 2677
"../../../Engine/Shaders/Private/TemporalSuperResolution/TSRResolveHistory.usf" 2678
"../../../Engine/Shaders/Private/TemporalSuperResolution/TSRConvolutionNetwork.ush" 2679
"../../../Engine/Shaders/Private/TemporalSuperResolution/TSRKernels.ush" 2680
"../../../Engine/Shaders/Public/LaneVectorization.ush" 2681
"../../../Engine/Shaders/Private/TemporalSuperResolution/TSRUpdateHistory.usf" 2682
"../../../Engine/Shaders/Private/TemporalSuperResolution/TSRSpatialAntiAliasing.ush" 2683
"../../../Engine/Shaders/Private/TemporalSuperResolution/TSRSpatialAntiAliasing.usf" 2684
"../../../Engine/Shaders/Private/TemporalSuperResolution/TSRRejectShading.usf" 2685
"../../../Engine/Shaders/Private/TemporalSuperResolution/TSRShadingAnalysis.ush" 2686
"../../../Engine/Shaders/Private/TemporalSuperResolution/TSRConvolutionNetworkPass.ush" 2687
"../../../Engine/Shaders/Private/TemporalSuperResolution/TSRDecimateHistory.usf" 2688
"../../../Engine/Shaders/Private/TemporalSuperResolution/TSRDepthVelocityAnalysis.ush" 2689
"../../../Engine/Shaders/Private/TemporalSuperResolution/TSRClosestOccluder.ush" 2690
"../../../Engine/Shaders/Private/TemporalSuperResolution/TSRWeightRelaxation.usf" 2691
"../../../Engine/Shaders/Private/TemporalSuperResolution/TSRThinGeometryCommon.ush" 2692
"../../../Engine/Shaders/Private/TemporalSuperResolution/TSRDetectThinGeometry.usf" 2693
"../../../Engine/Shaders/Private/TemporalSuperResolution/TSRDilateVelocity.usf" 2694
"../../../Engine/Shaders/Private/MotionBlur/MotionBlurVelocityFlatten.ush" 2695
"../../../Engine/Shaders/Private/MotionBlur/MotionBlurCommon.ush" 2696
"../../../Engine/Shaders/Private/TemporalSuperResolution/TSRClearPrevTextures.usf" 2697
"../../../Engine/Shaders/Private/TemporalSuperResolution/TSRMeasureCoverage.usf" 2698
"../../../Engine/Shaders/Private/TemporalSuperResolution/TSRMeasureFlickeringLuma.usf" 2699
"../../../Engine/Shaders/Private/TemporalAA.usf" 2700
"../../../Engine/Shaders/Private/SMAA/SMAADebugVisualization.usf" 2701
"../../../Engine/Shaders/Private/SMAA/SMAACommon.ush" 2702
"../../../Engine/Shaders/Private/SMAA/SMAA.ush" 2703
"../../../Engine/Shaders/Private/SMAA/SMAANeighborhoodBlendingShader.usf" 2704
"../../../Engine/Shaders/Private/SMAA/SMAABlendingWeightCalculationShader.usf" 2705
"../../../Engine/Shaders/Private/SMAA/SMAAEdgeDetectionShader.usf" 2706
"../../../Engine/Shaders/Private/FilterPixelShader.usf" 2707
"../../../Engine/Shaders/Private/FilterVertexShader.usf" 2708
"../../../Engine/Shaders/Private/VisualizeVirtualTexture.usf" 2709
"../../../Engine/Shaders/Private/PostProcessVisualizeBuffer.usf" 2710
"../../../Engine/Shaders/Private/PostProcessVisualizeLocalExposure.usf" 2711
"../../../Engine/Shaders/Private/PostProcessHistogramCommon.ush" 2712
"../../../Engine/Shaders/Private/TonemapCommon.ush" 2713
"../../../Engine/Shaders/Private/ACES/ACESCommon.ush" 2714
"../../../Engine/Shaders/Private/ACES/ACESOutputTransform.ush" 2715
"../../../Engine/Shaders/Private/ACES/ACESUtilities.ush" 2716
"../../../Engine/Shaders/Private/ACES/ACESTonescale.ush" 2717
"../../../Engine/Shaders/Private/ACES/ACESDisplayEncoding.ush" 2718
"../../../Engine/Shaders/Private/ACES/ACES_v1.3.ush" 2719
"../../../Engine/Shaders/Private/PostProcessVisualizeLevelInstance.usf" 2720
"../../../Engine/Shaders/Private/PostProcessVisualizeHDR.usf" 2721
"../../../Engine/Shaders/Private/ShaderComplexityApplyPixelShader.usf" 2722
"../../../Engine/Shaders/Private/QuadOverdraw.ush" 2723
"../../../Engine/Shaders/Private/PostProcessUpscale.usf" 2724
"../../../Engine/Shaders/Private/PostProcessTonemap.usf" 2725
"../../../Engine/Shaders/Private/PostProcessing/FilmGrainPackConstants.usf" 2726
"../../../Engine/Shaders/Private/PostProcessing/FilmGrainReduce.usf" 2727
"../../../Engine/Shaders/Private/PostProcessTestImage.usf" 2728
"../../../Engine/Shaders/Private/PostProcessSubsurface.usf" 2729
"../../../Engine/Shaders/Private/SeparableSSS.ush" 2730
"../../../Engine/Shaders/Private/SubsurfaceBurleyNormalized.ush" 2731
"../../../Engine/Shaders/Private/PostProcessSelectionOutline.usf" 2732
"../../../Engine/Shaders/Private/MotionBlur/MotionBlurVisualize.usf" 2733
"../../../Engine/Shaders/Private/MotionBlur/MotionBlurApply.usf" 2734
"../../../Engine/Shaders/Private/MotionBlur/MotionBlurFilterTileClassify.usf" 2735
"../../../Engine/Shaders/Private/MotionBlur/MotionBlurTileScatter.usf" 2736
"../../../Engine/Shaders/Private/MotionBlur/MotionBlurTileGather.usf" 2737
"../../../Engine/Shaders/Private/MotionBlur/MotionBlurVelocityFlatten.usf" 2738
"../../../Engine/Shaders/Private/PostProcessMobile.usf" 2739
"../../../Engine/Shaders/Private/PostProcessMitchellNetravali.usf" 2740
"../../../Engine/Shaders/Private/PostProcessMaterialShaders.usf" 2741
"../../../Engine/Shaders/Private/NeuralPostProcessCommon.usf" 2742
"../../../Engine/Shaders/Private/PostProcessLocalExposure.usf" 2743
"../../../Engine/Shaders/Private/PostProcessLensFlares.usf" 2744
"../../../Engine/Shaders/Private/PostProcessGBufferHints.usf" 2745
"../../../Engine/Shaders/Private/PostProcessHMD.usf" 2746
"../../../Engine/Shaders/Private/Histogram.usf" 2747
"../../../Engine/Shaders/Private/PostProcessExposureMaterial.ush" 2748
"../../../Engine/Shaders/Private/PostProcessHistogramReduce.usf" 2749
"../../../Engine/Shaders/Private/PostProcessHistogram.usf" 2750
"../../../Engine/Shaders/Private/Bloom/BloomFinalizeApplyConstants.usf" 2751
"../../../Engine/Shaders/Private/Bloom/BloomCommon.ush" 2752
"../../../Engine/Shaders/Private/Bloom/BloomResizeKernel.usf" 2753
"../../../Engine/Shaders/Private/Bloom/BloomDownsampleKernel.usf" 2754
"../../../Engine/Shaders/Private/Bloom/BloomClampKernel.usf" 2755
"../../../Engine/Shaders/Private/Bloom/BloomPackKernelConstants.usf" 2756
"../../../Engine/Shaders/Private/Bloom/BloomSumScatterDispersionEnergy.usf" 2757
"../../../Engine/Shaders/Private/Bloom/BloomReduceKernelSurvey.usf" 2758
"../../../Engine/Shaders/Private/Bloom/BloomSurveyKernelCenterEnergy.usf" 2759
"../../../Engine/Shaders/Private/Bloom/BloomSurveyMaxScatterDispersion.usf" 2760
"../../../Engine/Shaders/Private/Bloom/BloomFindKernelCenter.usf" 2761
"../../../Engine/Shaders/Private/PostProcessEyeAdaptation.usf" 2762
"../../../Engine/Shaders/Private/PostProcessEyeAdaptationUtils.usf" 2763
"../../../Engine/Shaders/Private/PostProcessDownsample.usf" 2764
"../../../Engine/Shaders/Private/PostProcessDOF.usf" 2765
"../../../Engine/Shaders/Private/PostProcessDeviceEncodingOnly.usf" 2766
"../../../Engine/Shaders/Private/PostProcessCompositePrimitives.usf" 2767
"../../../Engine/Shaders/Private/PostProcessCombineLUTs.usf" 2768
"../../../Engine/Shaders/Private/PostProcessVisualizeDOF.usf" 2769
"../../../Engine/Shaders/Private/PostProcessBloom.usf" 2770
"../../../Engine/Shaders/Private/PostProcessAmbientOcclusionMobile.usf" 2771
"../../../Engine/Shaders/Private/PostProcessAmbientOcclusionCommon.ush" 2772
"../../../Engine/Shaders/Private/FXAAShader.usf" 2773
"../../../Engine/Shaders/Private/Fxaa3_11.ush" 2774
"../../../Engine/Shaders/Private/PaniniProjection.usf" 2775
"../../../Engine/Shaders/Private/DiaphragmDOF/DOFRecombine.usf" 2776
"../../../Engine/Shaders/Private/DiaphragmDOF/DOFHybridScatterPixelShader.usf" 2777
"../../../Engine/Shaders/Private/DiaphragmDOF/DOFHybridScatterCommon.ush" 2778
"../../../Engine/Shaders/Private/DiaphragmDOF/DOFVignetteCommon.ush" 2779
"../../../Engine/Shaders/Private/DiaphragmDOF/DOFHybridScatterVertexShader.usf" 2780
"../../../Engine/Shaders/Private/DiaphragmDOF/DOFPostfiltering.usf" 2781
"../../../Engine/Shaders/Private/DiaphragmDOF/DOFGatherTileSuggest.ush" 2782
"../../../Engine/Shaders/Private/DiaphragmDOF/DOFCocTileCommon.ush" 2783
"../../../Engine/Shaders/Private/DiaphragmDOF/DOFGatherPass.usf" 2784
"../../../Engine/Shaders/Private/DiaphragmDOF/DOFGatherCommon.ush" 2785
"../../../Engine/Shaders/Private/DiaphragmDOF/DOFGatherAccumulator.ush" 2786
"../../../Engine/Shaders/Private/DiaphragmDOF/DOFGatherKernel.ush" 2787
"../../../Engine/Shaders/Private/DiaphragmDOF/DOFBokehLUT.usf" 2788
"../../../Engine/Shaders/Private/DiaphragmDOF/DOFHybridScatterCompilation.usf" 2789
"../../../Engine/Shaders/Private/DiaphragmDOF/DOFReduce.usf" 2790
"../../../Engine/Shaders/Private/DiaphragmDOF/DOFDownsample.ush" 2791
"../../../Engine/Shaders/Private/DiaphragmDOF/DOFHybridScatterCompilation.ush" 2792
"../../../Engine/Shaders/Private/DiaphragmDOF/DOFDownsample.usf" 2793
"../../../Engine/Shaders/Private/DiaphragmDOF/DOFCocTileDilate.usf" 2794
"../../../Engine/Shaders/Private/DiaphragmDOF/DOFCocTileFlatten.usf" 2795
"../../../Engine/Shaders/Private/DiaphragmDOF/DOFSetup.usf" 2796
"../../../Engine/Shaders/Private/Tools/DebugAlphaChannel.usf" 2797
"../../../Engine/Shaders/Private/PostProcessAlphaInvert.usf" 2798
"../../../Engine/Shaders/Private/PlanarReflectionShaders.usf" 2799
"../../../Engine/Shaders/Private/PhysicsFieldVisualizer.usf" 2800
"../../../Engine/Shaders/Private/PathTracing/PathTracingSpatialTemporalDenoising.usf" 2801
"../../../Engine/Shaders/Private/ColorDifference.ush" 2802
"../../../Engine/Shaders/Private/PathTracing/PathTracingCompositingPixelShader.usf" 2803
"../../../Engine/Shaders/Private/PathTracing/PathTracingAdaptiveUtils.ush" 2804
"../../../Engine/Shaders/Private/PathTracing/PathTracingDefaultHitShader.usf" 2805
"../../../Engine/Shaders/Private/PathTracing/PathTracingGPULightmassMaterialHitShader.usf" 2806
"../../../Engine/Shaders/Private/PathTracing/PathTracingMaterialHitShader.usf" 2807
"../../../Engine/Shaders/Private/PathTracing/Material/PathTracingSubstrateCommon.ush" 2808
"../../../Engine/Shaders/Private/PathTracing/PathTracingLightingMissShader.usf" 2809
"../../../Engine/Shaders/Private/PathTracing/PathTracingMissShader.usf" 2810
"../../../Engine/Shaders/Private/PathTracing/PathTracingAdaptiveStart.usf" 2811
"../../../Engine/Shaders/Private/PathTracing/PathTracingBuildAdaptiveError.usf" 2812
"../../../Engine/Shaders/Private/PathTracing/PathTracingVolumetricCloudMaterialShader.usf" 2813
"../../../Engine/Shaders/Private/PathTracing/Volume/PathTracingCloudsMaterialCommon.ush" 2814
"../../../Engine/Shaders/Private/PathTracing/Volume/PathTracingVolumeCommon.ush" 2815
"../../../Engine/Shaders/Private/PathTracing/Volume/PathTracingCloudsCommon.ush" 2816
"../../../Engine/Shaders/Private/PathTracing/Volume/PathTracingFog.ush" 2817
"../../../Engine/Shaders/Private/PathTracing/Volume/PathTracingAtmosphere.ush" 2818
"../../../Engine/Shaders/Private/PathTracing/Volume/PathTracingAtmosphereCommon.ush" 2819
"../../../Engine/Shaders/Private/PathTracing/Volume/PathTracingVolumeSampling.ush" 2820
"../../../Engine/Shaders/Private/PathTracing/PathTracingBuildCloudAccelerationMap.usf" 2821
"../../../Engine/Shaders/Private/PathTracing/PathTracingBuildAtmosphereLUT.usf" 2822
"../../../Engine/Shaders/Private/PathTracing/PathTracingSwizzleScanlines.usf" 2823
"../../../Engine/Shaders/Private/PathTracing/PathTracingInitExtinctionCoefficient.usf" 2824
"../../../Engine/Shaders/Private/PathTracing/PathTracingCopyDepth.usf" 2825
"../../../Engine/Shaders/Private/PathTracing/PathTracingDebug.usf" 2826
"../../../Engine/Shaders/Private/RayTracing/RayTracingDecalGrid.ush" 2827
"../../../Engine/Shaders/Private/PathTracing/Material/PathTracingMaterialSampling.ush" 2828
"../../../Engine/Shaders/Private/PathTracing/Material/PathTracingLambert.ush" 2829
"../../../Engine/Shaders/Private/PathTracing/Material/PathTracingSubstrate.ush" 2830
"../../../Engine/Shaders/Private/PathTracing/Material/PathTracingSubstrateFoliage.ush" 2831
"../../../Engine/Shaders/Private/PathTracing/Material/PathTracingSubstrateSolidGlass.ush" 2832
"../../../Engine/Shaders/Private/PathTracing/Material/PathTracingSubstrateThinGlass.ush" 2833
"../../../Engine/Shaders/Private/PathTracing/Material/PathTracingSolidGlass.ush" 2834
"../../../Engine/Shaders/Private/PathTracing/Material/PathTracingEnergyConservation.ush" 2835
"../../../Engine/Shaders/Private/PathTracing/Material/PathTracingThinGlass.ush" 2836
"../../../Engine/Shaders/Private/PathTracing/Material/PathTracingDefaultLit.ush" 2837
"../../../Engine/Shaders/Private/PathTracing/Material/PathTracingClearCoat.ush" 2838
"../../../Engine/Shaders/Private/PathTracing/Material/PathTracingTwoSidedFoliage.ush" 2839
"../../../Engine/Shaders/Private/PathTracing/Material/PathTracingCloth.ush" 2840
"../../../Engine/Shaders/Private/PathTracing/Material/PathTracingSubsurfaceProfile.ush" 2841
"../../../Engine/Shaders/Private/PathTracing/Material/PathTracingEye.ush" 2842
"../../../Engine/Shaders/Private/PathTracing/Material/PathTracingHair.ush" 2843
"../../../Engine/Shaders/Private/PathTracing/Material/PathTracingMedium.ush" 2844
"../../../Engine/Shaders/Private/PathTracing/Light/PathTracingLightSampling.ush" 2845
"../../../Engine/Shaders/Private/PathTracing/Light/PathTracingLightCommon.ush" 2846
"../../../Engine/Shaders/Private/PathTracing/Light/PathTracingDirectionalLight.ush" 2847
"../../../Engine/Shaders/Private/PathTracing/Light/PathTracingPointLight.ush" 2848
"../../../Engine/Shaders/Private/PathTracing/Light/PathTracingCapsuleLight.ush" 2849
"../../../Engine/Shaders/Private/PathTracing/Light/PathTracingRectLight.ush" 2850
"../../../Engine/Shaders/Private/PathTracing/Light/PathTracingSkyLight.ush" 2851
"../../../Engine/Shaders/Private/PathTracing/Light/PathTracingLightGrid.ush" 2852
"../../../Engine/Shaders/Private/PathTracing/PathTracing.usf" 2853
"../../../Engine/Shaders/Private/PathTracing/PathTracingCore.ush" 2854
"../../../Engine/Shaders/Private/HeterogeneousVolumes/HeterogeneousVolumesVoxelGridTypes.ush" 2855
"../../../Engine/Shaders/Private/PathTracing/Volume/PathTracingVolume.ush" 2856
"../../../Engine/Shaders/Private/PathTracing/Volume/PathTracingClouds.ush" 2857
"../../../Engine/Shaders/Private/PathTracing/Volume/PathTracingHeterogeneousVolumes.ush" 2858
"../../../Engine/Shaders/Private/HeterogeneousVolumes/HeterogeneousVolumesTracingUtils.ush" 2859
"../../../Engine/Shaders/Private/HeterogeneousVolumes/HeterogeneousVolumesVoxelGridTraversal.ush" 2860
"../../../Engine/Shaders/Private/HeterogeneousVolumes/HeterogeneousVolumesVoxelGridUtils.ush" 2861
"../../../Engine/Shaders/Private/HeterogeneousVolumes/HeterogeneousVolumesFrustumVoxelGridUtils.ush" 2862
"../../../Engine/Shaders/Private/PathTracing/PathTracingBuildLightGrid.usf" 2863
"../../../Engine/Shaders/Private/PathTracing/PathTracingSkylightMISCompensation.usf" 2864
"../../../Engine/Shaders/Private/PathTracing/PathTracingSkylightPrepare.usf" 2865
"../../../Engine/Shaders/Private/OIT/OITSorting.usf" 2866
"../../../Engine/Shaders/Private/OITCombine.usf" 2867
"../../../Engine/Shaders/Private/OITCommon.ush" 2868
"../../../Engine/Shaders/Private/Nanite/Voxel/RasterizeBricks.usf" 2869
"../../../Engine/Shaders/Private/Nanite/Voxel/Brick.ush" 2870
"../../../Engine/Shaders/Private/Nanite/Voxel/Voxel.ush" 2871
"../../../Engine/Shaders/Private/Nanite/Voxel/ScatterBricks.usf" 2872
"../../../Engine/Shaders/Private/Nanite/Voxel/TileBricks.usf" 2873
"../../../Engine/Shaders/Private/Nanite/Voxel/AutoVoxel.usf" 2874
"../../../Engine/Shaders/Private/Nanite/NaniteDebugViews.usf" 2875
"../../../Engine/Shaders/Private/Nanite/NaniteEditorCommon.ush" 2876
"../../../Engine/Shaders/Private/BinarySearch.ush" 2877
"../../../Engine/Shaders/Private/Nanite/NaniteDepthDecode.usf" 2878
"../../../Engine/Shaders/Private/HTileEncoding.ush" 2879
"../../../Engine/Shaders/Private/Nanite/NaniteVisualize.usf" 2880
"../../../Engine/Shaders/Private/Nanite/NaniteStreamOut.usf" 2881
"../../../Engine/Shaders/Private/Nanite/NaniteHierarchyTraversal.ush" 2882
"../../../Engine/Shaders/Private/Nanite/NaniteShadeBinning.usf" 2883
"../../../Engine/Shaders/Private/Nanite/NaniteShadeCommon.ush" 2884
"../../../Engine/Shaders/Private/Nanite/NaniteFastClear.usf" 2885
"../../../Engine/Shaders/Private/Nanite/NaniteRayTracing.usf" 2886
"../../../Engine/Shaders/Private/Nanite/NaniteExportGBuffer.usf" 2887
"../../../Engine/Shaders/Private/Nanite/NaniteClusterCulling.usf" 2888
"../../../Engine/Shaders/Private/Nanite/NanitePrintStats.usf" 2889
"../../../Engine/Shaders/Private/Nanite/NaniteRasterizer.usf" 2890
"../../../Engine/Shaders/Private/Nanite/NaniteRasterizationCommon.ush" 2891
"../../../Engine/Shaders/Private/Nanite/NaniteRasterizer.ush" 2892
"../../../Engine/Shaders/Private/Nanite/NaniteWritePixel.ush" 2893
"../../../Engine/Shaders/Private/Nanite/NaniteTessellation.ush" 2894
"../../../Engine/Shaders/Private/WorkDistribution.ush" 2895
"../../../Engine/Shaders/Private/Nanite/NaniteDice.ush" 2896
"../../../Engine/Shaders/Private/ShaderBundleWorkGraphCommon.ush" 2897
"../../../Engine/Shaders/Public/RootConstants.ush" 2898
"../../../Engine/Shaders/Public/Platform/D3D/D3DRootConstants.ush" 2899
"../../../Engine/Shaders/Private/Nanite/NaniteSplit.usf" 2900
"../../../Engine/Shaders/Private/Nanite/NaniteRasterBinning.usf" 2901
"../../../Engine/Shaders/Private/Nanite/NaniteInstanceCulling.usf" 2902
"../../../Engine/Shaders/Private/Nanite/NaniteImposter.ush" 2903
"../../../Engine/Shaders/Private/Nanite/NaniteInstanceHierarchyCulling.usf" 2904
"../../../Engine/Shaders/Private/WorkGroupLoadBalancer.ush" 2905
"../../../Engine/Shaders/Private/Nanite/NanitePrimitiveFilter.usf" 2906
"../../../Engine/Shaders/Private/Nanite/NaniteRasterClear.usf" 2907
"../../../Engine/Shaders/Private/Nanite/NaniteDepthExport.usf" 2908
"../../../Engine/Shaders/Private/Nanite/NaniteEmitShadow.usf" 2909
"../../../Engine/Shaders/Private/MobileDeferredUtils.usf" 2910
"../../../Engine/Shaders/Private/MobileLocalLightsBuffer.usf" 2911
"../../../Engine/Shaders/Private/MobileFog.usf" 2912
"../../../Engine/Shaders/Private/DistortApplyScreenPS.usf" 2913
"../../../Engine/Shaders/Private/MobileDeferredShading.usf" 2914
"../../../Engine/Shaders/Private/MobileBasePassPixelShader.usf" 2915
"../../../Engine/Shaders/Private/MobileBasePassCommon.ush" 2916
"../../../Engine/Shaders/Private/BasePassCommon.ush" 2917
"../../../Engine/Shaders/Private/ShadingModelsMaterial.ush" 2918
"../../../Engine/Shaders/Private/ThinTranslucentCommon.ush" 2919
"../../../Engine/Shaders/Private/SingleLayerWaterShading.ush" 2920
"../../../Engine/Shaders/Private/DistortionCommon.ush" 2921
"../../../Engine/Shaders/Private/Substrate/SubstrateMobileForwardLighting.ush" 2922
"../../../Engine/Shaders/Private/MobileBasePassVertexShader.usf" 2923
"../../../Engine/Shaders/Private/MeshEdges.usf" 2924
"../../../Engine/Shaders/Private/MegaLights/MegaLightsSampling.usf" 2925
"../../../Engine/Shaders/Shared/MegaLightsDefinitions.h" 2926
"../../../Engine/Shaders/Private/MegaLights/MegaLightsShading.ush" 2927
"../../../Engine/Shaders/Private/MegaLights/MegaLights.ush" 2928
"../../../Engine/Shaders/Private/MegaLights/MegaLightsMaterial.ush" 2929
"../../../Engine/Shaders/Private/MegaLights/MegaLightsRayTracing.ush" 2930
"../../../Engine/Shaders/Private/MegaLights/MegaLightsSampling.ush" 2931
"../../../Engine/Shaders/Private/MegaLights/MegaLightsVolumeSampling.usf" 2932
"../../../Engine/Shaders/Private/MegaLights/MegaLightsVolume.ush" 2933
"../../../Engine/Shaders/Private/MegaLights/MegaLights.usf" 2934
"../../../Engine/Shaders/Private/HairStrands/HairStrandsScreenTracing.ush" 2935
"../../../Engine/Shaders/Private/MegaLights/MegaLightsFilterVisibleLightHash.usf" 2936
"../../../Engine/Shaders/Private/MegaLights/MegaLightsShading.usf" 2937
"../../../Engine/Shaders/Private/Lumen/LumenReflectionDenoiserCommon.ush" 2938
"../../../Engine/Shaders/Private/MegaLights/MegaLightsVisibleLightHash.usf" 2939
"../../../Engine/Shaders/Private/MegaLights/MegaLightsVolumeShading.usf" 2940
"../../../Engine/Shaders/Private/MegaLights/MegaLightsVSMMarking.usf" 2941
"../../../Engine/Shaders/Private/MegaLights/MegaLightsVSMTracing.usf" 2942
"../../../Engine/Shaders/Private/MegaLights/MegaLightsRayTracing.usf" 2943
"../../../Engine/Shaders/Private/DistanceField/GlobalDistanceFieldUtils.ush" 2944
"../../../Engine/Shaders/Private/Lumen/LumenScreenTracing.ush" 2945
"../../../Engine/Shaders/Private/MegaLights/MegaLightsVolumeRayTracing.usf" 2946
"../../../Engine/Shaders/Private/MegaLights/MegaLightsVolumeHardwareRayTracing.usf" 2947
"../../../Engine/Shaders/Private/Lumen/LumenHardwareRayTracingCommon.ush" 2948
"../../../Engine/Shaders/Private/RayTracing/RayTracingReflectionEnvironment.ush" 2949
"../../../Engine/Shaders/Private/Lumen/LumenHardwareRayTracingPlatformCommon.ush" 2950
"../../../Engine/Shaders/Private/Lumen/LumenTracingCommon.ush" 2951
"../../../Engine/Shaders/Private/Lumen/SurfaceCache/LumenSurfaceCacheSampling.ush" 2952
"../../../Engine/Shaders/Private/Lumen/SurfaceCache/LumenSurfaceCache.ush" 2953
"../../../Engine/Shaders/Private/Lumen/LumenCardCommon.ush" 2954
"../../../Engine/Shaders/Private/Lumen/LumenCardTileShadowDownsampleFactor.ush" 2955
"../../../Engine/Shaders/Private/MegaLights/MegaLightsHardwareRayTracing.usf" 2956
"../../../Engine/Shaders/Private/MegaLights/MegaLightsDebug.usf" 2957
"../../../Engine/Shaders/Private/MegaLights/MegaLightsDenoiserSpatial.usf" 2958
"../../../Engine/Shaders/Private/MegaLights/MegaLightsDenoiserTemporal.usf" 2959
"../../../Engine/Shaders/Private/MaterialCache/MaterialCacheABufferPages.usf" 2960
"../../../Engine/Shaders/Private/MaterialCache/MaterialCacheShade.usf" 2961
"../../../Engine/Shaders/Private/MaterialCache/MaterialCacheShadeCommon.ush" 2962
"../../../Engine/Shaders/Private/MaterialCache/MaterialCacheUnwrapNaniteShade.usf" 2963
"../../../Engine/Shaders/Private/MaterialCache/MaterialCacheUnwrapPixelShader.usf" 2964
"../../../Engine/Shaders/Private/MaterialCache/MaterialCacheUnwrapVertexShader.usf" 2965
"../../../Engine/Shaders/Private/Lumen/LumenVisualizeRadianceCache.usf" 2966
"../../../Engine/Shaders/Private/Lumen/LumenRadianceCacheCommon.ush" 2967
"../../../Engine/Shaders/Private/Lumen/LumenVisualizeHardwareRayTracing.usf" 2968
"../../../Engine/Shaders/Private/Lumen/LumenVisualize.ush" 2969
"../../../Engine/Shaders/Private/Lumen/LumenHairTracing.ush" 2970
"../../../Engine/Shaders/Private/Lumen/LumenVisualize.usf" 2971
"../../../Engine/Shaders/Private/Lumen/LumenSoftwareRayTracing.ush" 2972
"../../../Engine/Shaders/Private/DistanceField/GlobalDistanceFieldObjectGrid.ush" 2973
"../../../Engine/Shaders/Private/DistanceFieldLightingShared.ush" 2974
"../../../Engine/Shaders/Private/Lumen/LumenVisualizeTraces.ush" 2975
"../../../Engine/Shaders/Private/Lumen/LumenTranslucencyVolumeLighting.usf" 2976
"../../../Engine/Shaders/Private/Lumen/LumenRadianceCacheMarkCommon.ush" 2977
"../../../Engine/Shaders/Private/Lumen/LumenTranslucencyVolumeLightingShared.ush" 2978
"../../../Engine/Shaders/Private/Lumen/LumenScreenProbeCommon.ush" 2979
"../../../Engine/Shaders/Private/RayTracing/RayGenUtils.ush" 2980
"../../../Engine/Shaders/Private/Lumen/LumenRadianceCacheTracingCommon.ush" 2981
"../../../Engine/Shaders/Private/Lumen/LumenTranslucencyVolumeHardwareRayTracing.usf" 2982
"../../../Engine/Shaders/Private/Lumen/LumenTranslucencyRadianceCacheMarkShaders.usf" 2983
"../../../Engine/Shaders/Private/Lumen/SurfaceCache/LumenSurfaceCache.usf" 2984
"../../../Engine/Shaders/Private/Lumen/LumenVirtualTextureCommon.ush" 2985
"../../../Engine/Shaders/Private/Lumen/LumenShortRangeAOHardwareRayTracing.usf" 2986
"../../../Engine/Shaders/Private/Lumen/LumenScreenSpaceBentNormal.ush" 2987
"../../../Engine/Shaders/Private/Lumen/LumenScreenSpaceBentNormal.usf" 2988
"../../../Engine/Shaders/Private/Lumen/LumenScreenProbeTracing.usf" 2989
"../../../Engine/Shaders/Private/Lumen/LumenScreenProbeTracingCommon.ush" 2990
"../../../Engine/Shaders/Private/Lumen/LumenFloatQuantization.ush" 2991
"../../../Engine/Shaders/Private/Lumen/LumenScreenProbeImportanceSampling.usf" 2992
"../../../Engine/Shaders/Private/Lumen/LumenScreenProbeImportanceSamplingShared.ush" 2993
"../../../Engine/Shaders/Private/Lumen/LumenScreenProbeHardwareRayTracing.usf" 2994
"../../../Engine/Shaders/Private/Lumen/LumenScreenProbeDebug.usf" 2995
"../../../Engine/Shaders/Private/Lumen/LumenScreenProbeGather.usf" 2996
"../../../Engine/Shaders/Private/Lumen/LumenScreenProbeGatherTemporal.usf" 2997
"../../../Engine/Shaders/Private/Lumen/LumenScreenProbeFiltering.usf" 2998
"../../../Engine/Shaders/Private/Lumen/LumenSceneLighting.usf" 2999
"../../../Engine/Shaders/Private/Lumen/LumenCardTile.ush" 3000
"../../../Engine/Shaders/Private/Lumen/LumenSceneLighting.ush" 3001
"../../../Engine/Shaders/Private/Lumen/Radiosity/LumenRadiosity.ush" 3002
"../../../Engine/Shaders/Private/Lumen/LumenSceneLightingDebug.usf" 3003
"../../../Engine/Shaders/Private/Lumen/LumenScene.usf" 3004
"../../../Engine/Shaders/Private/Lumen/LumenSceneDirectLightingHardwareRayTracing.usf" 3005
"../../../Engine/Shaders/Private/Lumen/LumenSceneDirectLightingStochastic.ush" 3006
"../../../Engine/Shaders/Private/Lumen/LumenSceneDirectLighting.ush" 3007
"../../../Engine/Shaders/Private/Lumen/LumenSceneDebugHardwareRayTracing.usf" 3008
"../../../Engine/Shaders/Private/Lumen/LumenSceneDirectLightingStochastic.usf" 3009
"../../../Engine/Shaders/Private/Lumen/LumenSceneDirectLightingSoftwareRayTracing.usf" 3010
"../../../Engine/Shaders/Private/DistanceFieldShadowingShared.ush" 3011
"../../../Engine/Shaders/Private/Lumen/LumenSceneDirectLightingPerLightShadowCommon.ush" 3012
"../../../Engine/Shaders/Private/Lumen/LumenSceneDirectLightingShadowMask.usf" 3013
"../../../Engine/Shaders/Private/Lumen/LumenSceneDirectLighting.usf" 3014
"../../../Engine/Shaders/Private/Lumen/LumenSceneDirectLightingCulling.usf" 3015
"../../../Engine/Shaders/Private/Lumen/LumenCardComputeShader.usf" 3016
"../../../Engine/Shaders/Private/Lumen/LumenCardBasePass.ush" 3017
"../../../Engine/Shaders/Private/Lumen/LumenCardPixelShader.usf" 3018
"../../../Engine/Shaders/Private/Lumen/LumenCardVertexShader.usf" 3019
"../../../Engine/Shaders/Private/Lumen/LumenReSTIRGather.usf" 3020
"../../../Engine/Shaders/Private/Lumen/LumenReflectionTracing.usf" 3021
"../../../Engine/Shaders/Private/Lumen/LumenReflectionDenoiserSpatial.usf" 3022
"../../../Engine/Shaders/Private/Lumen/LumenReflectionDenoiserClear.usf" 3023
"../../../Engine/Shaders/Private/Lumen/LumenReflectionDenoiserTemporal.usf" 3024
"../../../Engine/Shaders/Private/Lumen/LumenReflectionResolve.usf" 3025
"../../../Engine/Shaders/Private/Lumen/LumenReflections.usf" 3026
"../../../Engine/Shaders/Private/Lumen/RayTracedTranslucency.usf" 3027
"../../../Engine/Shaders/Private/Lumen/LumenReflectionHardwareRayTracing.usf" 3028
"../../../Engine/Shaders/Private/Lumen/Radiosity/LumenVisualizeRadiosityProbes.usf" 3029
"../../../Engine/Shaders/Private/Lumen/Radiosity/LumenRadiosity.usf" 3030
"../../../Engine/Shaders/Private/Lumen/Radiosity/LumenRadiosityHardwareRayTracing.usf" 3031
"../../../Engine/Shaders/Private/Lumen/Radiosity/LumenRadiosityCulling.usf" 3032
"../../../Engine/Shaders/Private/Lumen/LumenRadianceCacheHardwareRayTracing.usf" 3033
"../../../Engine/Shaders/Private/Lumen/LumenRadianceCache.usf" 3034
"../../../Engine/Shaders/Private/Lumen/LumenRadianceCacheUpdate.ush" 3035
"../../../Engine/Shaders/Private/Lumen/LumenRadianceCacheDebug.usf" 3036
"../../../Engine/Shaders/Private/Lumen/LumenRadianceCacheUpdate.usf" 3037
"../../../Engine/Shaders/Private/Lumen/LumenMeshSDFCulling.usf" 3038
"../../../Engine/Shaders/Private/HybridIndirectLighting.ush" 3039
"../../../Engine/Shaders/Private/MeshDistanceFieldCommon.ush" 3040
"../../../Engine/Shaders/Private/Lumen/LumenIrradianceFieldGather.usf" 3041
"../../../Engine/Shaders/Private/Lumen/LumenHardwareRayTracingMaterials.usf" 3042
"../../../Engine/Shaders/Private/Lumen/LumenFrontLayerTranslucency.usf" 3043
"../../../Engine/Shaders/Private/LocalFogVolumes/LocalFogVolumeSplat.usf" 3044
"../../../Engine/Shaders/Private/LocalFogVolumes/LocalFogVolumeTiledCulling.usf" 3045
"../../../Engine/Shaders/Private/LightShaftShader.usf" 3046
"../../../Engine/Shaders/Private/StationaryLightOverlapShaders.usf" 3047
"../../../Engine/Shaders/Private/DeferredLightPixelShaders.usf" 3048
"../../../Engine/Shaders/Private/DeferredLightVertexShaders.usf" 3049
"../../../Engine/Shaders/Private/LightMapDensityShader.usf" 3050
"../../../Engine/Shaders/Private/LightGridInjection.usf" 3051
"../../../Engine/Shaders/Shared/LightGridDefinitions.h" 3052
"../../../Engine/Shaders/Private/LightFunctionPixelShader.usf" 3053
"../../../Engine/Shaders/Private/LightFunctionVertexShader.usf" 3054
"../../../Engine/Shaders/Private/LightFunctionAtlas/LightFunctionAtlasRender.usf" 3055
"../../../Engine/Shaders/Private/InstanceCulling/InstanceCullingOcclusionQuery.usf" 3056
"../../../Engine/Shaders/Private/InstanceCulling/InstanceCullingSetup.ush" 3057
"../../../Engine/Shaders/Private/InstanceCulling/BuildInstanceDrawCommands.usf" 3058
"../../../Engine/Shaders/Private/InstanceCulling/InstanceCompactionCommon.ush" 3059
"../../../Engine/Shaders/Private/SceneDataMobileWriter.ush" 3060
"../../../Engine/Shaders/Private/InstanceCulling/CompactVisibleInstances.usf" 3061
"../../../Engine/Shaders/Private/ReflectionEnvironmentPixelShader.usf" 3062
"../../../Engine/Shaders/Private/AmbientCubemapComposite.usf" 3063
"../../../Engine/Shaders/Private/DiffuseIndirectComposite.usf" 3064
"../../../Engine/Shaders/Private/IESAtlas.usf" 3065
"../../../Engine/Shaders/Private/HeterogeneousVolumes/HeterogeneousVolumesVisualizeCascades.usf" 3066
"../../../Engine/Shaders/Private/HeterogeneousVolumes/HeterogeneousVolumesVoxelGridShadows.usf" 3067
"../../../Engine/Shaders/Private/HeterogeneousVolumes/HeterogeneousVolumesStochasticFiltering.ush" 3068
"../../../Engine/Shaders/Private/HeterogeneousVolumes/HeterogeneousVolumesVoxelGridRenderingUtils.ush" 3069
"../../../Engine/Shaders/Private/HeterogeneousVolumes/HeterogeneousVolumesLightingUtils.ush" 3070
"../../../Engine/Shaders/Private/HeterogeneousVolumes/HeterogeneousVolumesRayMarchingUtils.ush" 3071
"../../../Engine/Shaders/Private/HeterogeneousVolumes/HeterogeneousVolumesRayMarchingTypes.ush" 3072
"../../../Engine/Shaders/Private/HeterogeneousVolumes/HeterogeneousVolumesTransmittanceVolumeUtils.ush" 3073
"../../../Engine/Shaders/Private/HeterogeneousVolumes/HeterogeneousVolumesAdaptiveVolumetricShadowMapSampler.ush" 3074
"../../../Engine/Shaders/Private/HeterogeneousVolumes/HeterogeneousVolumesVoxelGridRendering.usf" 3075
"../../../Engine/Shaders/Private/HeterogeneousVolumes/HeterogeneousVolumesVoxelGridPipeline.usf" 3076
"../../../Engine/Shaders/Private/HeterogeneousVolumes/HeterogeneousVolumesMaterialBakingPipeline.usf" 3077
"../../../Engine/Shaders/Private/HeterogeneousVolumes/HeterogeneousVolumesLiveShadingUtils.ush" 3078
"../../../Engine/Shaders/Private/HeterogeneousVolumes/HeterogeneousVolumesFrustumVoxelGrid.usf" 3079
"../../../Engine/Shaders/Private/HeterogeneousVolumes/HeterogeneousVolumesSparseVoxelPipeline.usf" 3080
"../../../Engine/Shaders/Private/HeterogeneousVolumes/HeterogeneousVolumesSparseVoxelUtils.ush" 3081
"../../../Engine/Shaders/Private/HeterogeneousVolumes/HeterogeneousVolumesSparseVoxelUniformBufferUtils.ush" 3082
"../../../Engine/Shaders/Private/HeterogeneousVolumes/HeterogeneousVolumesPreshadingPipeline.usf" 3083
"../../../Engine/Shaders/Private/HeterogeneousVolumes/HeterogeneousVolumesShadowMask.usf" 3084
"../../../Engine/Shaders/Private/HeterogeneousVolumes/HeterogeneousVolumesLiveShadingShadows.usf" 3085
"../../../Engine/Shaders/Private/HeterogeneousVolumes/HeterogeneousVolumesLiveShadingGlobalPipeline.usf" 3086
"../../../Engine/Shaders/Private/HeterogeneousVolumes/HeterogeneousVolumesLiveShadingPipeline.usf" 3087
"../../../Engine/Shaders/Private/HeterogeneousVolumes/HeterogeneousVolumesHardwareRayTracing.usf" 3088
"../../../Engine/Shaders/Private/HeterogeneousVolumes/HeterogeneousVolumesAmbientOcclusionPipeline.usf" 3089
"../../../Engine/Shaders/Private/HeterogeneousVolumes/HeterogeneousVolumesComposite.usf" 3090
"../../../Engine/Shaders/Private/HdrCustomResolveShaders.usf" 3091
"../../../Engine/Shaders/Private/HairStrands/RenderCurveRaster.usf" 3092
"../../../Engine/Shaders/Shared/RenderCurveDefinitions.h" 3093
"../../../Engine/Shaders/Private/HairStrands/HairStrandsVoxelRasterCompute.usf" 3094
"../../../Engine/Shaders/Private/HairStrands/HairStrandsHitProxy.usf" 3095
"../../../Engine/Shaders/Private/HairStrands/HairStrandsVisibilityRasterComputeNaive.usf" 3096
"../../../Engine/Shaders/Private/HairStrands/HairStrandsVisibilityRasterHW.usf" 3097
"../../../Engine/Shaders/Private/HairStrands/HairStrandsVisibilityRasterCompute.usf" 3098
"../../../Engine/Shaders/Private/HairStrands/HairStrandsVisibilityRasterClassification.usf" 3099
"../../../Engine/Shaders/Private/HairStrands/HairStrandsCoverage.usf" 3100
"../../../Engine/Shaders/Private/HairStrands/HairStrandsVisibilityDepthPS.usf" 3101
"../../../Engine/Shaders/Private/HairStrands/HairStrandsVisibilityTransmittanceDepthPS.usf" 3102
"../../../Engine/Shaders/Private/HairStrands/HairStrandsVisibilityFillOpaqueDepthPS.usf" 3103
"../../../Engine/Shaders/Private/HairStrands/HairStrandsVisibilityCompactionComputeRaster.usf" 3104
"../../../Engine/Shaders/Private/HairStrands/HairStrandsVisibilityCompaction.usf" 3105
"../../../Engine/Shaders/Private/HairStrands/HairStrandsVisibilityCopyIndirectArg.usf" 3106
"../../../Engine/Shaders/Private/HairStrands/HairStrandsVisibilityClearPS.usf" 3107
"../../../Engine/Shaders/Private/HairStrands/HairStrandsVisibilityPS.usf" 3108
"../../../Engine/Shaders/Private/HairStrands/HairStrandsVisibilityVS.usf" 3109
"../../../Engine/Shaders/Private/HairStrands/HairStrandsVelocity.usf" 3110
"../../../Engine/Shaders/Private/HairStrands/HairStrandsVisibilityComputeSampleCoverage.usf" 3111
"../../../Engine/Shaders/Private/HairStrands/HairStrandsMaterialPS.usf" 3112
"../../../Engine/Shaders/Private/HairStrands/HairStrandsMaterialCommon.ush" 3113
"../../../Engine/Shaders/Private/HairStrands/HairStrandsMaterialVS.usf" 3114
"../../../Engine/Shaders/Private/HairStrands/HairStrandsLightSample.usf" 3115
"../../../Engine/Shaders/Private/HairStrands/HairStrandsDeepShadowMask.usf" 3116
"../../../Engine/Shaders/Private/HairStrands/HairStrandsDeepTransmittanceMask.usf" 3117
"../../../Engine/Shaders/Private/HairStrands/HairStrandsVisibilityTile.usf" 3118
"../../../Engine/Shaders/Private/HairStrands/HairStrandsDeepShadowPS.usf" 3119
"../../../Engine/Shaders/Private/HairStrands/HairStrandsDeepShadowVS.usf" 3120
"../../../Engine/Shaders/Private/HairStrands/HairStrandsAABB.usf" 3121
"../../../Engine/Shaders/Private/HairStrands/HairStrandsLUT.usf" 3122
"../../../Engine/Shaders/Private/HairStrands/HairStrandsForwardRaster.usf" 3123
"../../../Engine/Shaders/Private/HairStrands/HairStrandsForwardCulling.usf" 3124
"../../../Engine/Shaders/Private/HairStrands/HairStrandsEnvironmentLighting.usf" 3125
"../../../Engine/Shaders/Private/HairStrands/HairStrandsEnvironmentAO.usf" 3126
"../../../Engine/Shaders/Private/HairStrands/HairStrandsDeepShadowAllocation.usf" 3127
"../../../Engine/Shaders/Private/HairStrands/HairStrandsVoxelDebug.usf" 3128
"../../../Engine/Shaders/Private/HairStrands/HairStrandsComposition.usf" 3129
"../../../Engine/Shaders/Private/HairStrands/HairStrandsGBufferCommon.ush" 3130
"../../../Engine/Shaders/Private/GPUScene/GPUSceneDataManagement.usf" 3131
"../../../Engine/Shaders/Private/GPUSceneDebugRender.usf" 3132
"../../../Engine/Shaders/Private/GPUFeedbackCompaction.usf" 3133
"../../../Engine/Shaders/Private/GPUFastFourierTransform.usf" 3134
"../../../Engine/Shaders/Private/GPUFastFourierTransform2DCore.ush" 3135
"../../../Engine/Shaders/Private/GPUFastFourierTransformCore.ush" 3136
"../../../Engine/Shaders/Private/GPUBenchmark.usf" 3137
"../../../Engine/Shaders/Private/DistanceField/GlobalDistanceFieldDebug.usf" 3138
"../../../Engine/Shaders/Private/DistanceField/GlobalDistanceFieldUpdate.ush" 3139
"../../../Engine/Shaders/Private/DistanceField/GlobalDistanceFieldMip.usf" 3140
"../../../Engine/Shaders/Private/DistanceField/GlobalDistanceField.usf" 3141
"../../../Engine/Shaders/Private/DistanceField/GlobalDistanceFieldCompositeObjects.usf" 3142
"../../../Engine/Shaders/Private/DistanceField/GlobalDistanceFieldHeightfields.usf" 3143
"../../../Engine/Shaders/Private/HeightfieldLightingShared.ush" 3144
"../../../Engine/Shaders/Private/GenerateConservativeDepth.usf" 3145
"../../../Engine/Shaders/Private/HeightFogPixelShader.usf" 3146
"../../../Engine/Shaders/Private/HeightFogVertexShader.usf" 3147
"../../../Engine/Shaders/Private/DistortFiltering.usf" 3148
"../../../Engine/Shaders/Private/DistortAccumulatePS.usf" 3149
"../../../Engine/Shaders/Private/DistortAccumulateVS.usf" 3150
"../../../Engine/Shaders/Private/DistanceFieldVisualization.usf" 3151
"../../../Engine/Shaders/Private/DistanceFieldStreaming.usf" 3152
"../../../Engine/Shaders/Private/DistanceFieldShadowing.usf" 3153
"../../../Engine/Shaders/Private/DistanceFieldScreenGridLighting.usf" 3154
"../../../Engine/Shaders/Private/DistanceFieldObjectCulling.usf" 3155
"../../../Engine/Shaders/Private/DistanceFieldLightingPost.usf" 3156
"../../../Engine/Shaders/Private/DitheredTransitionStencil.usf" 3157
"../../../Engine/Shaders/Private/CopyDepthTexture.usf" 3158
"../../../Engine/Shaders/Private/CopyDepthTextureCS.usf" 3159
"../../../Engine/Shaders/Private/DeferredDecal.usf" 3160
"../../../Engine/Shaders/Private/DecalCommon.ush" 3161
"../../../Engine/Shaders/Private/DebugViewModeVertexShader.usf" 3162
"../../../Engine/Shaders/Private/DebugViewModeCommon.ush" 3163
"../../../Engine/Shaders/Private/DebugViewModePixelShader.usf" 3164
"../../../Engine/Shaders/Private/DebugProbes.usf" 3165
"../../../Engine/Shaders/Private/MeshDecals.usf" 3166
"../../../Engine/Shaders/Private/PostProcessAmbientOcclusion.usf" 3167
"../../../Engine/Shaders/Private/ClusteredDeferredShadingPixelShader.usf" 3168
"../../../Engine/Shaders/Private/ClusteredDeferredShadingVertexShader.usf" 3169
"../../../Engine/Shaders/Private/CapsuleShadowShaders.usf" 3170
"../../../Engine/Shaders/Private/BasePassPixelShader.usf" 3171
"../../../Engine/Shaders/Private/ForwardLightingCommon.ush" 3172
"../../../Engine/Shaders/Private/Substrate/SubstrateForwardLighting.ush" 3173
"../../../Engine/Shaders/Private/ComputeShaderOutputCommon.ush" 3174
"../../../Engine/Shaders/Private/BasePassVertexShader.usf" 3175
"../../../Engine/Shaders/Private/BasePassVertexCommon.ush" 3176
"../../../Engine/Shaders/Private/SimpleElementVolumeTexturePreviewPixelShader.usf" 3177
"../../../Engine/Shaders/Private/SimpleElementTexture2DPreviewPixelShader.usf" 3178
"../../../Engine/Shaders/Private/meshpaintdilatepixelshader.usf" 3179
"../../../Engine/Shaders/Private/meshpaintdilatevertexshader.usf" 3180
"../../../Engine/Shaders/Private/MeshPaintPixelShader.usf" 3181
"../../../Engine/Shaders/Private/MeshPaintVertexShader.usf" 3182
"../../../Engine/Shaders/Private/SlateElementPixelShader.usf" 3183
"../../../Engine/Shaders/Private/SlateShaderCommon.ush" 3184
"../../../Engine/Shaders/Private/SlateMaskingShader.usf" 3185
"../../../Engine/Shaders/Private/SlateVertexShader.usf" 3186
"../../../Engine/Shaders/Private/CompositeUIPixelShader.usf" 3187
"../../../Engine/Shaders/Private/ColorDeficiency.ush" 3188
"../../../Engine/Shaders/Private/SlatePostProcessColorDeficiencyPixelShader.usf" 3189
"../../../Engine/Shaders/Private/SlatePostProcessPixelShader.usf" 3190
"../../../Engine/Shaders/Private/Tools/VisualizeTexture.usf" 3191
"../../../Engine/Shaders/Private/UpdateDescriptorHandle.usf" 3192
"../../../Engine/Shaders/Private/ByteBuffer.usf" 3193
"../../../Engine/Shaders/Private/ShaderBundleWorkGraphDispatch.usf" 3194
"../../../Engine/Shaders/Private/ShaderBundleDispatch.usf" 3195
"../../../Engine/Shaders/Private/ResolveVertexShader.usf" 3196
"../../../Engine/Shaders/Private/ResolvePixelShader.usf" 3197
"../../../Engine/Shaders/Private/Tools/SetupIndirectArgs.usf" 3198
"../../../Engine/Shaders/Private/ClearReplacementShaders.usf" 3199
"../../../Engine/Shaders/Private/Tools/DrawTexture.usf" 3200
"../../../Engine/Shaders/Private/RayTracing/RayTracingValidation.usf" 3201
"../../../Engine/Shaders/Private/RenderGraphUtilities.usf" 3202
"../../../Engine/Shaders/Private/OneColorShader.usf" 3203
"../../../Engine/Shaders/Private/OculusShaders.usf" 3204
"../../../Engine/Shaders/Private/MediaShaders.usf" 3205
"../../../Engine/Shaders/Private/GPUMessaging.usf" 3206
"../../../Engine/Shaders/Private/Tools/GPUDebugCrashUtils.usf" 3207
"../../../Engine/Shaders/Private/NullPixelShader.usf" 3208
"../../../Engine/Shaders/Private/ComputeGenerateMips.usf" 3209
"../../../Engine/Shaders/Private/Tools/DumpTexture.usf" 3210
"../../../Engine/Shaders/Private/CopyTextureShaders.usf" 3211
"../../../Engine/Shaders/Private/Tools/FullscreenVertexShader.usf" 3212
"../../../Engine/Shaders/Private/RayTracing/RayTracingDispatchDesc.usf" 3213
"../../../Engine/Shaders/Private/Bink.usf" 3214
"../../../Engine/Shaders/Private/DepthOnlyPixelShader.usf" 3215
"../../../Engine/Shaders/Private/PositionOnlyDepthVertexShader.usf" 3216
"../../../Engine/Shaders/Private/DepthOnlyVertexShader.usf" 3217
"../../../Engine/Shaders/Private/AnisotropyPassShader.usf" 3218
"E:/Unreal_Project/BlueArchive/Content/BP/WBP/Banner/WBP_Banner.uasset" 3219
"/Engine/EngineResources/WhiteSquareTexture" 3220
"../../../Engine/Content/EngineResources/WhiteSquareTexture.uasset" 3221
"/Engine/EngineResources/GradientTexture0" 3222
"../../../Engine/Content/EngineResources/GradientTexture0.uasset" 3223
"/Engine/EngineResources/Black" 3224
"../../../Engine/Content/EngineResources/Black.uasset" 3225
"/Engine/EditorResources/S_Actor" 3226
"../../../Engine/Content/EditorResources/S_Actor.uasset" 3227
"/Engine/EngineFonts/RobotoDistanceField" 3228
"../../../Engine/Content/EngineFonts/RobotoDistanceField.uasset" 3229
"/Engine/EngineMaterials/DefaultTextMaterialOpaque" 3230
"../../../Engine/Content/EngineMaterials/DefaultTextMaterialOpaque.uasset" 3231
"/Engine/Functions/Engine_MaterialFunctions01/Shading/PowerToRoughness" 3232
"../../../Engine/Content/Functions/Engine_MaterialFunctions01/Shading/PowerToRoughness.uasset" 3233
"/Engine/Functions/Engine_MaterialFunctions01/Shading/ConvertFromDiffSpec" 3234
"../../../Engine/Content/Functions/Engine_MaterialFunctions01/Shading/ConvertFromDiffSpec.uasset" 3235
"/Engine/EngineMaterials/WorldGridMaterial" 3236
"../../../Engine/Content/EngineMaterials/WorldGridMaterial.uasset" 3237
"../../../Engine/Content/Functions/Engine_MaterialFunctions01/Opacity/CameraDepthFade.uasset" 3238
"../../../Engine/Content/EngineMaterials/T_Default_Material_Grid_M.uasset" 3239
"../../../Engine/Content/EngineMaterials/T_Default_Material_Grid_N.uasset" 3240
"/Engine/EngineMaterials/DefaultDeferredDecalMaterial" 3241
"../../../Engine/Content/EngineMaterials/DefaultDeferredDecalMaterial.uasset" 3242
"../../../Engine/Content/EngineMaterials/DefaultDiffuse.uasset" 3243
"/Engine/EngineMaterials/DefaultLightFunctionMaterial" 3244
"../../../Engine/Content/EngineMaterials/DefaultLightFunctionMaterial.uasset" 3245
"/Engine/EngineMaterials/DefaultPostProcessMaterial" 3246
"../../../Engine/Content/EngineMaterials/DefaultPostProcessMaterial.uasset" 3247
"../../../Engine/Content/Functions/Engine_MaterialFunctions02/Utility/BreakOutFloat2Components.uasset" 3248
"/Engine/EditorResources/S_Trigger" 3249
"../../../Engine/Content/EditorResources/S_Trigger.uasset" 3250
"/Engine/EditorResources/S_BoxReflectionCapture" 3251
"../../../Engine/Content/EditorResources/S_BoxReflectionCapture.uasset" 3252
"/Engine/EngineResources/DefaultTexture" 3253
"../../../Engine/Content/EngineResources/DefaultTexture.uasset" 3254
"/Engine/EditorResources/S_TriggerBox" 3255
"../../../Engine/Content/EditorResources/S_TriggerBox.uasset" 3256
"/Engine/EditorResources/S_TriggerCapsule" 3257
"../../../Engine/Content/EditorResources/S_TriggerCapsule.uasset" 3258
"/Engine/EditorResources/S_TriggerSphere" 3259
"../../../Engine/Content/EditorResources/S_TriggerSphere.uasset" 3260
"/Engine/EngineMeshes/Sphere" 3261
"../../../Engine/Content/EngineMeshes/Sphere.uasset" 3262
"/Engine/EngineDamageTypes/DmgTypeBP_Environmental" 3263
"../../../Engine/Content/EngineDamageTypes/DmgTypeBP_Environmental.uasset" 3264
"/Engine/EngineResources/DefaultTextureCube" 3265
"../../../Engine/Content/EngineResources/DefaultTextureCube.uasset" 3266
"/Engine/EngineResources/DefaultVolumeTexture" 3267
"../../../Engine/Content/EngineResources/DefaultVolumeTexture.uasset" 3268
"../../../Engine/Content/EngineResources/DefaultVolumeTexture2D.uasset" 3269
"/Engine/EditorResources/S_Solver" 3270
"../../../Engine/Content/EditorResources/S_Solver.uasset" 3271
"/Engine/EngineDebugMaterials/VolumeToRender" 3272
"../../../Engine/Content/EngineDebugMaterials/VolumeToRender.uasset" 3273
"/Engine/EngineDebugMaterials/M_VolumeRenderSphereTracePP" 3274
"../../../Engine/Content/EngineDebugMaterials/M_VolumeRenderSphereTracePP.uasset" 3275
"../../../Engine/Content/Functions/Engine_MaterialFunctions02/Utility/CameraDirectionVector.uasset" 3276
"/Engine/EditorMeshes/Camera/SM_CraneRig_Base" 3277
"../../../Engine/Content/EditorMeshes/Camera/SM_CraneRig_Base.uasset" 3278
"../../../Engine/Content/EditorMaterials/Camera/MI_CineMat_Rig.uasset" 3279
"../../../Engine/Content/EditorMaterials/Camera/CineMat.uasset" 3280
"/Engine/EditorMeshes/Camera/SM_CraneRig_Arm" 3281
"../../../Engine/Content/EditorMeshes/Camera/SM_CraneRig_Arm.uasset" 3282
"/Engine/EditorMeshes/Camera/SM_CraneRig_Mount" 3283
"../../../Engine/Content/EditorMeshes/Camera/SM_CraneRig_Mount.uasset" 3284
"/Engine/EditorMeshes/Camera/SM_CraneRig_Body" 3285
"../../../Engine/Content/EditorMeshes/Camera/SM_CraneRig_Body.uasset" 3286
"/Engine/EditorMeshes/Camera/SM_RailRig_Track" 3287
"../../../Engine/Content/EditorMeshes/Camera/SM_RailRig_Track.uasset" 3288
"/Engine/EditorMeshes/Camera/SM_RailRig_Mount" 3289
"../../../Engine/Content/EditorMeshes/Camera/SM_RailRig_Mount.uasset" 3290
"/Engine/EditorLandscapeResources/SplineEditorMesh" 3291
"../../../Engine/Content/EditorLandscapeResources/SplineEditorMesh.uasset" 3292
"../../../Engine/Content/EditorLandscapeResources/SplineEditorMeshMat.uasset" 3293
"/HairStrands/Materials/HairDebugMaterial" 3294
"../../Plugins/Runtime/HairStrands/Content/Materials/HairDebugMaterial.uasset" 3295
"../../../Engine/Content/Functions/Engine_MaterialFunctions02/Utility/MakeFloat2.uasset" 3296
"../../../Engine/Content/Functions/Engine_MaterialFunctions02/Utility/MakeFloat3.uasset" 3297
"../../../Engine/Content/EngineMaterials/HairColorMap.uasset" 3298
"../../../Engine/Content/EngineMaterials/HairDebugColor.uasset" 3299
"../../Plugins/Runtime/HairStrands/Content/Materials/HairGroupColors.uasset" 3300
"/HairStrands/Materials/HairDefaultMaterial" 3301
"../../Plugins/Runtime/HairStrands/Content/Materials/HairDefaultMaterial.uasset" 3302
"/HairStrands/Materials/HairCardsDefaultMaterial" 3303
"../../Plugins/Runtime/HairStrands/Content/Materials/HairCardsDefaultMaterial.uasset" 3304
"/HairStrands/Materials/HairMeshesDefaultMaterial" 3305
"../../Plugins/Runtime/HairStrands/Content/Materials/HairMeshesDefaultMaterial.uasset" 3306
"/Engine/EngineMaterials/Widget3DPassThrough_Translucent" 3307
"../../../Engine/Content/EngineMaterials/Widget3DPassThrough_Translucent.uasset" 3308
"../../../Engine/Content/EngineMaterials/Widget3DPassThrough.uasset" 3309
"/Engine/EngineMaterials/Widget3DPassThrough_Translucent_OneSided" 3310
"../../../Engine/Content/EngineMaterials/Widget3DPassThrough_Translucent_OneSided.uasset" 3311
"/Engine/EngineMaterials/Widget3DPassThrough_Opaque" 3312
"../../../Engine/Content/EngineMaterials/Widget3DPassThrough_Opaque.uasset" 3313
"/Engine/EngineMaterials/Widget3DPassThrough_Opaque_OneSided" 3314
"../../../Engine/Content/EngineMaterials/Widget3DPassThrough_Opaque_OneSided.uasset" 3315
"/Engine/EngineMaterials/Widget3DPassThrough_Masked" 3316
"../../../Engine/Content/EngineMaterials/Widget3DPassThrough_Masked.uasset" 3317
"/Engine/EngineMaterials/Widget3DPassThrough_Masked_OneSided" 3318
"../../../Engine/Content/EngineMaterials/Widget3DPassThrough_Masked_OneSided.uasset" 3319
"/Engine/VREditor/ViewportInteractionAssetContainerData" 3320
"../../../Engine/Content/VREditor/ViewportInteractionAssetContainerData.uasset" 3321
"../../../Engine/Content/VREditor/SnapGrid/SnapGridMaterial.uasset" 3322
"../../../Engine/Content/VREditor/TransformGizmo/TransformGizmoMaterial_Inst.uasset" 3323
"../../../Engine/Content/VREditor/TransformGizmo/TranslucentTransformGizmoMaterial_Inst.uasset" 3324
"../../../Engine/Content/VREditor/SnapGrid/SnapGridPlaneMesh.uasset" 3325
"../../../Engine/Content/VREditor/Sounds/UI/Drop_Item_From_ContentBrowser.uasset" 3326
"../../../Engine/Content/VREditor/Sounds/UI/Gizmo_Handle_Clicked.uasset" 3327
"../../../Engine/Content/VREditor/Sounds/UI/Object_PickUp.uasset" 3328
"../../../Engine/Content/VREditor/Sounds/UI/Object_Snaps_To_Another_Actor.uasset" 3329
"../../../Engine/Content/VREditor/Sounds/UI/Object_Snaps_To_Grid.uasset" 3330
"../../../Engine/Content/VREditor/Sounds/UI/Scaling_Down.uasset" 3331
"../../../Engine/Content/VREditor/Sounds/UI/Scaling_Up.uasset" 3332
"../../../Engine/Content/VREditor/Sounds/UI/Selection_Changes.uasset" 3333
"../../../Engine/Content/VREditor/TransformGizmo/PlaneTranslationHandle.uasset" 3334
"../../../Engine/Content/VREditor/TransformGizmo/RotationHandleFull.uasset" 3335
"../../../Engine/Content/VREditor/TransformGizmo/RotationHandleIndicator.uasset" 3336
"../../../Engine/Content/VREditor/TransformGizmo/RotationHandleQuarter.uasset" 3337
"../../../Engine/Content/VREditor/TransformGizmo/StartRotationHandleIndicator.uasset" 3338
"../../../Engine/Content/VREditor/TransformGizmo/TransformGizmoFreeRotation.uasset" 3339
"../../../Engine/Content/VREditor/TransformGizmo/TranslateArrowHandle.uasset" 3340
"../../../Engine/Content/VREditor/TransformGizmo/UniformScaleHandle.uasset" 3341
"../../../Engine/Content/Functions/Engine_MaterialFunctions02/Math/Transform3x3Matrix.uasset" 3342
"../../../Engine/Content/Functions/Engine_MaterialFunctions02/SplitComponents.uasset" 3343
"../../../Engine/Content/VREditor/TransformGizmo/TransformGizmoMaterial.uasset" 3344
"../../../Engine/Content/VREditor/TransformGizmo/TranslucentTransformGizmoMaterial.uasset" 3345
"../../../Engine/Content/Functions/Engine_MaterialFunctions02/Utility/BreakOutFloat3Components.uasset" 3346
"../../../Engine/Content/VREditor/LaserPointer/VR_LaserPower_01.uasset" 3347
"/Engine/VREditor/TransformGizmo/BoundingBoxCorner" 3348
"../../../Engine/Content/VREditor/TransformGizmo/BoundingBoxCorner.uasset" 3349
"/Engine/VREditor/TransformGizmo/BoundingBoxEdge" 3350
"../../../Engine/Content/VREditor/TransformGizmo/BoundingBoxEdge.uasset" 3351
"/Engine/ArtTools/RenderToTexture/Meshes/S_1_Unit_Plane" 3352
"../../../Engine/Content/ArtTools/RenderToTexture/Meshes/S_1_Unit_Plane.uasset" 3353
"/Engine/EngineDebugMaterials/M_SimpleUnlitTranslucent" 3354
"../../../Engine/Content/EngineDebugMaterials/M_SimpleUnlitTranslucent.uasset" 3355
"/Engine/EngineFonts/Roboto" 3356
"../../../Engine/Content/EngineFonts/Roboto.uasset" 3357
"../../../Engine/Content/EngineFonts/Faces/DroidSansFallback.uasset" 3358
"../../../Engine/Content/EngineFonts/Faces/RobotoBold.uasset" 3359
"../../../Engine/Content/EngineFonts/Faces/RobotoBoldItalic.uasset" 3360
"../../../Engine/Content/EngineFonts/Faces/RobotoItalic.uasset" 3361
"../../../Engine/Content/EngineFonts/Faces/RobotoLight.uasset" 3362
"../../../Engine/Content/EngineFonts/Faces/RobotoRegular.uasset" 3363
"/Engine/EditorMaterials/ParticleSystems/PSysThumbnail_NoImage" 3364
"../../../Engine/Content/EditorMaterials/ParticleSystems/PSysThumbnail_NoImage.uasset" 3365
"/Engine/EditorMaterials/ParticleSystems/PSysThumbnail_OOD" 3366
"../../../Engine/Content/EditorMaterials/ParticleSystems/PSysThumbnail_OOD.uasset" 3367
"/Engine/EngineResources/LandscapeVisibilityLayerInfo" 3368
"../../../Engine/Content/EngineResources/LandscapeVisibilityLayerInfo.uasset" 3369
"../../../../Unreal_Project/BlueArchive/Intermediate/ShaderAutogen/PCD3D_SM5/AutogenShaderHeaders.ush" 3370
"../../../Engine/Content/Internationalization/icudt64l/coll/en.res" 3371
"/ACLPlugin/ACLAnimBoneCompressionSettings" 3372
"../../Plugins/Animation/ACLPlugin/Content/ACLAnimBoneCompressionSettings.uasset" 3373
"/Engine/Animation/DefaultRecorderBoneCompression" 3374
"../../../Engine/Content/Animation/DefaultRecorderBoneCompression.uasset" 3375
"/ACLPlugin/ACLAnimCurveCompressionSettings" 3376
"../../Plugins/Animation/ACLPlugin/Content/ACLAnimCurveCompressionSettings.uasset" 3377
"/Engine/Animation/DefaultVariableFrameStrippingSettings" 3378
"../../../Engine/Content/Animation/DefaultVariableFrameStrippingSettings.uasset" 3379
"/ControlRig/Controls/ControlRigXRayMaterial" 3380
"../../Plugins/Animation/ControlRig/Content/Controls/ControlRigXRayMaterial.uasset" 3381
"/ControlRig/Controls/DefaultGizmoLibraryNormalized" 3382
"../../Plugins/Animation/ControlRig/Content/Controls/DefaultGizmoLibraryNormalized.uasset" 3383
"/ControlRig/M_Manip" 3384
"../../Plugins/Animation/ControlRig/Content/M_Manip.uasset" 3385
"../../../Engine/Content/Functions/Engine_MaterialFunctions02/WorldPositionOffset/CameraOffset.uasset" 3386
"/Paper2D/MaskedUnlitSpriteMaterial" 3387
"../../Plugins/2D/Paper2D/Content/MaskedUnlitSpriteMaterial.uasset" 3388
"../../Plugins/2D/Paper2D/Content/DefaultSpriteMaterial.uasset" 3389
"../../Plugins/2D/Paper2D/Content/PlaceholderTextures/DummySpriteTexture.uasset" 3390
"/Paper2D/OpaqueUnlitSpriteMaterial" 3391
"../../Plugins/2D/Paper2D/Content/OpaqueUnlitSpriteMaterial.uasset" 3392
"/Paper2D/DefaultPaperTerrainMaterial" 3393
"../../Plugins/2D/Paper2D/Content/DefaultPaperTerrainMaterial.uasset" 3394
"../../Plugins/2D/Paper2D/Content/DummySprite.uasset" 3395
"/AudioWidgets/Resources/ScrubHandleDown_Clamped" 3396
"../../Plugins/Runtime/AudioWidgets/Content/Resources/ScrubHandleDown_Clamped.uasset" 3397
"/Game/BP/Game/BP_PlayerController" 3398
"../../../../Unreal_Project/BlueArchive/Content/BP/Game/BP_PlayerController.uasset" 3399
"../../../../Unreal_Project/BlueArchive/Content/BP/Game/BP_UIManager.uasset" 3400
"../../../../Unreal_Project/BlueArchive/Content/Character/Actor/BP_CharacterPreviewActor.uasset" 3401
"../../../../Unreal_Project/BlueArchive/Content/BP/WBP/MouseFX/WBP_MouseRootFX.uasset" 3402
"../../../../Unreal_Project/BlueArchive/Content/BP/WBP/WBP_BlackWidge.uasset" 3403
"../../../../Unreal_Project/BlueArchive/Content/BP/WBP/WBP_FadeWidget.uasset" 3404
"../../../../Unreal_Project/BlueArchive/Content/Character/Model/hihumi/ABP_Hihumi.uasset" 3405
"../../../../Unreal_Project/BlueArchive/Content/Character/RT/M_PP_StencilToAlpha.uasset" 3406
"../../../../Unreal_Project/BlueArchive/Content/Character/Model/hihumi/Hihumi_Original.uasset" 3407
"../../../../Unreal_Project/BlueArchive/Content/Mat/M_MouseTrail.uasset" 3408
"../../../../Unreal_Project/BlueArchive/Content/BP/WBP/MouseFX/WBP_Mouse_Touch.uasset" 3409
"../../../../Unreal_Project/BlueArchive/Content/BP/WBP/MouseFX/WBP_MouseTreailFX.uasset" 3410
"../../../../Unreal_Project/BlueArchive/Content/UIs/Icon/Image_Triangle.uasset" 3411
"../../../../Unreal_Project/BlueArchive/Content/UIs/Icon/Image_TriangleLine.uasset" 3412
"../../../../Unreal_Project/BlueArchive/Content/UIs/BG/Formation_Bg_EchelonExtension.uasset" 3413
"../../../../Unreal_Project/BlueArchive/Content/UIs/BG/Image_Triangle.uasset" 3414
"../../../../Unreal_Project/BlueArchive/Content/UIs/BG/Tran_Shitim_Icon.uasset" 3415
"../../../../Unreal_Project/BlueArchive/Content/Character/Model/hihumi/Hihumi_OriginalHihumi_Original_Formation_Idle.uasset" 3416
"../../../../Unreal_Project/BlueArchive/Content/Character/Model/hihumi/Hihumi_OriginalHihumi_Original_Formation_Pickup.uasset" 3417
"../../../../Unreal_Project/BlueArchive/Content/Character/Model/hihumi/Hihumi_Original_Skeleton.uasset" 3418
"../../../../Unreal_Project/BlueArchive/Content/Character/Model/hihumi/Hihumi_Original_Body1.uasset" 3419
"../../../../Unreal_Project/BlueArchive/Content/Character/Model/hihumi/Hihumi_Original_Eyebrow.uasset" 3420
"../../../../Unreal_Project/BlueArchive/Content/Character/Model/hihumi/Hihumi_Original_EyeMouth1.uasset" 3421
"../../../../Unreal_Project/BlueArchive/Content/Character/Model/hihumi/Hihumi_Original_Face1.uasset" 3422
"../../../../Unreal_Project/BlueArchive/Content/Character/Model/hihumi/Hihumi_Original_Hair1.uasset" 3423
"../../../../Unreal_Project/BlueArchive/Content/Character/Model/hihumi/Hihumi_Original_Halo1.uasset" 3424
"../../../../Unreal_Project/BlueArchive/Content/Character/Model/hihumi/Hihumi_Original_Weapon1.uasset" 3425
"../../../../Unreal_Project/BlueArchive/Content/Character/Model/hihumi/Hihumi_Original_PhysicsAsset.uasset" 3426
"../../../../Unreal_Project/BlueArchive/Content/Mat/M_MouseTouch.uasset" 3427
"../../../../Unreal_Project/BlueArchive/Content/UIs/Mask/FX_TEX_Circle_Ring_05.uasset" 3428
"../../Plugins/Interchange/Assets/Content/Materials/FBXLegacyPhongSurfaceMaterial.uasset" 3429
"../../../../Unreal_Project/BlueArchive/Content/Character/Model/hihumi/Hihumi_Original_Body.uasset" 3430
"../../../../Unreal_Project/BlueArchive/Content/Character/Model/hihumi/Hihumi_Original_EyeMouth.uasset" 3431
"../../../../Unreal_Project/BlueArchive/Content/Character/Model/hihumi/Hihumi_Original_Face.uasset" 3432
"../../../../Unreal_Project/BlueArchive/Content/Character/Model/hihumi/Hihumi_Original_Hair.uasset" 3433
"../../../../Unreal_Project/BlueArchive/Content/Character/Model/hihumi/Hihumi_Original_Halo.uasset" 3434
"../../../../Unreal_Project/BlueArchive/Content/Character/Model/hihumi/Hihumi_Original_Weapon.uasset" 3435
"../../../../Unreal_Project/BlueArchive/Content/UIs/Mask/FX_TEX_Circle_Ring_Wave_01.uasset" 3436
"../../../Engine/Content/Functions/Engine_MaterialFunctions03/Procedurals/NormalFromHeightmap.uasset" 3437
"../../Plugins/Interchange/Assets/Content/Functions/MF_PhongToMetalRoughness.uasset" 3438
"../../../Engine/Content/EngineMaterials/BaseFlattenLinearColor.uasset" 3439
"../../../Engine/Content/EngineMaterials/DefaultNormal.uasset" 3440
"../../../Engine/Config/BaseUnrealInsightsSettings.ini" 3441
"/MediaPlate/SM_MediaPlateScreen" 3442
"../../Plugins/Media/MediaPlate/Content/SM_MediaPlateScreen.uasset" 3443
"../../../Engine/Intermediate/ProjectFiles/PrimaryProjectPath.txt" 3444
"/SpeedTreeImporter/SpeedTree9/SpeedTreeMaster" 3445
"../../Plugins/Editor/SpeedTreeImporter/Content/SpeedTree9/SpeedTreeMaster.uasset" 3446
"../../../Engine/Content/Functions/Engine_MaterialFunctions02/ObjectLocalBounds.uasset" 3447
"../../../Engine/Content/Functions/Engine_MaterialFunctions02/SafeNormalize.uasset" 3448
"../../../Engine/Content/Functions/Engine_MaterialFunctions02/Utility/VectorLength.uasset" 3449
"../../../Engine/Content/Functions/Engine_MaterialFunctions02/UVs/BoundingBoxBased_0-1_UVW.uasset" 3450
"../../../Engine/Content/Functions/Engine_MaterialFunctions02/WorldPositionOffset/ObjectScale.uasset" 3451
"../../Plugins/Editor/SpeedTreeImporter/Content/SpeedTree9/SpeedTreeBranchMotion.uasset" 3452
"../../Plugins/Editor/SpeedTreeImporter/Content/SpeedTree9/SpeedTreeCameraFacing.uasset" 3453
"../../Plugins/Editor/SpeedTreeImporter/Content/SpeedTree9/SpeedTreeWind.uasset" 3454
"../../Plugins/Editor/SpeedTreeImporter/Content/SpeedTree9/SpeedTreeWindMotion.uasset" 3455
"../../Plugins/Editor/SpeedTreeImporter/Content/SpeedTree9/UnpackDirection.uasset" 3456
"../../Plugins/Editor/SpeedTreeImporter/Content/SpeedTree9/UnpackInteger3.uasset" 3457
"../../Plugins/Editor/SpeedTreeImporter/Content/SpeedTree9/Empty.uasset" 3458
"../../Plugins/Editor/SpeedTreeImporter/Content/SpeedTree9/EmptyNormal.uasset" 3459
"../../Plugins/Editor/SpeedTreeImporter/Content/SpeedTree9/game_wind_noise.uasset" 3460
"/SpeedTreeImporter/SpeedTree9/SpeedTreeBillboardMaster" 3461
"../../Plugins/Editor/SpeedTreeImporter/Content/SpeedTree9/SpeedTreeBillboardMaster.uasset" 3462
"../../Plugins/Editor/SpeedTreeImporter/Content/SpeedTree9/SpeedTreeBillboard.uasset" 3463
"/Engine/BasicShapes/BasicShapeMaterial" 3464
"../../../Engine/Content/BasicShapes/BasicShapeMaterial.uasset" 3465
"/Engine/EditorMaterials/Dataflow/DataflowVertexMaterial" 3466
"../../../Engine/Content/EditorMaterials/Dataflow/DataflowVertexMaterial.uasset" 3467
"/Engine/EditorMaterials/Dataflow/DataflowTwoSidedVertexMaterial" 3468
"../../../Engine/Content/EditorMaterials/Dataflow/DataflowTwoSidedVertexMaterial.uasset" 3469
"/MeshModelingToolsetExp/Materials/PointSetOverlaidComponentMaterial" 3470
"../../Plugins/Experimental/MeshModelingToolsetExp/Content/Materials/PointSetOverlaidComponentMaterial.uasset" 3471
"../../../Engine/Content/Functions/Engine_MaterialFunctions02/Utility/FOV.uasset" 3472
"../../../Engine/Content/Functions/Engine_MaterialFunctions02/WorldPositionOffset/V2/ObjectScale.uasset" 3473
"../../../Engine/Content/Functions/Engine_MaterialFunctions03/Viewport/MF_OrthoWidth.uasset" 3474
"../../Plugins/Experimental/MeshModelingToolsetExp/Content/Materials/GetDisplacementVectorForDepthBias.uasset" 3475
"/Engine/EditorLandscapeResources/LayerVisMaterial" 3476
"../../../Engine/Content/EditorLandscapeResources/LayerVisMaterial.uasset" 3477
"../../../Engine/Content/EditorLandscapeResources/WhiteSquareTexture.uasset" 3478
"/Engine/EditorLandscapeResources/SelectBrushMaterial_Selected" 3479
"../../../Engine/Content/EditorLandscapeResources/SelectBrushMaterial_Selected.uasset" 3480
"../../../Engine/Content/EditorLandscapeResources/SelectBrushMaterial.uasset" 3481
"../../../Engine/Content/Functions/Engine_MaterialFunctions03/Math/WithinRangeFloat2.uasset" 3482
"../../../Engine/Content/EditorLandscapeResources/DefaultAlphaTexture.uasset" 3483
"/Engine/EditorLandscapeResources/SelectBrushMaterial_SelectedRegion" 3484
"../../../Engine/Content/EditorLandscapeResources/SelectBrushMaterial_SelectedRegion.uasset" 3485
"/Engine/EditorLandscapeResources/MaskBrushMaterial_MaskedRegion" 3486
"../../../Engine/Content/EditorLandscapeResources/MaskBrushMaterial_MaskedRegion.uasset" 3487
"../../../Engine/Content/EditorLandscapeResources/MaskBrushMaterial.uasset" 3488
"/Engine/EditorLandscapeResources/ColorMaskBrushMaterial_MaskedRegion" 3489
"../../../Engine/Content/EditorLandscapeResources/ColorMaskBrushMaterial_MaskedRegion.uasset" 3490
"../../../Engine/Content/EditorLandscapeResources/ColorMaskBrushMaterial.uasset" 3491
"/Engine/EditorLandscapeResources/LandscapeDirtyMaterial" 3492
"../../../Engine/Content/EditorLandscapeResources/LandscapeDirtyMaterial.uasset" 3493
"/Engine/EditorLandscapeResources/LandscapeLayerUsageMaterial" 3494
"../../../Engine/Content/EditorLandscapeResources/LandscapeLayerUsageMaterial.uasset" 3495
"../../../Engine/Content/Functions/Engine_MaterialFunctions01/Debug/DebugIntValues.uasset" 3496
"../../../Engine/Content/Functions/Engine_MaterialFunctions01/Texturing/ScaleUVsByCenter.uasset" 3497
"../../../Engine/Content/Functions/Engine_MaterialFunctions02/WorldPositionOffset/LocalPosition.uasset" 3498
"../../../Engine/Content/Functions/Engine_MaterialFunctions01/Texturing/TextureCropping.uasset" 3499
"../../../Engine/Content/Functions/Engine_MaterialFunctions02/ExampleContent/DebugNumberStrip.uasset" 3500
"C:/Users/moo/AppData/Local/UnrealEngine/Editor/UInteractiveToolsPresetCollectionAsset_DefaultCollection.json" 3501
"/Engine/EngineMaterials/NaniteHiddenSectionMaterial" 3502
"../../../Engine/Content/EngineMaterials/NaniteHiddenSectionMaterial.uasset" 3503
"/Engine/EngineMaterials/RemoveSurfaceMaterial" 3504
"../../../Engine/Content/EngineMaterials/RemoveSurfaceMaterial.uasset" 3505
"/Engine/EngineDebugMaterials/DebugMeshMaterial" 3506
"../../../Engine/Content/EngineDebugMaterials/DebugMeshMaterial.uasset" 3507
"/Engine/EngineMaterials/EmissiveMeshMaterial" 3508
"../../../Engine/Content/EngineMaterials/EmissiveMeshMaterial.uasset" 3509
"../../../Engine/Content/EngineMaterials/DefaultWhiteGrid_Low.uasset" 3510
"/Engine/EngineMaterials/M_InvalidLightmapSettings" 3511
"../../../Engine/Content/EngineMaterials/M_InvalidLightmapSettings.uasset" 3512
"../../../Engine/Content/EngineMaterials/InvalidLightmapSettings.uasset" 3513
"/Engine/EngineMaterials/GizmoMaterial" 3514
"../../../Engine/Content/EngineMaterials/GizmoMaterial.uasset" 3515
"/Engine/EngineMaterials/PhAT_JointLimitMaterial" 3516
"../../../Engine/Content/EngineMaterials/PhAT_JointLimitMaterial.uasset" 3517
"/Engine/EngineMaterials/FlattenMaterial" 3518
"../../../Engine/Content/EngineMaterials/FlattenMaterial.uasset" 3519
"../../../Engine/Content/EngineMaterials/BaseFlattenDiffuseMap.uasset" 3520
"../../../Engine/Content/EngineMaterials/BaseFlattenEmissiveMap.uasset" 3521
"../../../Engine/Content/EngineMaterials/BaseFlattenGrayscaleMap.uasset" 3522
"../../../Engine/Content/EngineMaterials/BaseFlattenNormalMap.uasset" 3523
"../../../Engine/Content/Functions/Engine_MaterialFunctions02/PivotPainter2/Black_1x1_EXR_Texture.uasset" 3524
"/Engine/EngineMaterials/FlattenMaterial_VT" 3525
"../../../Engine/Content/EngineMaterials/FlattenMaterial_VT.uasset" 3526
"../../../Engine/Content/EngineMaterials/BaseFlattenDiffuseMap_VT.uasset" 3527
"../../../Engine/Content/EngineMaterials/BaseFlattenEmissiveMap_VT.uasset" 3528
"../../../Engine/Content/EngineMaterials/BaseFlattenGrayscaleMap_VT.uasset" 3529
"../../../Engine/Content/EngineMaterials/BaseFlattenLinearColor_VT.uasset" 3530
"../../../Engine/Content/EngineMaterials/BaseFlattenNormalMap_VT.uasset" 3531
"../../../Engine/Content/EngineMaterials/Black_1x1_EXR_Texture_VT.uasset" 3532
"/Engine/EngineMaterials/FlattenMaterial_WS_Normal_VT" 3533
"../../../Engine/Content/EngineMaterials/FlattenMaterial_WS_Normal_VT.uasset" 3534
"/Engine/EngineMaterials/Good64x64TilingNoiseHighFreq" 3535
"../../../Engine/Content/EngineMaterials/Good64x64TilingNoiseHighFreq.uasset" 3536
"/Engine/EngineMaterials/DefaultBokeh" 3537
"../../../Engine/Content/EngineMaterials/DefaultBokeh.uasset" 3538
"/Engine/EngineMaterials/MiniFont" 3539
"../../../Engine/Content/EngineMaterials/MiniFont.uasset" 3540
"/Engine/EngineMaterials/WeightMapPlaceholderTexture" 3541
"../../../Engine/Content/EngineMaterials/WeightMapPlaceholderTexture.uasset" 3542
"/Engine/EngineMaterials/WeightMapArrayPlaceholderTexture" 3543
"../../../Engine/Content/EngineMaterials/WeightMapArrayPlaceholderTexture.uasset" 3544
"/Engine/EngineMaterials/DefaultWhiteGrid" 3545
"../../../Engine/Content/EngineMaterials/DefaultWhiteGrid.uasset" 3546
"/Engine/EngineMaterials/PreintegratedSkinBRDF" 3547
"../../../Engine/Content/EngineMaterials/PreintegratedSkinBRDF.uasset" 3548
"/Engine/EngineMaterials/LTC/GGX_LTCAmp" 3549
"../../../Engine/Content/EngineMaterials/LTC/GGX_LTCAmp.uasset" 3550
"/Engine/EngineMaterials/LTC/GGX_LTCMat" 3551
"../../../Engine/Content/EngineMaterials/LTC/GGX_LTCMat.uasset" 3552
"/Engine/EngineMaterials/LTC/Sheen_LTC" 3553
"../../../Engine/Content/EngineMaterials/LTC/Sheen_LTC.uasset" 3554
"/Engine/EngineMaterials/EnergyConservation/GGX_ReflectionEnergy" 3555
"../../../Engine/Content/EngineMaterials/EnergyConservation/GGX_ReflectionEnergy.uasset" 3556
"/Engine/EngineMaterials/EnergyConservation/GGX_TransmissionEnergyArray" 3557
"../../../Engine/Content/EngineMaterials/EnergyConservation/GGX_TransmissionEnergyArray.uasset" 3558
"/Engine/EngineMaterials/EnergyConservation/Sheen_Energy" 3559
"../../../Engine/Content/EngineMaterials/EnergyConservation/Sheen_Energy.uasset" 3560
"/Engine/EngineMaterials/EnergyConservation/Diffuse_Energy" 3561
"../../../Engine/Content/EngineMaterials/EnergyConservation/Diffuse_Energy.uasset" 3562
"/Engine/EngineMaterials/DefaultPhysicalMaterial" 3563
"../../../Engine/Content/EngineMaterials/DefaultPhysicalMaterial.uasset" 3564
"/Engine/EngineMaterials/DefaultDestructiblePhysicalMaterial" 3565
"../../../Engine/Content/EngineMaterials/DefaultDestructiblePhysicalMaterial.uasset" 3566
"/Niagara/ParameterDefinitions/CoreParameters" 3567
"../../Plugins/FX/Niagara/Content/ParameterDefinitions/CoreParameters.uasset" 3568
"/Niagara/ParameterDefinitions/DecalRenderer" 3569
"../../Plugins/FX/Niagara/Content/ParameterDefinitions/DecalRenderer.uasset" 3570
"/Niagara/ParameterDefinitions/LightRenderer" 3571
"../../Plugins/FX/Niagara/Content/ParameterDefinitions/LightRenderer.uasset" 3572
"/Niagara/ParameterDefinitions/MeshRenderer" 3573
"../../Plugins/FX/Niagara/Content/ParameterDefinitions/MeshRenderer.uasset" 3574
"/Niagara/ParameterDefinitions/RibbonRenderer" 3575
"../../Plugins/FX/Niagara/Content/ParameterDefinitions/RibbonRenderer.uasset" 3576
"/Niagara/ParameterDefinitions/SpriteRenderer" 3577
"../../Plugins/FX/Niagara/Content/ParameterDefinitions/SpriteRenderer.uasset" 3578
"/DeformerGraph/Deformers/DG_LinearBlendSkin_Morph_Cloth" 3579
"../../Plugins/Animation/DeformerGraph/Content/Deformers/DG_LinearBlendSkin_Morph_Cloth.uasset" 3580
"../../Plugins/Animation/DeformerGraph/Content/DeformerFunctions/DG_Function_LinearBlendSkin_Morph_Cloth.uasset" 3581
"/DeformerGraph/Deformers/DG_LinearBlendSkin_Morph_Cloth_RecomputeNormals" 3582
"../../Plugins/Animation/DeformerGraph/Content/Deformers/DG_LinearBlendSkin_Morph_Cloth_RecomputeNormals.uasset" 3583
"../../Plugins/Animation/DeformerGraph/Content/DeformerFunctions/DG_Function_ComputeNormalsTangents.uasset" 3584
"../../Plugins/Animation/DeformerGraph/Content/DeformerFunctions/DG_Function_LinearBlendSkin_Morph_Cloth_PositionOnly.uasset" 3585
"/Engine/BasicShapes/Cube" 3586
"../../../Engine/Content/BasicShapes/Cube.uasset" 3587
"/Engine/BasicShapes/Sphere" 3588
"../../../Engine/Content/BasicShapes/Sphere.uasset" 3589
"../../../Engine/Content/EngineMaterials/DefaultMaterial.uasset" 3590
"/Engine/BasicShapes/Cylinder" 3591
"../../../Engine/Content/BasicShapes/Cylinder.uasset" 3592
"/Engine/BasicShapes/Cone" 3593
"../../../Engine/Content/BasicShapes/Cone.uasset" 3594
"/Engine/BasicShapes/Plane" 3595
"../../../Engine/Content/BasicShapes/Plane.uasset" 3596
"/Engine/EditorResources/SequenceRecorder/Countdown" 3597
"../../../Engine/Content/EditorResources/SequenceRecorder/Countdown.uasset" 3598
"/Engine/EditorResources/SequenceRecorder/RecordingIndicator" 3599
"../../../Engine/Content/EditorResources/SequenceRecorder/RecordingIndicator.uasset" 3600
"/Engine/EditorMaterials/PhAT_UnselectedMaterial" 3601
"../../../Engine/Content/EditorMaterials/PhAT_UnselectedMaterial.uasset" 3602
"/Engine/EditorMaterials/PhAT_NoCollisionMaterial" 3603
"../../../Engine/Content/EditorMaterials/PhAT_NoCollisionMaterial.uasset" 3604
"../../../Engine/Documentation/Source/Shared/Types/ABrush/ABrush.INT.udn" 3605
"../../../Engine/Content/Internationalization/icudt64l/brkitr/root.res" 3606
"../../../Engine/Content/Internationalization/icudt64l/brkitr/char.brk" 3607
"../../../Engine/Content/Internationalization/icudt64l/brkitr/word.brk" 3608
"../../../../Unreal_Project/BlueArchive/Source/BlueArchive/BlueArchive.h" 3609
"../../../../Unreal_Project/BlueArchive/Source/BlueArchive/Character/BACharacterBase.h" 3610
"../../../../Unreal_Project/BlueArchive/Source/BlueArchive/Character/BAPreviewCharacter.h" 3611
"../../../../Unreal_Project/BlueArchive/Source/BlueArchive/Character/BAPreviewCharacterAnimInstance.h" 3612
"../../../../Unreal_Project/BlueArchive/Source/BlueArchive/Character/CharacterEnumTypes.h" 3613
"../../../../Unreal_Project/BlueArchive/Source/BlueArchive/Character/CharacterStructData.h" 3614
"../../../../Unreal_Project/BlueArchive/Source/BlueArchive/Data/BAResourceDataAsset.h" 3615
"../../../../Unreal_Project/BlueArchive/Source/BlueArchive/Game/BAGameDataAsset.h" 3616
"../../../../Unreal_Project/BlueArchive/Source/BlueArchive/Game/BAGameInstance.h" 3617
"../../../../Unreal_Project/BlueArchive/Source/BlueArchive/Game/BAGameModeBase.h" 3618
"../../../../Unreal_Project/BlueArchive/Source/BlueArchive/Interface/BAMouseFXInterface.h" 3619
"../../../../Unreal_Project/BlueArchive/Source/BlueArchive/Player/BAPlayerController.h" 3620
"../../../../Unreal_Project/BlueArchive/Source/BlueArchive/Struct/BAMailTypes.h" 3621
"../../../../Unreal_Project/BlueArchive/Source/BlueArchive/UI/BABannerWidget.h" 3622
"../../../../Unreal_Project/BlueArchive/Source/BlueArchive/UI/BACharacterListWidget.h" 3623
"../../../../Unreal_Project/BlueArchive/Source/BlueArchive/UI/BACharacterPortraitWidget.h" 3624
"../../../../Unreal_Project/BlueArchive/Source/BlueArchive/UI/BAHoverButton.h" 3625
"../../../../Unreal_Project/BlueArchive/Source/BlueArchive/UI/BALoginWidget.h" 3626
"../../../../Unreal_Project/BlueArchive/Source/BlueArchive/UI/BAMailBoxWidget.h" 3627
"../../../../Unreal_Project/BlueArchive/Source/BlueArchive/UI/BAMailButtonWidget.h" 3628
"../../../../Unreal_Project/BlueArchive/Source/BlueArchive/UI/BAMailItemWidget.h" 3629
"../../../../Unreal_Project/BlueArchive/Source/BlueArchive/UI/BAMouseFXRootWidget.h" 3630
"../../../../Unreal_Project/BlueArchive/Source/BlueArchive/UI/BAMouseTouchFXWidget.h" 3631
"../../../../Unreal_Project/BlueArchive/Source/BlueArchive/UI/BAMouseTrailWidget.h" 3632
"../../../../Unreal_Project/BlueArchive/Source/BlueArchive/UI/BAPartySelectWidget.h" 3633
"../../../../Unreal_Project/BlueArchive/Source/BlueArchive/UI/BAPartySlotDragDropOperation.h" 3634
"../../../../Unreal_Project/BlueArchive/Source/BlueArchive/UI/BAPreviewSlotInputWidget.h" 3635
"../../../../Unreal_Project/BlueArchive/Source/BlueArchive/UI/BAPreviewSlotPanelWidget.h" 3636
"../../../../Unreal_Project/BlueArchive/Source/BlueArchive/UI/BARewardEntryWidget.h" 3637
"../../../../Unreal_Project/BlueArchive/Source/BlueArchive/UI/BARewardPopupWidget.h" 3638
"../../../../Unreal_Project/BlueArchive/Source/BlueArchive/UI/BAScreenCoverWidget.h" 3639
"../../../../Unreal_Project/BlueArchive/Source/BlueArchive/UI/BASDFValueLabelWidget.h" 3640
"../../../../Unreal_Project/BlueArchive/Source/BlueArchive/UI/BASelectPopUpWidget.h" 3641
"../../../../Unreal_Project/BlueArchive/Source/BlueArchive/UI/BAUserWidget.h" 3642
"../../../../Unreal_Project/BlueArchive/Source/BlueArchive/UI/BAUserWidgetRadio.h" 3643
"../../../../Unreal_Project/BlueArchive/Source/BlueArchive/UI/BAUser_SDFWidget.h" 3644
"../../../../Unreal_Project/BlueArchive/Source/BlueArchive/UI/BAUser_SDF_DecoWidget.h" 3645
"../../../../Unreal_Project/BlueArchive/Source/BlueArchive/UI/UIEnumTypes.h" 3646
"../../../../Unreal_Project/BlueArchive/Source/BlueArchive/UI/UIStructData.h" 3647
"../../../../Unreal_Project/BlueArchive/Source/BlueArchive/SubSystem/BACharacterDataSubsystem.h" 3648
"../../../../Unreal_Project/BlueArchive/Source/BlueArchive/SubSystem/BAMailSubsystem.h" 3649
"../../../../Unreal_Project/BlueArchive/Source/BlueArchive/SubSystem/BAPartySubsystem.h" 3650
"../../../../Unreal_Project/BlueArchive/Source/BlueArchive/SubSystem/BAResourceSubsystem.h" 3651
"../../../../Unreal_Project/BlueArchive/Source/BlueArchive/SubSystem/BAResourceTypes.h" 3652
"../../../../Unreal_Project/BlueArchive/Source/BlueArchive/SubSystem/BASaveGameSubsystem.h" 3653
"../../../../Unreal_Project/BlueArchive/Source/BlueArchive/Save/BACharacterSaveGame.h" 3654
"../../../../Unreal_Project/BlueArchive/Source/BlueArchive/Save/BAPartySaveGame.h" 3655
"../../../../Unreal_Project/BlueArchive/Source/BlueArchive/Save/BAResourceSaveGame.h" 3656
"../../../../Unreal_Project/BlueArchive/Source/BlueArchive/Save/BAServerSaveGame.h" 3657
"../../../../Unreal_Project/BlueArchive/Source/BlueArchive/Manager/BAUIManager.h" 3658
"../../../../Unreal_Project/BlueArchive/Source/BlueArchive/UI/ViewModel/BACharacterPortraitViewModel.h" 3659
"../../../../Unreal_Project/BlueArchive/Source/BlueArchive/UI/ViewModel/BAMailViewModel.h" 3660
"../../../../Unreal_Project/BlueArchive/Source/BlueArchive/UI/ViewModel/BAPartyViewModel.h" 3661
"../../../../Unreal_Project/BlueArchive/Saved/UnrealClaude/script_history.json" 3662
"/Engine/EditorResources/S_Terrain" 3663
"../../../Engine/Content/EditorResources/S_Terrain.uasset" 3664
"../../../Engine/Plugins/FX/Niagara/Shaders/Private/NiagaraDataInterfaceTexture2DArrayTemplate.ush" 3665
"../../../Engine/Plugins/FX/Niagara/Shaders/Private/NiagaraDataInterfaceActorComponentTemplate.ush" 3666
"../../../Engine/Plugins/FX/Niagara/Shaders/Private/NiagaraDataInterfaceArrayTemplate.ush" 3667
"../../../Engine/Plugins/FX/Niagara/Shaders/Private/NiagaraDataInterfaceArrayRWTemplate.ush" 3668
"../../../Engine/Plugins/FX/Niagara/Shaders/Private/NiagaraDataInterfaceArrayDistributionIntTemplate.ush" 3669
"../../../Engine/Plugins/FX/Niagara/Shaders/Private/NiagaraDataInterfaceAsyncGpuTrace.ush" 3670
"../../../Engine/Plugins/FX/Niagara/Shaders/Private/NiagaraDataInterfaceAsyncGpuTraceTemplate.ush" 3671
"../../../Engine/Plugins/FX/Niagara/Shaders/Private/NiagaraDataInterfaceCamera.ush" 3672
"../../../Engine/Plugins/Experimental/ChaosNiagara/Shaders/NiagaraDataInterfaceChaosDestruction.ush" 3673
"../../../Engine/Plugins/FX/Niagara/Shaders/Private/NiagaraDataInterfaceCollisionQuery.ush" 3674
"E:/Unreal_Project/BlueArchive/Intermediate/ShaderAutogen/PCD3D_SM5/AutogenShaderHeaders.ush" 3675
"../../../Engine/Plugins/FX/Niagara/Shaders/Private/NiagaraDataInterfaceCollisionQueryTemplate.ush" 3676
"../../../Engine/Plugins/FX/Niagara/Shaders/Private/NiagaraDataInterfaceCurveTemplate.ush" 3677
"../../../Engine/Plugins/FX/Niagara/Shaders/Private/NiagaraDataInterfaceCubeTextureTemplate.ush" 3678
"../../../Engine/Plugins/FX/Niagara/Shaders/Private/DataChannel/NiagaraDataInterfaceDataChannelCommon.ush" 3679
"../../../Engine/Plugins/FX/Niagara/Shaders/Private/DataChannel/NiagaraDataInterfaceDataChannelTemplateCommon.ush" 3680
"../../../Engine/Plugins/FX/Niagara/Shaders/Private/DataChannel/NiagaraDataInterfaceDataChannelTemplateReadCommon.ush" 3681
"../../../Engine/Plugins/FX/Niagara/Shaders/Private/DataChannel/NiagaraDataInterfaceDataChannelTemplate_Read.ush" 3682
"../../../Engine/Plugins/FX/Niagara/Shaders/Private/DataChannel/NiagaraDataInterfaceDataChannelTemplate_Consume.ush" 3683
"../../../Engine/Plugins/FX/Niagara/Shaders/Private/DataChannel/NiagaraDataInterfaceDataChannelTemplateWriteCommon.ush" 3684
"../../../Engine/Plugins/FX/Niagara/Shaders/Private/DataChannel/NiagaraDataInterfaceDataChannelTemplate_Append.ush" 3685
"../../../Engine/Plugins/FX/Niagara/Shaders/Private/NiagaraDataInterfaceDataTableTemplate.ush" 3686
"../../../Engine/Plugins/FX/Niagara/Shaders/Private/NiagaraDataInterfaceDebugDraw.ush" 3687
"../../../Engine/Plugins/FX/Niagara/Shaders/Private/NiagaraDataInterfaceDebugDrawTemplate.ush" 3688
"../../../Engine/Plugins/FX/Niagara/Shaders/Private/NiagaraDataInterfaceDynamicMeshTemplate.ush" 3689
"../../../Engine/Plugins/FX/Niagara/Shaders/Private/NiagaraDataInterfaceEmitterPropertiesTemplate.ush" 3690
"../../../Engine/Plugins/FX/Niagara/Shaders/Private/NiagaraDataInterfaceExportTemplate.ush" 3691
"../../../Engine/Plugins/FX/Niagara/Shaders/Private/NiagaraDataInterfaceGBufferTemplate.ush" 3692
"../../../Engine/Plugins/Experimental/ChaosNiagara/Shaders/NiagaraDataInterfaceGeometryCollection.ush" 3693
"../../../Engine/Plugins/FX/Niagara/Shaders/Private/NiagaraTransformUtils.ush" 3694
"../../../Engine/Plugins/Runtime/HairStrands/Shaders/Private/NiagaraStrandsExternalForce.ush" 3695
"../../../Engine/Plugins/Runtime/HairStrands/Shaders/Private/NiagaraHookeSpringMaterial.ush" 3696
"../../../Engine/Plugins/Runtime/HairStrands/Shaders/Private/NiagaraAngularSpringMaterial.ush" 3697
"../../../Engine/Plugins/Runtime/HairStrands/Shaders/Private/NiagaraConstantVolumeMaterial.ush" 3698
"../../../Engine/Plugins/Runtime/HairStrands/Shaders/Private/NiagaraCosseratRodMaterial.ush" 3699
"../../../Engine/Plugins/Runtime/HairStrands/Shaders/Private/NiagaraStaticCollisionConstraint.ush" 3700
"../../../Engine/Plugins/Runtime/HairStrands/Shaders/Private/NiagaraDataInterfaceHairStrands.ush" 3701
"../../../Engine/Plugins/Runtime/HairStrands/Shaders/Private/NiagaraDataInterfaceHairStrandsTemplate.ush" 3702
"../../../Engine/Plugins/FX/Niagara/Shaders/Private/NiagaraDataInterfaceIntRenderTarget2D.ush" 3703
"../../../Engine/Plugins/FX/Niagara/Shaders/Private/NiagaraDataInterfaceLandscape.ush" 3704
"../../../Engine/Plugins/FX/Niagara/Shaders/Private/NiagaraDataInterfaceMemoryBufferTemplate.ush" 3705
"../../../Engine/Plugins/FX/Niagara/Shaders/Private/NiagaraDataInterfaceMeshRendererInfoTemplate.ush" 3706
"../../../Engine/Plugins/FX/Niagara/Shaders/Private/NiagaraDataInterfaceOcclusion.ush" 3707
"../../../Engine/Plugins/FX/Niagara/Shaders/Private/NiagaraDataInterfacePhysicsAsset.ush" 3708
"../../../Engine/Plugins/Experimental/ChaosNiagara/Shaders/NiagaraDataInterfacePhysicsField.ush" 3709
"../../../Engine/Plugins/FX/Niagara/Shaders/Private/NiagaraDataInterfacePlatformSetTemplate.ush" 3710
"../../../Engine/Plugins/Runtime/HairStrands/Shaders/Private/NiagaraDataInterfaceVelocityGrid.ush" 3711
"../../../Engine/Plugins/Runtime/HairStrands/Shaders/Private/NiagaraDataInterfaceVelocityGridTemplate.ush" 3712
"../../../Engine/Plugins/Runtime/HairStrands/Shaders/Private/NiagaraDataInterfacePressureGrid.ush" 3713
"../../../Engine/Plugins/Runtime/HairStrands/Shaders/Private/NiagaraDataInterfacePressureGridTemplate.ush" 3714
"../../../Engine/Plugins/FX/Niagara/Shaders/Private/NiagaraDataInterfaceRenderTarget2DTemplate.ush" 3715
"../../../Engine/Plugins/FX/Niagara/Shaders/Private/NiagaraDataInterfaceRenderTarget2DArrayTemplate.ush" 3716
"../../../Engine/Plugins/FX/Niagara/Shaders/Private/NiagaraDataInterfaceRenderTargetCubeTemplate.ush" 3717
"../../../Engine/Plugins/FX/Niagara/Shaders/Private/NiagaraDataInterfaceRenderTargetVolumeTemplate.ush" 3718
"../../../Engine/Plugins/FX/Niagara/Shaders/Private/NiagaraDataInterfaceRigidMeshCollisionQuery.ush" 3719
"../../../Engine/Plugins/FX/Niagara/Shaders/Private/NiagaraDistanceFieldQueries.ush" 3720
"../../../Engine/Plugins/FX/Niagara/Shaders/Private/NiagaraDataInterfaceSceneCapture2DTemplate.ush" 3721
"../../../Engine/Plugins/FX/Niagara/Shaders/Private/NiagaraDataInterfaceSimCacheReaderTemplate.ush" 3722
"../../../Engine/Plugins/FX/Niagara/Shaders/Private/NiagaraDataInterfaceSimpleCounterTemplate.ush" 3723
"../../../Engine/Plugins/FX/Niagara/Shaders/Private/NiagaraDataInterfaceSkeletalMesh.ush" 3724
"../../../Engine/Plugins/FX/Niagara/Shaders/Private/NiagaraBaryCentricUtils.ush" 3725
"../../../Engine/Plugins/FX/Niagara/Shaders/Private/NiagaraDataInterfaceSkeletalMeshTemplate.ush" 3726
"../../../Engine/Plugins/FX/Niagara/Shaders/Private/NiagaraDataInterfaceSocketReaderTemplate.ush" 3727
"../../../Engine/Plugins/FX/Niagara/Shaders/Private/NiagaraDataInterfaceSparseVolumeTextureTemplate.ush" 3728
"../../../Engine/Plugins/FX/Niagara/Shaders/Private/NiagaraDataInterfaceSplineTemplate.ush" 3729
"../../../Engine/Plugins/FX/Niagara/Shaders/Private/NiagaraDataInterfaceSpriteRendererInfoTemplate.ush" 3730
"../../../Engine/Plugins/FX/Niagara/Shaders/Private/NiagaraDataInterfaceStaticMeshTemplate.ush" 3731
"../../../Engine/Plugins/FX/Niagara/Shaders/Private/NiagaraDataInterfaceTextureTemplate.ush" 3732
"../../../Engine/Plugins/FX/Niagara/Shaders/Private/NiagaraDataInterfaceVirtualTexture.ush" 3733
"../../../Engine/Plugins/FX/Niagara/Shaders/Private/NiagaraDataInterfaceVirtualTextureTemplate.ush" 3734
"../../../Engine/Plugins/FX/Niagara/Shaders/Private/NiagaraDataInterfaceVirtualTextureSampleTemplate.ush" 3735
"../../../Engine/Plugins/FX/Niagara/Shaders/Private/NiagaraDataInterfaceVolumeCache.ush" 3736
"../../../Engine/Plugins/FX/Niagara/Shaders/Private/NiagaraDataInterfaceVolumeTextureTemplate.ush" 3737
"../../../Engine/Content/EngineSounds/Submixes/MasterReverbEffectPreset.uasset" 3738
"../../../Engine/Content/EngineSounds/Submixes/MasterEQEffectPreset.uasset" 3739
"../../../Engine/Plugins/Interchange/Assets/Content/gltf/MaterialFunctions/MF_Occlusion.uasset" 3740
"../../../Engine/Content/EngineSounds/Submixes/MasterEQSubmixDefault.uasset" 3741
"../../../Engine/Plugins/Interchange/Assets/Content/gltf/MaterialFunctions/MF_IOR.uasset" 3742
"../../../Engine/Plugins/Interchange/Assets/Content/gltf/MaterialFunctions/MF_TransformUVs.uasset" 3743
"../../../Engine/Plugins/Interchange/Assets/Content/Functions/MF_IridescenceNoLUT.uasset" 3744
"../../../Engine/Plugins/Interchange/Assets/Content/gltf/Textures/T_White_Linear.uasset" 3745
"../../../Engine/Plugins/Interchange/Assets/Content/gltf/MaterialFunctions/MF_Iridescence.uasset" 3746
"../../../Engine/Content/EngineSounds/Submixes/MasterSubmixDefault.uasset" 3747
"../../../Engine/Plugins/Interchange/Assets/Content/gltf/MaterialFunctions/MF_ScaleNormal.uasset" 3748
"../../../Engine/Plugins/Interchange/Assets/Content/gltf/MaterialFunctions/MF_Normals.uasset" 3749
"../../../Engine/Plugins/Interchange/Assets/Content/gltf/Textures/T_Anisotropy_Direction_Linear.uasset" 3750
"../../../Engine/Plugins/Interchange/Assets/Content/gltf/MaterialFunctions/MF_MetallicRoughness.uasset" 3751
"../../../Engine/Plugins/Interchange/Assets/Content/gltf/MaterialFunctions/MF_Emissive.uasset" 3752
"../../../Engine/Plugins/Interchange/Assets/Content/gltf/MaterialFunctions/MF_SpecularAnisotropy.uasset" 3753
"../../../Engine/Plugins/Interchange/Assets/Content/gltf/MaterialFunctions/MF_RotateV2.uasset" 3754
"/Engine/EngineSounds/Submixes/MasterReverbEffectPreset" 3755
"../../../Engine/Plugins/Interchange/Assets/Content/gltf/MaterialFunctions/MF_Specular.uasset" 3756
"../../../Engine/Plugins/Interchange/Assets/Content/gltf/M_ClearCoat.uasset" 3757
"../../../Engine/Plugins/Interchange/Assets/Content/gltf/Textures/T_Generic_N.uasset" 3758
"../../../Engine/Content/Functions/Engine_MaterialFunctions01/Texturing/FlattenNormal.uasset" 3759
"../../../Engine/Plugins/Interchange/Assets/Content/gltf/MaterialFunctions/MF_RotateNormals_TS.uasset" 3760
"../../../Engine/Plugins/Interchange/Assets/Content/gltf/MaterialFunctions/MF_Clearcoat.uasset" 3761
"../../../Engine/Plugins/Interchange/Assets/Content/gltf/MaterialInstances/MI_ClearCoat_Opaque.uasset" 3762
"../../../Engine/Content/EngineSounds/Submixes/MasterReverbSubmixDefault.uasset" 3763
"../../../Engine/Plugins/Interchange/Assets/Content/gltf/MaterialInstances/MI_ClearCoat_Mask.uasset" 3764
"../../../Engine/Plugins/Interchange/Assets/Content/gltf/Textures/T_White_srgb.uasset" 3765
"../../../Engine/Plugins/Interchange/Assets/Content/gltf/MaterialBodies/MF_ClearCoat_Body.uasset" 3766
"../../../Engine/Plugins/Interchange/Assets/Content/gltf/MaterialFunctions/MF_BaseColor.uasset" 3767
"../../../Engine/Plugins/Interchange/Assets/Content/Utilities/New_LUT.uasset" 3768
"../../../Engine/Plugins/Interchange/Assets/Content/Functions/MF_Iridescence.uasset" 3769
"/Engine/EngineSounds/Submixes/MasterEQEffectPreset" 3770
"/Engine/EngineSounds/Submixes/MasterEQSubmixDefault" 3771
"../../../Engine/Plugins/Interchange/Assets/Content/gltf/MaterialInstances/MI_ClearCoat_Blend.uasset" 3772
"../../../Engine/Plugins/Interchange/Assets/Content/gltf/MaterialInstances/MI_ClearCoat_Opaque_DS.uasset" 3773
"/InterchangeAssets/gltf/MaterialFunctions/MF_RotateV2" 3774
"/InterchangeAssets/gltf/MaterialFunctions/MF_TransformUVs" 3775
"/InterchangeAssets/gltf/Textures/T_Anisotropy_Direction_Linear" 3776
"/InterchangeAssets/gltf/MaterialFunctions/MF_SpecularAnisotropy" 3777
"/InterchangeAssets/gltf/MaterialFunctions/MF_Specular" 3778
"/InterchangeAssets/gltf/MaterialFunctions/MF_Occlusion" 3779
"/InterchangeAssets/gltf/MaterialFunctions/MF_ScaleNormal" 3780
"/InterchangeAssets/gltf/MaterialFunctions/MF_Normals" 3781
"/InterchangeAssets/gltf/MaterialFunctions/MF_MetallicRoughness" 3782
"/InterchangeAssets/Functions/MF_IridescenceNoLUT" 3783
"/InterchangeAssets/gltf/MaterialFunctions/MF_Iridescence" 3784
"../../../Engine/Content/Functions/Engine_MaterialFunctions03/Math/RemapValueRange.uasset" 3785
"/InterchangeAssets/gltf/MaterialFunctions/MF_IOR" 3786
"/InterchangeAssets/gltf/MaterialFunctions/MF_Emissive" 3787
"/InterchangeAssets/gltf/MaterialFunctions/MF_Clearcoat" 3788
"/InterchangeAssets/gltf/MaterialFunctions/MF_BaseColor" 3789
"/InterchangeAssets/gltf/MaterialBodies/MF_ClearCoat_Body" 3790
"/InterchangeAssets/Utilities/New_LUT" 3791
"/InterchangeAssets/gltf/MaterialInstances/MI_ClearCoat_Opaque_DS" 3792
"../../../Engine/Plugins/Interchange/Assets/Content/gltf/M_Default.uasset" 3793
"../../../Engine/Plugins/Interchange/Assets/Content/gltf/MaterialInstances/MI_ClearCoat_Blend_DS.uasset" 3794
"../../../Engine/Plugins/Interchange/Assets/Content/gltf/MaterialInstances/MI_Default_Blend.uasset" 3795
"../../../Engine/Plugins/Interchange/Assets/Content/gltf/MaterialInstances/MI_ClearCoat_Mask_DS.uasset" 3796
"../../../Engine/Plugins/Interchange/Assets/Content/gltf/MaterialInstances/MI_Default_Blend_DS.uasset" 3797
"../../../Engine/Plugins/Interchange/Assets/Content/gltf/MaterialInstances/MI_Default_Mask.uasset" 3798
"../../../Engine/Plugins/Interchange/Assets/Content/gltf/MaterialInstances/MI_Default_Opaque.uasset" 3799
"../../../Engine/Plugins/Interchange/Assets/Content/gltf/M_Sheen.uasset" 3800
"../../../Engine/Plugins/Interchange/Assets/Content/gltf/MaterialBodies/MF_Default_Body.uasset" 3801
"../../../Engine/Plugins/Interchange/Assets/Content/gltf/MaterialBodies/MF_Sheen_Body.uasset" 3802
"../../../Engine/Plugins/Interchange/Assets/Content/gltf/MaterialInstances/MI_Sheen_Opaque_DS.uasset" 3803
"../../../Engine/Plugins/Interchange/Assets/Content/gltf/MaterialBodies/MF_Transmission_Body.uasset" 3804
"../../../Engine/Plugins/Interchange/Assets/Content/gltf/MaterialInstances/MI_Default_Mask_DS.uasset" 3805
"../../../Engine/Plugins/Interchange/Assets/Content/gltf/MaterialInstances/MI_Sheen_Mask_DS.uasset" 3806
"../../../Engine/Plugins/Interchange/Assets/Content/gltf/MaterialFunctions/MF_Transmission.uasset" 3807
"../../../Engine/Plugins/Interchange/Assets/Content/gltf/MaterialInstances/MI_Sheen_Blend_DS.uasset" 3808
"../../../Engine/Plugins/Interchange/Assets/Content/gltf/MaterialInstances/MI_Sheen_Opaque.uasset" 3809
"../../../Engine/Plugins/Interchange/Assets/Content/gltf/MaterialFunctions/MF_Fresnel_DS.uasset" 3810
"../../../Engine/Plugins/Interchange/Assets/Content/gltf/MaterialInstances/MI_Default_Opaque_DS.uasset" 3811
"../../../Engine/Plugins/Interchange/Assets/Content/gltf/MaterialFunctions/MF_Sheen.uasset" 3812
"../../../Engine/Plugins/Interchange/Assets/Content/gltf/M_Transmission.uasset" 3813
"../../../Engine/Plugins/Interchange/Assets/Content/gltf/MaterialInstances/MI_Sheen_Blend.uasset" 3814
"../../../Engine/Plugins/Interchange/Assets/Content/gltf/MaterialFunctions/MF_Temporal_Blur.uasset" 3815
"../../../Engine/Plugins/Interchange/Assets/Content/gltf/MaterialInstances/MI_Sheen_Mask.uasset" 3816
"/InterchangeAssets/gltf/MaterialInstances/MI_ClearCoat_Blend" 3817
"../../../Engine/Content/Functions/Engine_MaterialFunctions02/Texturing/ScreenAlignedPixelToPixelUVs.uasset" 3818
"/InterchangeAssets/gltf/MaterialInstances/MI_ClearCoat_Opaque" 3819
"/InterchangeAssets/gltf/MaterialInstances/MI_ClearCoat_Mask" 3820
"/InterchangeAssets/gltf/M_Transmission" 3821
"../../../Engine/Plugins/Interchange/Assets/Content/gltf/MaterialInstances/MI_Transmission_DS.uasset" 3822
"../../../Engine/Plugins/Interchange/Assets/Content/gltf/MaterialFunctions/MF_PerceivedBrightness.uasset" 3823
"../../../Engine/Plugins/Interchange/Assets/Content/gltf/MaterialInstances/MI_Transmission.uasset" 3824
"../../../Engine/Plugins/Interchange/Assets/Content/gltf/MaterialFunctions/MF_MaxComponentValue.uasset" 3825
"../../../Engine/Plugins/Interchange/Assets/Content/gltf/MaterialFunctions/MF_SpecGlossToMetalRoughness.uasset" 3826
"../../../Engine/Plugins/Interchange/Assets/Content/gltf/MaterialFunctions/MF_DiffuseSpecGloss.uasset" 3827
"../../../Engine/Content/Functions/Engine_MaterialFunctions02/Math/AddComponents.uasset" 3828
"../../../Engine/Plugins/Interchange/Assets/Shaders/ThinFilmFunctions.usf" 3829
"/InterchangeAssets/gltf/MaterialFunctions/MF_DiffuseSpecGloss" 3830
"../../../Engine/Plugins/Interchange/Assets/Content/gltf/MaterialBodies/MF_SpecularGlossiness_Body.uasset" 3831
"../../../Engine/Plugins/Interchange/Assets/Content/gltf/M_SpecularGlossiness.uasset" 3832
"../../../Engine/Plugins/Interchange/Assets/Content/gltf/MaterialInstances/MI_SpecularGlossiness_Opaque.uasset" 3833
"../../../Engine/Plugins/Interchange/Assets/Content/gltf/MaterialInstances/MI_SpecularGlossiness_Blend.uasset" 3834
"../../../Engine/Plugins/Interchange/Assets/Content/gltf/MaterialInstances/MI_SpecularGlossiness_Mask.uasset" 3835
"../../../Engine/Plugins/Interchange/Assets/Content/gltf/MaterialInstances/MI_SpecularGlossiness_Opaque_DS.uasset" 3836
"/InterchangeAssets/gltf/MaterialFunctions/MF_MaxComponentValue" 3837
"/InterchangeAssets/gltf/MaterialBodies/MF_Default_Body" 3838
"/InterchangeAssets/gltf/MaterialFunctions/MF_Sheen" 3839
"/InterchangeAssets/gltf/MaterialBodies/MF_Sheen_Body" 3840
"/InterchangeAssets/gltf/M_Default" 3841
"/InterchangeAssets/gltf/M_Sheen" 3842
"/InterchangeAssets/gltf/MaterialInstances/MI_Sheen_Blend_DS" 3843
"/InterchangeAssets/gltf/MaterialInstances/MI_Sheen_Mask_DS" 3844
"/InterchangeAssets/gltf/MaterialInstances/MI_Sheen_Opaque_DS" 3845
"/InterchangeAssets/gltf/MaterialInstances/MI_ClearCoat_Blend_DS" 3846
"/InterchangeAssets/gltf/MaterialInstances/MI_ClearCoat_Mask_DS" 3847
"/InterchangeAssets/gltf/MaterialInstances/MI_Default_Blend_DS" 3848
"/InterchangeAssets/gltf/MaterialInstances/MI_Default_Mask_DS" 3849
"/InterchangeAssets/gltf/MaterialInstances/MI_Default_Opaque_DS" 3850
"/InterchangeAssets/gltf/MaterialInstances/MI_Sheen_Blend" 3851
"/InterchangeAssets/gltf/MaterialInstances/MI_Sheen_Mask" 3852
"/InterchangeAssets/gltf/MaterialInstances/MI_Sheen_Opaque" 3853
"/InterchangeAssets/gltf/MaterialInstances/MI_Default_Blend" 3854
"/InterchangeAssets/gltf/MaterialFunctions/MF_SpecGlossToMetalRoughness" 3855
"/InterchangeAssets/gltf/MaterialInstances/MI_Default_Mask" 3856
"/InterchangeAssets/gltf/MaterialInstances/MI_Default_Opaque" 3857
"/InterchangeAssets/gltf/MaterialInstances/MI_Transmission_DS" 3858
"/InterchangeAssets/gltf/MaterialInstances/MI_Transmission" 3859
"E:/Unreal_Project/BlueArchive/Content/BP/WBP/Slot/WBP_PreviewImage.uasset" 3860
"../../../Engine/Plugins/Interchange/Assets/Content/gltf/MaterialInstances/MI_SpecularGlossiness_Blend_DS.uasset" 3861
"E:/Unreal_Project/BlueArchive/Content/BP/WBP/PopUp/WBP_SelectPopUp.uasset" 3862
"/InterchangeAssets/gltf/MaterialBodies/MF_SpecularGlossiness_Body" 3863
"../../../Engine/Plugins/Interchange/Assets/Content/gltf/MaterialInstances/MI_SpecularGlossiness_Mask_DS.uasset" 3864
"E:/Unreal_Project/BlueArchive/Content/BP/WBP/PopUp/WBP_CharacterList.uasset" 3865
"E:/Unreal_Project/BlueArchive/Content/BP/WBP/Slot/WBP_PreviewSlotPanelWidget.uasset" 3866
"E:/Unreal_Project/BlueArchive/Content/UIs/Atlas/Common/Misc/Common_Sprite_1.uasset" 3867
"E:/Unreal_Project/BlueArchive/Content/BP/WBP/Banner/WBP_Radio.uasset" 3868
"E:/Unreal_Project/BlueArchive/Content/BP/WBP/PopUp/WBP_PortIcon.uasset" 3869
"E:/Unreal_Project/BlueArchive/Content/Mat/MF_SDFShapeMask.uasset" 3870
"E:/Unreal_Project/BlueArchive/Content/Mat/M_UI_SDF_Deco.uasset" 3871
"E:/Unreal_Project/BlueArchive/Content/BP/WBP/Banner/WBP_CharacterInfo.uasset" 3872
"E:/Unreal_Project/BlueArchive/Content/Character/RT/RT_CharacterSelect_Mask.uasset" 3873
"E:/Unreal_Project/BlueArchive/Content/Character/RT/RT_CharacterSelect.uasset" 3874
"E:/Unreal_Project/BlueArchive/Content/Character/RT/M_UI_PreviewRT.uasset" 3875
"E:/Unreal_Project/BlueArchive/Content/UIs/Atlas/Common/Icon/Common_Star.uasset" 3876
"E:/Unreal_Project/BlueArchive/Content/UIs/Port/Student_Portrait_CH000_Small.uasset" 3877
"/InterchangeAssets/gltf/M_SpecularGlossiness" 3878
"E:/Unreal_Project/BlueArchive/Content/UIs/Atlas/Common/CardGame_Sprite_2.uasset" 3879
"E:/Unreal_Project/BlueArchive/Content/UIs/Atlas/Common/CardGame.uasset" 3880
"E:/Unreal_Project/BlueArchive/Content/UIs/Atlas/Common/Icon/Common_Credit.uasset" 3881
"E:/Unreal_Project/BlueArchive/Content/UIs/Atlas/Common/Icon/Common_Stone.uasset" 3882
"E:/Unreal_Project/BlueArchive/Content/UIs/Atlas/Common/CardGame_Sprite_1.uasset" 3883
"E:/Unreal_Project/BlueArchive/Content/UIs/BG/Growth_Bg.uasset" 3884
"E:/Unreal_Project/BlueArchive/Content/UIs/Atlas/Common/Image_Deco_Circleasd.uasset" 3885
"E:/Unreal_Project/BlueArchive/Content/UIs/Atlas/Common/Common_Energy.uasset" 3886
"E:/Unreal_Project/BlueArchive/Content/UIs/Atlas/Common/Icon/Common_Back.uasset" 3887
"/InterchangeAssets/gltf/MaterialInstances/MI_SpecularGlossiness_Opaque" 3888
"/InterchangeAssets/gltf/MaterialInstances/MI_SpecularGlossiness_Mask" 3889
"/InterchangeAssets/gltf/MaterialInstances/MI_SpecularGlossiness_Blend" 3890
"/InterchangeAssets/gltf/MaterialInstances/MI_SpecularGlossiness_Opaque_DS" 3891
"/Game/UIs/BG/Growth_Bg" 3892
"E:/Unreal_Project/BlueArchive/Content/BP/WBP/Banner/WBP_SDFPanelBase.uasset" 3893
"E:/Unreal_Project/BlueArchive/Content/BP/WBP/Banner/WBP_SDF_ValueLabel.uasset" 3894
"/Game/Character/RT/M_UI_PreviewRT" 3895
"../../../Engine/Plugins/2D/Paper2D/Content/TranslucentUnlitSpriteMaterial.uasset" 3896
"/Game/Mat/M_UI_SDF_Deco" 3897
"/Game/UIs/Atlas/Common/CardGame" 3898
"/Game/BP/WBP/Banner/WBP_Radio" 3899
"E:/Unreal_Project/BlueArchive/Content/UIs/Atlas/Common/Common.uasset" 3900
"E:/Unreal_Project/BlueArchive/Content/Mat/M_UI_SDF_RoundedRect.uasset" 3901
"/Game/UIs/Port/Student_Portrait_CH000_Small" 3902
"/Game/BP/WBP/Slot/WBP_PreviewImage" 3903
"E:/Unreal_Project/BlueArchive/Content/UIs/Atlas/Common/Logo/Common_Cafe.uasset" 3904
"/InterchangeAssets/gltf/MaterialInstances/MI_SpecularGlossiness_Blend_DS" 3905
"/InterchangeAssets/gltf/MaterialInstances/MI_SpecularGlossiness_Mask_DS" 3906
"/Game/UIs/Atlas/Common/Logo/Common_Cafe" 3907
"E:/Unreal_Project/BlueArchive/Content/BP/WBP/Banner/WBP_ResourceInfo.uasset" 3908
"E:/Unreal_Project/BlueArchive/Content/BP/WBP/Banner/WBP_HoverButton.uasset" 3909
"E:/Unreal_Project/BlueArchive/Content/BP/WBP/WBP_Selected.uasset" 3910
"E:/Unreal_Project/BlueArchive/Content/BP/WBP/Banner/WBP_EventHoverButton.uasset" 3911
"/Game/UIs/Atlas/Common/Common_Energy" 3912
"/Game/UIs/Atlas/Common/Icon/Common_Back" 3913
"/Game/UIs/Atlas/Common/Icon/Common_Credit" 3914
"/Game/UIs/Atlas/Common/Icon/Common_Stone" 3915
"/Game/BP/WBP/Banner/WBP_CharacterInfo" 3916
"E:/Unreal_Project/BlueArchive/Content/UIs/Atlas/Common/Logo/Common_Schedule.uasset" 3917
"E:/Unreal_Project/BlueArchive/Content/UIs/Atlas/Common/Logo/Common_Shop.uasset" 3918
"E:/Unreal_Project/BlueArchive/Content/UIs/Atlas/Common/Logo/Common_Edit.uasset" 3919
"E:/Unreal_Project/BlueArchive/Content/UIs/Atlas/Common/Common_Option.uasset" 3920
"E:/Unreal_Project/BlueArchive/Content/UIs/Icon/circle.uasset" 3921
"E:/Unreal_Project/BlueArchive/Content/UIs/Atlas/Common/Common_ChangeImg.uasset" 3922
"E:/Unreal_Project/BlueArchive/Content/UIs/Atlas/Common/Logo/Common_gatch.uasset" 3923
"E:/Unreal_Project/BlueArchive/Content/UIs/Atlas/Common/Logo/Common_Student.uasset" 3924
"E:/Unreal_Project/BlueArchive/Content/UIs/Atlas/Common/Common_Mail.uasset" 3925
"/Game/BP/WBP/PopUp/WBP_PortIcon" 3926
"/Game/BP/WBP/PopUp/WBP_SelectPopUp" 3927
"/Game/BP/WBP/Slot/WBP_PreviewSlotPanelWidget" 3928
"/Game/BP/WBP/Banner/WBP_SDF_ValueLabel" 3929
"/Game/UIs/Atlas/Common/Logo/Common_Edit" 3930
"E:/Unreal_Project/BlueArchive/Content/UIs/EventBanner/Event_Banner_848_Kr.uasset" 3931
"E:/Unreal_Project/BlueArchive/Content/UIs/EventBanner/Event_Banner_827_Kr.uasset" 3932
"E:/Unreal_Project/BlueArchive/Content/BP/WBP/Banner/WBP_Banner_Enter.uasset" 3933
"E:/Unreal_Project/BlueArchive/Content/UIs/Contents/Contents_Image_Raid.uasset" 3934
"E:/Unreal_Project/BlueArchive/Content/BP/WBP/WBP_Widget_BG.uasset" 3935
"E:/Unreal_Project/BlueArchive/Content/UIs/Contents/Contents_Image_Story.uasset" 3936
"/Game/UIs/Atlas/Common/Logo/Common_gatch" 3937
"E:/Unreal_Project/BlueArchive/Content/UIs/Contents/Contents_Image_School.uasset" 3938
"E:/Unreal_Project/BlueArchive/Content/UIs/Contents/Contents_Image_Week.uasset" 3939
"E:/Unreal_Project/BlueArchive/Content/UIs/Contents/Contents_Image_Mission.uasset" 3940
"E:/Unreal_Project/BlueArchive/Content/UIs/Contents/Contents_Image_MultiFloorRaid.uasset" 3941
"E:/Unreal_Project/BlueArchive/Content/UIs/Contents/Contents_Image_TimeAttack.uasset" 3942
"E:/Unreal_Project/BlueArchive/Content/UIs/Contents/Contents_Image_Chaser.uasset" 3943
"E:/Unreal_Project/BlueArchive/Content/UIs/Contents/Contents_Image_EliminateRaid.uasset" 3944
"/Game/UIs/Atlas/Common/Logo/Common_Schedule" 3945
"/Game/UIs/Atlas/Common/Logo/Common_Shop" 3946
"/Game/UIs/Atlas/Common/Logo/Common_Student" 3947
"/Game/UIs/Atlas/Common/Common_ChangeImg" 3948
"/Game/UIs/Atlas/Common/Common_Mail" 3949
"/Game/UIs/Atlas/Common/Common_Option" 3950
"/Game/BP/WBP/Banner/WBP_EventHoverButton" 3951
"E:/Unreal_Project/BlueArchive/Content/UIs/BG/BG_MainOffice.uasset" 3952
"E:/Unreal_Project/BlueArchive/Content/UIs/Atlas/Common/Logo/Common_Compose.uasset" 3953
"E:/Unreal_Project/BlueArchive/Content/UIs/Atlas/Common/Icon/Common_Social.uasset" 3954
"E:/Unreal_Project/BlueArchive/Content/UIs/EventBanner/Event_Enter_848_kr.uasset" 3955
"E:/Unreal_Project/BlueArchive/Content/UIs/Lobby/Lobby_Icon_Work.uasset" 3956
"/Game/BP/WBP/WBP_Selected" 3957
"/Game/UIs/Contents/Contents_Image_Chaser" 3958
"E:/Unreal_Project/BlueArchive/Content/UIs/BG/arona_workpage2.uasset" 3959
"E:/Unreal_Project/BlueArchive/Content/UIs/BG/arona_workpage2_Logo_6.uasset" 3960
"E:/Unreal_Project/BlueArchive/Content/UIs/Contents/Contents_Image_Arena.uasset" 3961
"E:/Unreal_Project/BlueArchive/Content/UIs/BG/arona_workpage2_Logo_0.uasset" 3962
"E:/Unreal_Project/BlueArchive/Content/UIs/BG/arona_workpage3.uasset" 3963
"E:/Unreal_Project/BlueArchive/Content/UIs/Port/Image_Char_Arona2.uasset" 3964
"E:/Unreal_Project/BlueArchive/Content/UIs/BG/222.uasset" 3965
"E:/Unreal_Project/BlueArchive/Content/BP/WBP/Banner/WBP_MailRadio.uasset" 3966
"/Game/UIs/Contents/Contents_Image_EliminateRaid" 3967
"../../../Engine/Plugins/Interchange/Assets/Content/gltf/M_Unlit.uasset" 3968
"E:/Unreal_Project/BlueArchive/Content/BP/WBP/WBP_Widget_Contents.uasset" 3969
"E:/Unreal_Project/BlueArchive/Content/BP/WBP/WBP_MailBox.uasset" 3970
"E:/Unreal_Project/BlueArchive/Content/BP/WBP/Mail/WBP_MailItemWiget.uasset" 3971
"../../../Engine/Plugins/Interchange/Assets/Content/gltf/MaterialBodies/MF_Unlit_Body.uasset" 3972
"/Game/UIs/Contents/Contents_Image_Mission" 3973
"/Game/UIs/Contents/Contents_Image_MultiFloorRaid" 3974
"/Game/UIs/Contents/Contents_Image_Raid" 3975
"/Game/UIs/Contents/Contents_Image_School" 3976
"/Game/UIs/Contents/Contents_Image_Story" 3977
"/Game/UIs/Contents/Contents_Image_TimeAttack" 3978
"/Game/UIs/Contents/Contents_Image_Week" 3979
"/Game/BP/WBP/WBP_Widget_BG" 3980
"../../../Engine/Plugins/Interchange/Assets/Content/gltf/MaterialInstances/MI_Unlit_Blend.uasset" 3981
"../../../Engine/Plugins/Interchange/Assets/Content/Functions/MX_StandardSurface.uasset" 3982
"../../../Engine/Plugins/Interchange/Assets/Content/gltf/MaterialInstances/MI_Unlit_Opaque.uasset" 3983
"../../../Engine/Content/Functions/Engine_MaterialFunctions01/Volumetrics/BeersLaw.uasset" 3984
"E:/Unreal_Project/BlueArchive/Content/Character/Model/Animator/CH0295/CH0295_Weapon.uasset" 3985
"../../../Engine/Plugins/Interchange/Assets/Content/gltf/MaterialInstances/MI_Unlit_Mask_DS.uasset" 3986
"../../../Engine/Plugins/Interchange/Assets/Content/Functions/MX_OpenPBR_Translucent.uasset" 3987
"../../../Engine/Plugins/Interchange/Assets/Content/gltf/MaterialInstances/MI_Unlit_Mask.uasset" 3988
"../../../Engine/Content/Functions/Substrate/MF_SchlickInternal.uasset" 3989
"../../../Engine/Plugins/Interchange/Assets/Content/gltf/MaterialInstances/MI_Unlit_Opaque_DS.uasset" 3990
"E:/Unreal_Project/BlueArchive/Content/Character/Model/Animator/CH0295/CH0295_Halo1.uasset" 3991
"../../../Engine/Plugins/Interchange/Assets/Content/Functions/MF_OrenNayerView.uasset" 3992
"E:/Unreal_Project/BlueArchive/Content/Character/Model/Animator/CH0295/CH0295_PhysicsAsset.uasset" 3993
"E:/Unreal_Project/BlueArchive/Content/Character/Model/Animator/CH0295/CH0295_Halo.uasset" 3994
"../../../Engine/Plugins/Interchange/Assets/Content/Functions/MX_Transmission.uasset" 3995
"E:/Unreal_Project/BlueArchive/Content/Character/Model/Animator/CH0295/CH0295_Weapon1.uasset" 3996
"../../../Engine/Plugins/Interchange/Assets/Content/gltf/MaterialInstances/MI_Unlit_Blend_DS.uasset" 3997
"../../../Engine/Plugins/Interchange/Assets/Content/Functions/MX_TransmissionSurface.uasset" 3998
"E:/Unreal_Project/BlueArchive/Content/Character/Model/Animator/CH0295/CH0295_Hair.uasset" 3999
"/InterchangeAssets/gltf/M_Unlit" 4000
"/Game/BP/WBP/WBP_MailBox" 4001
"/Game/BP/WBP/WBP_Widget_Contents" 4002
"E:/Unreal_Project/BlueArchive/Content/Character/Model/Animator/CH0295/CH0295_Hair1.uasset" 4003
"E:/Unreal_Project/BlueArchive/Content/Character/Model/Animator/CH0295/CH0295_EyeMouth1.uasset" 4004
"E:/Unreal_Project/BlueArchive/Content/Character/Model/Animator/CH0295/CH0295_Face1.uasset" 4005
"E:/Unreal_Project/BlueArchive/Content/Character/Model/Animator/CH0295/CH0295_Face.uasset" 4006
"E:/Unreal_Project/BlueArchive/Content/Character/Model/Animator/CH0295/CH0295_Alpha.uasset" 4007
"E:/Unreal_Project/BlueArchive/Content/Character/Model/Animator/CH0295/CH0295_Eyebrow.uasset" 4008
"E:/Unreal_Project/BlueArchive/Content/Character/Model/Animator/CH0295/CH0295_Skeleton.uasset" 4009
"E:/Unreal_Project/BlueArchive/Content/Character/Model/Animator/CH0295/CH0295_Car1.uasset" 4010
"E:/Unreal_Project/BlueArchive/Content/Character/Model/Animator/CH0295/CH0295_Car.uasset" 4011
"/Game/Character/Model/Animator/CH0295/CH0295_Hair" 4012
"E:/Unreal_Project/BlueArchive/Content/Character/Model/Animator/CH0295/CH0295_Body1.uasset" 4013
"E:/Unreal_Project/BlueArchive/Content/Character/Model/Animator/CH0295/CH0295_Car_Alpha.uasset" 4014
"E:/Unreal_Project/BlueArchive/Content/Character/Model/Animator/CH0295/CH0295_EyeMouth.uasset" 4015
"E:/Unreal_Project/BlueArchive/Content/Character/Model/Animator/CH0295/CH0295_Body.uasset" 4016
"/Game/Character/Model/Animator/CH0295/CH0295_Halo1" 4017
"/Game/Character/Model/Animator/CH0295/CH0295_PhysicsAsset" 4018
"/Game/Character/Model/Animator/CH0295/CH0295_Weapon1" 4019
"/InterchangeAssets/Functions/MX_OpenPBR_Translucent" 4020
"/InterchangeAssets/gltf/MaterialInstances/MI_Unlit_Blend_DS" 4021
"/InterchangeAssets/gltf/MaterialInstances/MI_Unlit_Mask_DS" 4022
"/InterchangeAssets/gltf/MaterialInstances/MI_Unlit_Opaque_DS" 4023
"/InterchangeAssets/gltf/MaterialInstances/MI_Unlit_Blend" 4024
"/InterchangeAssets/gltf/MaterialInstances/MI_Unlit_Mask" 4025
"/InterchangeAssets/gltf/MaterialInstances/MI_Unlit_Opaque" 4026
"E:/Unreal_Project/BlueArchive/Content/Character/Model/Animator/CH0295/CH0295.uasset" 4027
"/Game/Character/Model/Animator/CH0295/CH0295_Skeleton" 4028
"E:/Unreal_Project/BlueArchive/Content/Character/Model/Animator/CH0293/CH0293_Weapon1.uasset" 4029
"E:/Unreal_Project/BlueArchive/Content/Character/Model/Animator/CH0293/CH0293_Prop01.uasset" 4030
"E:/Unreal_Project/BlueArchive/Content/Character/Model/Animator/CH0293/CH0293_Weapon.uasset" 4031
"E:/Unreal_Project/BlueArchive/Content/Character/Model/Animator/CH0293/CH0293_Prop04.uasset" 4032
"E:/Unreal_Project/BlueArchive/Content/Character/Model/Animator/CH0293/CH0293_Prop03.uasset" 4033
"E:/Unreal_Project/BlueArchive/Content/Character/Model/Animator/CH0293/CH0293_Prop031.uasset" 4034
"E:/Unreal_Project/BlueArchive/Content/Character/Model/Animator/CH0293/CH0293_Prop011.uasset" 4035
"E:/Unreal_Project/BlueArchive/Content/Character/Model/Animator/CH0293/CH0293_EyeMouth1.uasset" 4036
"E:/Unreal_Project/BlueArchive/Content/Character/Model/Animator/CH0293/CH0293_Halo.uasset" 4037
"E:/Unreal_Project/BlueArchive/Content/Character/Model/Animator/CH0293/CH0293_Face1.uasset" 4038
"E:/Unreal_Project/BlueArchive/Content/Character/Model/Animator/CH0293/CH0293_PhysicsAsset.uasset" 4039
"E:/Unreal_Project/BlueArchive/Content/Character/Model/Animator/CH0293/CH0293_Hair.uasset" 4040
"E:/Unreal_Project/BlueArchive/Content/Character/Model/Animator/CH0293/CH0293_EyeMouth.uasset" 4041
"E:/Unreal_Project/BlueArchive/Content/Character/Model/Animator/CH0293/CH0293_Face.uasset" 4042
"E:/Unreal_Project/BlueArchive/Content/Character/Model/Animator/CH0293/CH0293_Halo1.uasset" 4043
"E:/Unreal_Project/BlueArchive/Content/Character/Model/Animator/CH0293/CH0293_Prop021.uasset" 4044
"E:/Unreal_Project/BlueArchive/Content/Character/Model/Animator/CH0293/CH0293_Prop02.uasset" 4045
"E:/Unreal_Project/BlueArchive/Content/Character/Model/Animator/CH0293/CH0293_Hair1.uasset" 4046
"/Game/Character/Model/Animator/CH0295/CH0295_Alpha" 4047
"/Game/Character/Model/Animator/CH0295/CH0295_Body1" 4048
"/Game/Character/Model/Animator/CH0295/CH0295_Car1" 4049
"/Game/Character/Model/Animator/CH0295/CH0295_Car_Alpha" 4050
"/Game/Character/Model/Animator/CH0295/CH0295_Eyebrow" 4051
"/Game/Character/Model/Animator/CH0295/CH0295_EyeMouth1" 4052
"/Game/Character/Model/Animator/CH0295/CH0295_Face1" 4053
"/Game/Character/Model/Animator/CH0295/CH0295_Hair1" 4054
"/Game/Character/Model/Animator/CH0293/CH0293_Face" 4055
"E:/Unreal_Project/BlueArchive/Content/Character/Model/Animator/CH0293/CH0293_Body.uasset" 4056
"E:/Unreal_Project/BlueArchive/Content/Character/Model/Animator/CH0293/CH0293_Body_Alpha.uasset" 4057
"E:/Unreal_Project/BlueArchive/Content/Character/Model/Animator/CH0293/CH0293_Eyebrow.uasset" 4058
"/Game/Character/Model/Animator/CH0293/CH0293_EyeMouth1" 4059
"E:/Unreal_Project/BlueArchive/Content/Character/Model/Animator/CH0258_01/CH0258_Weapon.uasset" 4060
"E:/Unreal_Project/BlueArchive/Content/Character/Model/Animator/CH0293/CH0293_Body1.uasset" 4061
"E:/Unreal_Project/BlueArchive/Content/Character/Model/Animator/CH0258_01/CH0258_Hair1.uasset" 4062
"E:/Unreal_Project/BlueArchive/Content/Character/Model/Animator/CH0258_01/CH0258_Hair.uasset" 4063
"E:/Unreal_Project/BlueArchive/Content/Character/Model/Animator/CH0258_01/CH0258_Halo.uasset" 4064
"E:/Unreal_Project/BlueArchive/Content/Character/Model/Animator/CH0258_01/CH0258_Shield.uasset" 4065
"E:/Unreal_Project/BlueArchive/Content/Character/Model/Animator/CH0293/CH0293_Skeleton.uasset" 4066
"E:/Unreal_Project/BlueArchive/Content/Character/Model/Animator/CH0258_01/CH0258_Shield1.uasset" 4067
"E:/Unreal_Project/BlueArchive/Content/Character/Model/Animator/CH0258_01/CH0258_Face1.uasset" 4068
"E:/Unreal_Project/BlueArchive/Content/Character/Model/Animator/CH0293/CH0293.uasset" 4069
"/Game/Character/Model/Animator/CH0293/CH0293_Face1" 4070
"/Game/Character/Model/Animator/CH0293/CH0293_Hair1" 4071
"/Game/Character/Model/Animator/CH0293/CH0293_Halo1" 4072
"/Game/Character/Model/Animator/CH0293/CH0293_PhysicsAsset" 4073
"/Game/Character/Model/Animator/CH0293/CH0293_Prop011" 4074
"/Game/Character/Model/Animator/CH0293/CH0293_Prop021" 4075
"/Game/Character/Model/Animator/CH0293/CH0293_Prop031" 4076
"/Game/Character/Model/Animator/CH0293/CH0293_Prop04" 4077
"/Game/Character/Model/Animator/CH0293/CH0293_Weapon1" 4078
"/Game/Character/Model/Animator/CH0295/CH0295" 4079
"E:/Unreal_Project/BlueArchive/Content/Character/Model/Animator/CH0258_01/CH0258_01_Skeleton.uasset" 4080
"/Game/Character/Model/Animator/CH0258_01/CH0258_Hair1" 4081
"E:/Unreal_Project/BlueArchive/Content/Character/Model/Animator/CH0258_01/CH0258_EyeMouth.uasset" 4082
"E:/Unreal_Project/BlueArchive/Content/Character/Model/Animator/CH0258_01/CH0258_EyeMouth1.uasset" 4083
"E:/Unreal_Project/BlueArchive/Content/Character/Model/Animator/CH0258_01/CH0258_Face.uasset" 4084
"E:/Unreal_Project/BlueArchive/Content/Character/Model/Animator/CH0258_01/CH0258_Body.uasset" 4085
"E:/Unreal_Project/BlueArchive/Content/Character/Model/Animator/CH0258_01/CH0258_Body1.uasset" 4086
"E:/Unreal_Project/BlueArchive/Content/Character/Model/Animator/CH0258_01/CH0258_01_PhysicsAsset.uasset" 4087
"E:/Unreal_Project/BlueArchive/Content/Character/Model/Animator/CH0243/CH0243_Halo.uasset" 4088
"E:/Unreal_Project/BlueArchive/Content/Character/Model/Animator/CH0243/CH0243_Weapon1.uasset" 4089
"E:/Unreal_Project/BlueArchive/Content/Character/Model/Animator/CH0243/CH0243_PhysicsAsset.uasset" 4090
"E:/Unreal_Project/BlueArchive/Content/Character/Model/Animator/CH0243/CH0243_Pad1.uasset" 4091
"E:/Unreal_Project/BlueArchive/Content/Character/Model/Animator/CH0243/CH0243_Weapon.uasset" 4092
"E:/Unreal_Project/BlueArchive/Content/Character/Model/Animator/CH0243/CH0243_Hair_21.uasset" 4093
"E:/Unreal_Project/BlueArchive/Content/Character/Model/Animator/CH0258_01/CH0258_Eyebrow.uasset" 4094
"/Game/Character/Model/Animator/CH0258_01/CH0258_Halo" 4095
"E:/Unreal_Project/BlueArchive/Content/Character/Model/Animator/CH0243/CH0243_Hair_2.uasset" 4096
"E:/Unreal_Project/BlueArchive/Content/Character/Model/Animator/CH0243/CH0243_Halo1.uasset" 4097
"E:/Unreal_Project/BlueArchive/Content/Character/Model/Animator/CH0243/CH0243_Pad.uasset" 4098
"E:/Unreal_Project/BlueArchive/Content/Character/Model/Animator/CH0243/CH0243_Face1.uasset" 4099
"E:/Unreal_Project/BlueArchive/Content/Character/Model/Animator/CH0258_01/CH0258_01.uasset" 4100
"/Game/Character/Model/Animator/CH0258_01/CH0258_Shield1" 4101
"/Game/Character/Model/Animator/CH0258_01/CH0258_Weapon" 4102
"/Game/Character/Model/Animator/CH0293/CH0293" 4103
"/Game/Character/Model/Animator/CH0258_01/CH0258_Face1" 4104
"E:/Unreal_Project/BlueArchive/Content/Character/Model/Animator/CH0243/CH0243.uasset" 4105
"E:/Unreal_Project/BlueArchive/Content/Character/Model/Animator/CH0243/CH0243_EyeMouth.uasset" 4106
"E:/Unreal_Project/BlueArchive/Content/Character/Model/Animator/CH0243/CH0243_EyeMouth1.uasset" 4107
"E:/Unreal_Project/BlueArchive/Content/Character/Model/Animator/CH0243/CH0243_Eyebrow.uasset" 4108
"E:/Unreal_Project/BlueArchive/Content/Character/Model/Animator/CH0243/CH0243_Body1.uasset" 4109
"E:/Unreal_Project/BlueArchive/Content/Character/Model/Animator/CH0242/CH0242_Ticket.uasset" 4110
"E:/Unreal_Project/BlueArchive/Content/Character/Model/Animator/CH0243/CH0243_Face.uasset" 4111
"E:/Unreal_Project/BlueArchive/Content/Character/Model/Animator/CH0242/CH0242_Ticket1.uasset" 4112
"E:/Unreal_Project/BlueArchive/Content/Character/Model/Animator/CH0242/CH0242_Weapon1.uasset" 4113
"E:/Unreal_Project/BlueArchive/Content/Character/Model/Animator/CH0243/CH0243_Skeleton.uasset" 4114
"E:/Unreal_Project/BlueArchive/Content/Character/Model/Animator/CH0242/CH0242_Weapon.uasset" 4115
"E:/Unreal_Project/BlueArchive/Content/Character/Model/Animator/CH0243/CH0243_Body.uasset" 4116
"/Game/Character/Model/Animator/CH0243/CH0243_Hair_21" 4117
"/Game/Character/Model/Animator/CH0243/CH0243_Halo1" 4118
"/Game/Character/Model/Animator/CH0243/CH0243_Pad1" 4119
"/Game/Character/Model/Animator/CH0243/CH0243_PhysicsAsset" 4120
"/Game/Character/Model/Animator/CH0243/CH0243_Weapon1" 4121
"/Game/Character/Model/Animator/CH0258_01/CH0258_01" 4122
"/Game/Character/Model/Animator/CH0243/CH0243_Face1" 4123
"E:/Unreal_Project/BlueArchive/Content/Character/Model/Animator/CH0242/CH0242_Punch.uasset" 4124
"E:/Unreal_Project/BlueArchive/Content/Character/Model/Animator/CH0242/CH0242_Hair_2.uasset" 4125
"E:/Unreal_Project/BlueArchive/Content/Character/Model/Animator/CH0242/CH0242_Halo.uasset" 4126
"E:/Unreal_Project/BlueArchive/Content/Character/Model/Animator/CH0242/CH0242_Hair_21.uasset" 4127
"E:/Unreal_Project/BlueArchive/Content/Character/Model/Animator/CH0242/CH0242_Face1.uasset" 4128
"E:/Unreal_Project/BlueArchive/Content/Character/Model/Animator/CH0242/CH0242_PhysicsAsset.uasset" 4129
"E:/Unreal_Project/BlueArchive/Content/Character/Model/Animator/CH0242/CH0242_Halo1.uasset" 4130
"E:/Unreal_Project/BlueArchive/Content/Character/Model/Animator/CH0240/CH0240_PhysicsAsset.uasset" 4131
"E:/Unreal_Project/BlueArchive/Content/Character/Model/Animator/CH0242/CH0242_EyeMouth1.uasset" 4132
"E:/Unreal_Project/BlueArchive/Content/Character/Model/Animator/CH0242/CH0242_Body.uasset" 4133
"/Game/Character/Model/Animator/CH0242/CH0242_Ticket" 4134
"E:/Unreal_Project/BlueArchive/Content/Character/Model/Animator/CH0240/CH0240_Prop.uasset" 4135
"E:/Unreal_Project/BlueArchive/Content/Character/Model/Animator/CH0240/CH0240_Prop1.uasset" 4136
"E:/Unreal_Project/BlueArchive/Content/Character/Model/Animator/CH0242/CH0242_Eyebrow.uasset" 4137
"E:/Unreal_Project/BlueArchive/Content/Character/Model/Animator/CH0242/CH0242.uasset" 4138
"E:/Unreal_Project/BlueArchive/Content/Character/Model/Animator/CH0242/CH0242_Face.uasset" 4139
"E:/Unreal_Project/BlueArchive/Content/Character/Model/Animator/CH0242/CH0242_Skeleton.uasset" 4140
"E:/Unreal_Project/BlueArchive/Content/Character/Model/Animator/CH0240/CH0240_Hair.uasset" 4141
"E:/Unreal_Project/BlueArchive/Content/Character/Model/Animator/CH0242/CH0242_Body1.uasset" 4142
"E:/Unreal_Project/BlueArchive/Content/Character/Model/Animator/CH0242/CH0242_EyeMouth.uasset" 4143
"/Game/Character/Model/Animator/CH0242/CH0242_Ticket1" 4144
"/Game/Character/Model/Animator/CH0242/CH0242_Weapon1" 4145
"/Game/Character/Model/Animator/CH0243/CH0243" 4146
"/Game/Character/Model/Animator/CH0240/CH0240_Hair" 4147
"E:/Unreal_Project/BlueArchive/Content/Character/Model/Animator/CH0240/CH0240_Body1.uasset" 4148
"E:/Unreal_Project/BlueArchive/Content/Character/Model/Animator/CH0240/CH0240_BusinessCard.uasset" 4149
"E:/Unreal_Project/BlueArchive/Content/Character/Model/Animator/CH0240/CH0240_Face.uasset" 4150
"E:/Unreal_Project/BlueArchive/Content/Character/Model/Animator/CH0240/CH0240_Face1.uasset" 4151
"E:/Unreal_Project/BlueArchive/Content/Character/Model/Animator/CH0240/CH0240_Hair1.uasset" 4152
"E:/Unreal_Project/BlueArchive/Content/Character/Model/Animator/CH0240/CH0240_EyeMouth.uasset" 4153
"E:/Unreal_Project/BlueArchive/Content/Character/Model/Animator/CH0240/CH0240_BusinessCard1.uasset" 4154
"E:/Unreal_Project/BlueArchive/Content/Character/Model/Animator/CH0240/CH0240_Eyebrow.uasset" 4155
"E:/Unreal_Project/BlueArchive/Content/Character/Model/Animator/CH0240/CH0240_Body.uasset" 4156
"/Game/Character/Model/Animator/CH0240/CH0240_PhysicsAsset" 4157
"E:/Unreal_Project/BlueArchive/Content/Character/Model/Animator/CH0240/CH0240_EyeMouth1.uasset" 4158
"E:/Unreal_Project/BlueArchive/Content/Character/Model/Animator/CH0240/CH0240.uasset" 4159
"E:/Unreal_Project/BlueArchive/Content/Character/Model/Animator/CH0233/CH0233_SP_1.uasset" 4160
"E:/Unreal_Project/BlueArchive/Content/Character/Model/Animator/CH0240/CH0240_Skeleton.uasset" 4161
"/Game/Character/Model/Animator/CH0240/CH0240_Prop1" 4162
"/Game/Character/Model/Animator/CH0242/CH0242" 4163
"E:/Unreal_Project/BlueArchive/Content/Character/Model/Animator/CH0233/CH0233_SP.uasset" 4164
"E:/Unreal_Project/BlueArchive/Content/Character/Model/Animator/CH0233/CH0233_Prop_can1.uasset" 4165
"E:/Unreal_Project/BlueArchive/Content/Character/Model/Animator/CH0233/CH0233_Prop.uasset" 4166
"E:/Unreal_Project/BlueArchive/Content/Character/Model/Animator/CH0233/CH0233_Prop1.uasset" 4167
"E:/Unreal_Project/BlueArchive/Content/Character/Model/Animator/CH0233/CH0233_Skeleton.uasset" 4168
"E:/Unreal_Project/BlueArchive/Content/Character/Model/Animator/CH0233/CH0233_Face.uasset" 4169
"E:/Unreal_Project/BlueArchive/Content/Character/Model/Animator/CH0233/CH0233_PhysicsAsset.uasset" 4170
"E:/Unreal_Project/BlueArchive/Content/Character/Model/Animator/CH0233/CH0233_Hair.uasset" 4171
"E:/Unreal_Project/BlueArchive/Content/Character/Model/Animator/CH0233/CH0233_Hair1.uasset" 4172
"E:/Unreal_Project/BlueArchive/Content/Character/Model/Animator/CH0233/CH0233_EyeMouth1.uasset" 4173
"E:/Unreal_Project/BlueArchive/Content/Character/Model/Animator/CH0218/CH0218_Prop_Alpha.uasset" 4174
"E:/Unreal_Project/BlueArchive/Content/Character/Model/Animator/CH0233/CH0233_Face1.uasset" 4175
"E:/Unreal_Project/BlueArchive/Content/Character/Model/Animator/CH0233/CH0233_EyeMouth.uasset" 4176
"E:/Unreal_Project/BlueArchive/Content/Character/Model/Animator/CH0233/CH0233_Body1.uasset" 4177
"E:/Unreal_Project/BlueArchive/Content/Character/Model/Animator/CH0233/CH0233_Body.uasset" 4178
"E:/Unreal_Project/BlueArchive/Content/Character/Model/Animator/CH0233/CH0233_Eyebrow.uasset" 4179
"E:/Unreal_Project/BlueArchive/Content/Character/Model/Animator/CH0233/CH0233.uasset" 4180
"E:/Unreal_Project/BlueArchive/Content/Character/Model/Animator/CH0233/CH0233_Prop_can.uasset" 4181
"E:/Unreal_Project/BlueArchive/Content/Character/Model/Animator/CH0218/CH0218_Prop.uasset" 4182
"/Game/Character/Model/Animator/CH0233/CH0233_SP_1" 4183
"/Game/Character/Model/Animator/CH0233/CH0233" 4184
"/Game/Character/Model/Animator/CH0240/CH0240" 4185
"/Game/Character/Model/Animator/CH0218/CH0218_Prop" 4186
"E:/Unreal_Project/BlueArchive/Content/Character/Model/Animator/CH0218/CH0218_Hair.uasset" 4187
"E:/Unreal_Project/BlueArchive/Content/Character/Model/Animator/CH0218/CH0218_PhysicsAsset.uasset" 4188
"E:/Unreal_Project/BlueArchive/Content/Character/Model/Animator/CH0218/CH0218_Face1.uasset" 4189
"E:/Unreal_Project/BlueArchive/Content/Character/Model/Animator/CH0218/CH0218_EyeMouth1.uasset" 4190
"E:/Unreal_Project/BlueArchive/Content/Character/Model/Animator/CH0218/CH0218_Face.uasset" 4191
"E:/Unreal_Project/BlueArchive/Content/Character/Model/Animator/CH0218/CH0218.uasset" 4192
"E:/Unreal_Project/BlueArchive/Content/Character/Model/Animator/CH0217/CH0217_Hair.uasset" 4193
"E:/Unreal_Project/BlueArchive/Content/Character/Model/Animator/CH0218/CH0218_EyeMouth.uasset" 4194
"E:/Unreal_Project/BlueArchive/Content/Character/Model/Animator/CH0218/CH0218_Prop1.uasset" 4195
"E:/Unreal_Project/BlueArchive/Content/Character/Model/Animator/CH0218/CH0218_Body1.uasset" 4196
"E:/Unreal_Project/BlueArchive/Content/Character/Model/Animator/CH0218/CH0218_Eyebrow.uasset" 4197
"E:/Unreal_Project/BlueArchive/Content/Character/Model/Animator/CH0218/CH0218_Body.uasset" 4198
"E:/Unreal_Project/BlueArchive/Content/Character/Model/Animator/CH0217/CH0217_MapProp.uasset" 4199
"E:/Unreal_Project/BlueArchive/Content/Character/Model/Animator/CH0217/CH0217_Face.uasset" 4200
"E:/Unreal_Project/BlueArchive/Content/Character/Model/Animator/CH0217/CH0217_Eyebrow.uasset" 4201
"E:/Unreal_Project/BlueArchive/Content/Character/Model/Animator/CH0217/CH0217_MapProp1.uasset" 4202
"E:/Unreal_Project/BlueArchive/Content/Character/Model/Animator/CH0218/CH0218_Skeleton.uasset" 4203
"E:/Unreal_Project/BlueArchive/Content/Character/Model/Animator/CH0218/CH0218_Hair1.uasset" 4204
"E:/Unreal_Project/BlueArchive/Content/Character/Model/Animator/CH0215/CH0215_Weapon.uasset" 4205
"E:/Unreal_Project/BlueArchive/Content/Character/Model/Animator/CH0217/CH0217_EyeMouth.uasset" 4206
"E:/Unreal_Project/BlueArchive/Content/Character/Model/Animator/CH0217/CH0217.uasset" 4207
"E:/Unreal_Project/BlueArchive/Content/Character/Model/Animator/CH0217/CH0217_EyeMouth1.uasset" 4208
"E:/Unreal_Project/BlueArchive/Content/Character/Model/Animator/CH0215/CH0215_Prop1.uasset" 4209
"E:/Unreal_Project/BlueArchive/Content/Character/Model/Animator/CH0215/CH0215_Prop.uasset" 4210
"E:/Unreal_Project/BlueArchive/Content/Character/Model/Animator/CH0217/CH0217_PhysicsAsset.uasset" 4211
"E:/Unreal_Project/BlueArchive/Content/Character/Model/Animator/CH0217/CH0217_Skeleton.uasset" 4212
"E:/Unreal_Project/BlueArchive/Content/Character/Model/Animator/CH0217/CH0217_Body1.uasset" 4213
"E:/Unreal_Project/BlueArchive/Content/Character/Model/Animator/CH0217/CH0217_Body.uasset" 4214
"E:/Unreal_Project/BlueArchive/Content/Character/Model/Animator/CH0217/CH0217_Hair1.uasset" 4215
"E:/Unreal_Project/BlueArchive/Content/Character/Model/Animator/CH0217/CH0217_Face1.uasset" 4216
"/Game/Character/Model/Animator/CH0218/CH0218_Prop_Alpha" 4217
"E:/Unreal_Project/BlueArchive/Content/Character/Model/Animator/CH0215/CH0215_PhysicsAsset.uasset" 4218
"/Game/Character/Model/Animator/CH0215/CH0215_Prop1" 4219
"E:/Unreal_Project/BlueArchive/Content/Character/Model/Animator/CH0215/CH0215_Hair.uasset" 4220
"/Game/Character/Model/Animator/CH0215/CH0215_Weapon" 4221
"/Game/Character/Model/Animator/CH0217/CH0217" 4222
"/Game/Character/Model/Animator/CH0218/CH0218" 4223
"/Game/Character/Model/Animator/CH0215/CH0215_Hair" 4224
"E:/Unreal_Project/BlueArchive/Content/Character/Model/Animator/CH0215/CH0215_EyeMouth.uasset" 4225
"E:/Unreal_Project/BlueArchive/Content/Character/Model/Animator/CH0215/CH0215_Face1.uasset" 4226
"E:/Unreal_Project/BlueArchive/Content/Character/Model/Animator/CH0215/CH0215_Hair1.uasset" 4227
"E:/Unreal_Project/BlueArchive/Content/Character/Model/Animator/CH0215/CH0215_EyeMouth1.uasset" 4228
"E:/Unreal_Project/BlueArchive/Content/Character/Model/Animator/CH0215/CH0215_Eyebrow.uasset" 4229
"E:/Unreal_Project/BlueArchive/Content/Character/Model/Animator/CH0205/Koharu_Original_Halo.uasset" 4230
"E:/Unreal_Project/BlueArchive/Content/Character/Model/Animator/CH0215/CH0215_Body1.uasset" 4231
"E:/Unreal_Project/BlueArchive/Content/Character/Model/Animator/CH0215/CH0215_Skeleton.uasset" 4232
"E:/Unreal_Project/BlueArchive/Content/Character/Model/Animator/CH0205/CH0205_Hair.uasset" 4233
"E:/Unreal_Project/BlueArchive/Content/Character/Model/Animator/CH0215/CH0215_Alpha.uasset" 4234
"/Game/Character/Model/Animator/CH0215/CH0215_PhysicsAsset" 4235
"E:/Unreal_Project/BlueArchive/Content/Character/Model/Animator/CH0205/CH0205_Prop.uasset" 4236
"E:/Unreal_Project/BlueArchive/Content/Character/Model/Animator/CH0215/CH0215_Body.uasset" 4237
"E:/Unreal_Project/BlueArchive/Content/Character/Model/Animator/CH0205/CH0205_PhysicsAsset.uasset" 4238
"E:/Unreal_Project/BlueArchive/Content/Character/Model/Animator/CH0205/CH0205_Face1.uasset" 4239
"E:/Unreal_Project/BlueArchive/Content/Character/Model/Animator/CH0205/CH0205_Prop1.uasset" 4240
"E:/Unreal_Project/BlueArchive/Content/Character/Model/Animator/CH0205/CH0205_EyeMouth1.uasset" 4241
"E:/Unreal_Project/BlueArchive/Content/Character/Model/Animator/CH0205/CH0205_Face.uasset" 4242
"E:/Unreal_Project/BlueArchive/Content/Character/Model/Animator/CH0215/CH0215_Prop_Alpha.uasset" 4243
"E:/Unreal_Project/BlueArchive/Content/Character/Model/Animator/CH0205/CH0205_Alpha1.uasset" 4244
"E:/Unreal_Project/BlueArchive/Content/Character/Model/Animator/CH0205/CH0205_Hair1.uasset" 4245
"E:/Unreal_Project/BlueArchive/Content/Character/Model/Animator/CH0203/CH0203_PhysicsAsset.uasset" 4246
"E:/Unreal_Project/BlueArchive/Content/Character/Model/Animator/CH0205/CH0205_Skeleton.uasset" 4247
"E:/Unreal_Project/BlueArchive/Content/Character/Model/Animator/CH0205/CH0205_Body.uasset" 4248
"E:/Unreal_Project/BlueArchive/Content/Character/Model/Animator/CH0215/CH0215_Face.uasset" 4249
"E:/Unreal_Project/BlueArchive/Content/Character/Model/Animator/CH0205/CH0205_Body1.uasset" 4250
"E:/Unreal_Project/BlueArchive/Content/Character/Model/Animator/CH0205/CH0205_Eyebrow.uasset" 4251
"E:/Unreal_Project/BlueArchive/Content/Character/Model/Animator/CH0205/CH0205_Alpha.uasset" 4252
"E:/Unreal_Project/BlueArchive/Content/Character/Model/Animator/CH0205/CH0205_EyeMouth.uasset" 4253
"E:/Unreal_Project/BlueArchive/Content/Character/Model/Animator/CH0205/CH0205.uasset" 4254
"E:/Unreal_Project/BlueArchive/Content/Character/Model/Animator/CH0215/CH0215.uasset" 4255
"E:/Unreal_Project/BlueArchive/Content/Character/Model/Animator/CH0203/CH0203_Halo.uasset" 4256
"E:/Unreal_Project/BlueArchive/Content/Character/Model/Animator/CH0203/CH0203_Hair.uasset" 4257
"/Game/Character/Model/Animator/CH0203/CH0203_PhysicsAsset" 4258
"/Game/Character/Model/Animator/CH0205/CH0205_Face" 4259
"/Game/Character/Model/Animator/CH0205/CH0205_Face1" 4260
"/Game/Character/Model/Animator/CH0205/CH0205_Hair1" 4261
"/Game/Character/Model/Animator/CH0205/CH0205_PhysicsAsset" 4262
"/Game/Character/Model/Animator/CH0205/CH0205_Prop1" 4263
"/Game/Character/Model/Animator/CH0205/Koharu_Original_Halo" 4264
"/Game/Character/Model/Animator/CH0215/CH0215_Skeleton" 4265
"/Game/Character/Model/Animator/CH0215/CH0215_Alpha" 4266
"/Game/Character/Model/Animator/CH0215/CH0215_Body1" 4267
"/Game/Character/Model/Animator/CH0215/CH0215_EyeMouth1" 4268
"/Game/Character/Model/Animator/CH0215/CH0215_Hair1" 4269
"/Game/Character/Model/Animator/CH0203/CH0203_Hair" 4270
"E:/Unreal_Project/BlueArchive/Content/Character/Model/Animator/CH0203/CH0203_Hair1.uasset" 4271
"E:/Unreal_Project/BlueArchive/Content/Character/Model/Animator/CH0203/CH0203_EyeMouth.uasset" 4272
"/Game/Character/Model/Animator/CH0203/CH0203_Halo" 4273
"E:/Unreal_Project/BlueArchive/Content/Character/Model/Animator/CH0203/CH0203_Box.uasset" 4274
"E:/Unreal_Project/BlueArchive/Content/Character/Model/Animator/CH0203/CH0203_Eyebrow.uasset" 4275
"E:/Unreal_Project/BlueArchive/Content/Character/Model/Animator/CH0203/CH0203_Face1.uasset" 4276
"E:/Unreal_Project/BlueArchive/Content/Character/Model/Animator/CH0203/CH0203_Face.uasset" 4277
"E:/Unreal_Project/BlueArchive/Content/Character/Model/Animator/CH0203/CH0203_Box1.uasset" 4278
"E:/Unreal_Project/BlueArchive/Content/Character/Model/Animator/CH0203/CH0203_Body1.uasset" 4279
"E:/Unreal_Project/BlueArchive/Content/Character/Model/Animator/CH0203/CH0203_Body.uasset" 4280
"E:/Unreal_Project/BlueArchive/Content/Character/Model/Animator/CH0201/CH0201_Prop.uasset" 4281
"E:/Unreal_Project/BlueArchive/Content/Character/Model/Animator/CH0201/CH0201_Magazine1.uasset" 4282
"E:/Unreal_Project/BlueArchive/Content/Character/Model/Animator/CH0201/CH0201_Magazine.uasset" 4283
"/Game/Character/Model/Animator/CH0205/CH0205" 4284
"E:/Unreal_Project/BlueArchive/Content/Character/Model/Animator/CH0203/CH0203_Skeleton.uasset" 4285
"E:/Unreal_Project/BlueArchive/Content/Character/Model/Animator/CH0201/CH0201_Hair.uasset" 4286
"E:/Unreal_Project/BlueArchive/Content/Character/Model/Animator/CH0203/CH0203.uasset" 4287
"E:/Unreal_Project/BlueArchive/Content/Character/Model/Animator/CH0201/CH0201_PhysicsAsset.uasset" 4288
"E:/Unreal_Project/BlueArchive/Content/Character/Model/Animator/CH0201/CH0201_Prop1.uasset" 4289
"/Game/Character/Model/Animator/CH0215/CH0215" 4290
"E:/Unreal_Project/BlueArchive/Content/Character/Model/Animator/CH0201/CH0201_Hair1.uasset" 4291
"E:/Unreal_Project/BlueArchive/Content/Character/Model/Animator/CH0201/CH0201_Face.uasset" 4292
"E:/Unreal_Project/BlueArchive/Content/Character/Model/Animator/CH0201/CH0201_EyeMouth1.uasset" 4293
"E:/Unreal_Project/BlueArchive/Content/Character/Model/Animator/CH0201/CH0201_Face1.uasset" 4294
"E:/Unreal_Project/BlueArchive/Content/Character/Model/Animator/CH0201/CH0201_Body.uasset" 4295
"E:/Unreal_Project/BlueArchive/Content/Character/Model/Animator/CH0201/CH0201_EyeMouth.uasset" 4296
"E:/Unreal_Project/BlueArchive/Content/Character/Model/Animator/CH0201/CH0201_Eyebrow.uasset" 4297
"/Game/Character/Model/Animator/CH0201/CH0201_Hair" 4298
"E:/Unreal_Project/BlueArchive/Content/Character/Model/Animator/CH0185/CH185_Weapon.uasset" 4299
"E:/Unreal_Project/BlueArchive/Content/Character/Model/Animator/CH0185/CH0185_Hair.uasset" 4300
"E:/Unreal_Project/BlueArchive/Content/Character/Model/Animator/CH0185/CH0185_Hair1.uasset" 4301
"E:/Unreal_Project/BlueArchive/Content/Character/Model/Animator/CH0201/CH0201_Skeleton.uasset" 4302
"E:/Unreal_Project/BlueArchive/Content/Character/Model/Animator/CH0201/CH0201.uasset" 4303
"E:/Unreal_Project/BlueArchive/Content/Character/Model/Animator/CH0201/CH0201_Body1.uasset" 4304
"E:/Unreal_Project/BlueArchive/Content/Character/Model/Animator/CH0185/CH0185_PhysicsAsset.uasset" 4305
"E:/Unreal_Project/BlueArchive/Content/Character/Model/Animator/CH0185/CH0185_Weapon.uasset" 4306
"/Game/Character/Model/Animator/CH0201/CH0201_Magazine1" 4307
"/Game/Character/Model/Animator/CH0201/CH0201_PhysicsAsset" 4308
"/Game/Character/Model/Animator/CH0201/CH0201_Prop1" 4309
"/Game/Character/Model/Animator/CH0203/CH0203" 4310
"/Game/Character/Model/Animator/CH0185/CH0185_Hair1" 4311
"E:/Unreal_Project/BlueArchive/Content/Character/Model/Animator/CH0185/CH0185_Face1.uasset" 4312
"E:/Unreal_Project/BlueArchive/Content/Character/Model/Animator/CH0185/CH0185_Face.uasset" 4313
"E:/Unreal_Project/BlueArchive/Content/Character/Model/Animator/CH0185/CH0185_EyeMouth.uasset" 4314
"E:/Unreal_Project/BlueArchive/Content/Character/Model/Animator/CH0185/CH0185_Body.uasset" 4315
"E:/Unreal_Project/BlueArchive/Content/Character/Model/Animator/CH0185/CH0185_Cheer1.uasset" 4316
"E:/Unreal_Project/BlueArchive/Content/Character/Model/Animator/CH0139/CH139_Cutin_table1.uasset" 4317
"E:/Unreal_Project/BlueArchive/Content/Character/Model/Animator/CH0185/CH0185_Eyebrow.uasset" 4318
"E:/Unreal_Project/BlueArchive/Content/Character/Model/Animator/CH0185/CH0185_Body1.uasset" 4319
"E:/Unreal_Project/BlueArchive/Content/Character/Model/Animator/CH0139/CH139_Cutin_chair.uasset" 4320
"E:/Unreal_Project/BlueArchive/Content/Character/Model/Animator/CH0185/CH0185_Skeleton.uasset" 4321
"E:/Unreal_Project/BlueArchive/Content/Character/Model/Animator/CH0185/CH0185.uasset" 4322
"E:/Unreal_Project/BlueArchive/Content/Character/Model/Animator/CH0139/CH139_Cutin_table.uasset" 4323
"E:/Unreal_Project/BlueArchive/Content/Character/Model/Animator/CH0139/CH0139_Weapon.uasset" 4324
"E:/Unreal_Project/BlueArchive/Content/Character/Model/Animator/CH0139/CH0139_Prop.uasset" 4325
"E:/Unreal_Project/BlueArchive/Content/Character/Model/Animator/CH0185/CH0185_EyeMouth1.uasset" 4326
"E:/Unreal_Project/BlueArchive/Content/Character/Model/Animator/CH0139/CH0139_Weapon1.uasset" 4327
"E:/Unreal_Project/BlueArchive/Content/Character/Model/Animator/CH0185/CH0185_Cheer.uasset" 4328
"/Game/Character/Model/Animator/CH0185/CH0185_PhysicsAsset" 4329
"/Game/Character/Model/Animator/CH0185/CH0185_Weapon" 4330
"/Game/Character/Model/Animator/CH0201/CH0201" 4331
"/Game/Character/Model/Animator/CH0139/CH0139_Prop" 4332
"E:/Unreal_Project/BlueArchive/Content/Character/Model/Animator/CH0139/CH0139_PhysicsAsset.uasset" 4333
"E:/Unreal_Project/BlueArchive/Content/Character/Model/Animator/CH0139/CH0139_Face1.uasset" 4334
"E:/Unreal_Project/BlueArchive/Content/Character/Model/Animator/CH0139/CH0139_Hair1.uasset" 4335
"E:/Unreal_Project/BlueArchive/Content/Character/Model/Animator/CH0139/CH0139_Halo.uasset" 4336
"E:/Unreal_Project/BlueArchive/Content/Character/Model/Animator/CH0139/CH0139_Prop_Mahjong.uasset" 4337
"E:/Unreal_Project/BlueArchive/Content/Character/Model/Animator/CH0139/CH0139_Halo1.uasset" 4338
"E:/Unreal_Project/BlueArchive/Content/Character/Model/Animator/CH0139/CH0139_Eyelashes.uasset" 4339
"E:/Unreal_Project/BlueArchive/Content/Character/Model/Animator/CH0139/CH0139_Hair.uasset" 4340
"/Game/Character/Model/Animator/CH0139/CH0139_Weapon1" 4341
"E:/Unreal_Project/BlueArchive/Content/Character/Model/Animator/CH0139/CH0139_EyeMouth1.uasset" 4342
"E:/Unreal_Project/BlueArchive/Content/Character/Model/Animator/CH0139/CH0139_Body.uasset" 4343
"E:/Unreal_Project/BlueArchive/Content/Character/Model/Animator/CH0139/CH0139_Face.uasset" 4344
"E:/Unreal_Project/BlueArchive/Content/Character/Model/Animator/CH0139/CH0139_Body1.uasset" 4345
"E:/Unreal_Project/BlueArchive/Content/Character/Model/Animator/CH0139/CH0139_Eyebrow.uasset" 4346
"E:/Unreal_Project/BlueArchive/Content/Character/Model/Animator/CH0139/CH0139_Skeleton.uasset" 4347
"E:/Unreal_Project/BlueArchive/Content/Character/Model/Animator/CH0139/CH0139_EyeMouth.uasset" 4348
"/Game/Character/Model/Animator/CH0139/CH139_Cutin_chair" 4349
"/Game/Character/Model/Animator/CH0139/CH139_Cutin_table1" 4350
"/Game/Character/Model/Animator/CH0185/CH0185" 4351
"/Game/Character/Model/Animator/CH0139/CH0139_Skeleton" 4352
"E:/Unreal_Project/BlueArchive/Content/Character/Model/Animator/CH0138/CH0138_PhysicsAsset.uasset" 4353
"E:/Unreal_Project/BlueArchive/Content/Character/Model/Animator/CH0138/CH0138_Weapon.uasset" 4354
"E:/Unreal_Project/BlueArchive/Content/Character/Model/Animator/CH0138/CH0138_Eyebrow.uasset" 4355
"E:/Unreal_Project/BlueArchive/Content/Character/Model/Animator/CH0138/CH0138_Weapon1.uasset" 4356
"E:/Unreal_Project/BlueArchive/Content/Character/Model/Animator/CH0138/CH0138_Body_Alpha1.uasset" 4357
"E:/Unreal_Project/BlueArchive/Content/Character/Model/Animator/CH0138/CH0138_Face1.uasset" 4358
"E:/Unreal_Project/BlueArchive/Content/Character/Model/Animator/CH0138/CH0138_Halo1.uasset" 4359
"E:/Unreal_Project/BlueArchive/Content/Character/Model/Animator/CH0138/CH0138_Halo.uasset" 4360
"E:/Unreal_Project/BlueArchive/Content/Character/Model/Animator/CH0138/CH0138_EyeMouth.uasset" 4361
"/Game/Character/Model/Animator/CH0139/CH0139_Body1" 4362
"E:/Unreal_Project/BlueArchive/Content/Character/Model/Animator/CH0138/CH0138_SkillProp.uasset" 4363
"E:/Unreal_Project/BlueArchive/Content/Character/Model/Animator/CH0138/CH0138_Hair.uasset" 4364
"E:/Unreal_Project/BlueArchive/Content/Character/Model/Animator/CH0138/CH0138_EyeMouth1.uasset" 4365
"E:/Unreal_Project/BlueArchive/Content/Character/Model/Animator/CH0138/CH0138_Body_Alpha.uasset" 4366
"E:/Unreal_Project/BlueArchive/Content/Character/Model/Animator/CH0138/CH0138_Hair1.uasset" 4367
"E:/Unreal_Project/BlueArchive/Content/Character/Model/Animator/CH0139/CH0139.uasset" 4368
"E:/Unreal_Project/BlueArchive/Content/Character/Model/Animator/CH0138/CH0138_SkillProp1.uasset" 4369
"E:/Unreal_Project/BlueArchive/Content/Character/Model/Animator/CH0138/CH0138_Face.uasset" 4370
"/Game/Character/Model/Animator/CH0139/CH0139_Eyebrow" 4371
"/Game/Character/Model/Animator/CH0139/CH0139_Eyelashes" 4372
"/Game/Character/Model/Animator/CH0139/CH0139_EyeMouth1" 4373
"/Game/Character/Model/Animator/CH0139/CH0139_Face1" 4374
"/Game/Character/Model/Animator/CH0139/CH0139_Hair1" 4375
"/Game/Character/Model/Animator/CH0139/CH0139_Halo1" 4376
"/Game/Character/Model/Animator/CH0139/CH0139_PhysicsAsset" 4377
"/Game/Character/Model/Animator/CH0139/CH0139_Prop_Mahjong" 4378
"/Game/Character/Model/Animator/CH0138/CH0138_Body_Alpha1" 4379
"E:/Unreal_Project/BlueArchive/Content/Character/Model/Animator/CH0138/CH0138_Body.uasset" 4380
"E:/Unreal_Project/BlueArchive/Content/Character/Model/Animator/CH0138/CH0138.uasset" 4381
"E:/Unreal_Project/BlueArchive/Content/Character/Model/Animator/CH0292/CH0292_Weapon1.uasset" 4382
"E:/Unreal_Project/BlueArchive/Content/Character/Model/Animator/CH0292/CH0292_Hair.uasset" 4383
"E:/Unreal_Project/BlueArchive/Content/Character/Model/Animator/CH0138/CH0138_Skeleton.uasset" 4384
"E:/Unreal_Project/BlueArchive/Content/Character/Model/Animator/CH0292/CH0292_Halo1.uasset" 4385
"E:/Unreal_Project/BlueArchive/Content/Character/Model/Animator/CH0292/CH0292_PhysicsAsset.uasset" 4386
"E:/Unreal_Project/BlueArchive/Content/Character/Model/Animator/CH0138/CH0138_Body1.uasset" 4387
"E:/Unreal_Project/BlueArchive/Content/Character/Model/Animator/CH0292/CH0292_Hair1.uasset" 4388
"/Game/Character/Model/Animator/CH0138/CH0138_Eyebrow" 4389
"E:/Unreal_Project/BlueArchive/Content/Character/Model/Animator/CH0292/CH0292_Face.uasset" 4390
"E:/Unreal_Project/BlueArchive/Content/Character/Model/Animator/CH0292/CH0292_Halo.uasset" 4391
"E:/Unreal_Project/BlueArchive/Content/Character/Model/Animator/CH0292/CH0292_EyeMouth.uasset" 4392
"E:/Unreal_Project/BlueArchive/Content/Character/Model/Animator/CH0292/CH0292_Face1.uasset" 4393
"E:/Unreal_Project/BlueArchive/Content/Character/Model/Animator/CH0292/CH0292_EyeMouth1.uasset" 4394
"E:/Unreal_Project/BlueArchive/Content/Character/Model/Animator/CH0292/CH0292_Weapon.uasset" 4395
"/Game/Character/Model/Animator/CH0138/CH0138_EyeMouth1" 4396
"/Game/Character/Model/Animator/CH0138/CH0138_Face1" 4397
"/Game/Character/Model/Animator/CH0138/CH0138_Hair1" 4398
"/Game/Character/Model/Animator/CH0138/CH0138_Halo1" 4399
"/Game/Character/Model/Animator/CH0138/CH0138_PhysicsAsset" 4400
"/Game/Character/Model/Animator/CH0138/CH0138_SkillProp1" 4401
"/Game/Character/Model/Animator/CH0138/CH0138_Weapon1" 4402
"/Game/Character/Model/Animator/CH0139/CH0139" 4403
"E:/Unreal_Project/BlueArchive/Content/Character/Model/Animator/CH0292/CH0292_Body.uasset" 4404
"E:/Unreal_Project/BlueArchive/Content/Character/Model/Animator/CH0292/CH0292_Body1.uasset" 4405
"E:/Unreal_Project/BlueArchive/Content/Character/Model/Animator/CH0292/CH0292_Eyebrow.uasset" 4406
"E:/Unreal_Project/BlueArchive/Content/Character/Model/Animator/CH0292/CH0292_Skeleton.uasset" 4407
"E:/Unreal_Project/BlueArchive/Content/Character/Model/Animator/CH0292/CH0292.uasset" 4408
"E:/Unreal_Project/BlueArchive/Content/Character/Model/Animator/CH0193/CH0193_SkillProp.uasset" 4409
"E:/Unreal_Project/BlueArchive/Content/Character/Model/Animator/CH0193/CH0193_SkillProp1.uasset" 4410
"E:/Unreal_Project/BlueArchive/Content/Character/Model/Animator/CH0193/CH0193_Hotdog1.uasset" 4411
"E:/Unreal_Project/BlueArchive/Content/Character/Model/Animator/CH0193/CH0193_EyeMouth1.uasset" 4412
"E:/Unreal_Project/BlueArchive/Content/Character/Model/Animator/CH0193/CH0193_Hotdog.uasset" 4413
"E:/Unreal_Project/BlueArchive/Content/Character/Model/Animator/CH0193/CH0193_Face.uasset" 4414
"E:/Unreal_Project/BlueArchive/Content/Character/Model/Animator/CH0193/CH0193_Eyebrow.uasset" 4415
"E:/Unreal_Project/BlueArchive/Content/Character/Model/Animator/CH0193/CH0193_EyeMouth.uasset" 4416
"E:/Unreal_Project/BlueArchive/Content/Character/Model/Animator/CH0193/CH0193_PhysicsAsset.uasset" 4417
"E:/Unreal_Project/BlueArchive/Content/Character/Model/Animator/CH0193/CH0193_Hair1.uasset" 4418
"E:/Unreal_Project/BlueArchive/Content/Character/Model/Animator/CH0193/CH0193_Face1.uasset" 4419
"E:/Unreal_Project/BlueArchive/Content/Character/Model/Animator/CH0193/CH0193_Hair.uasset" 4420
"/Game/Character/Model/Animator/CH0292/CH0292_Face" 4421
"/Game/Character/Model/Animator/CH0292/CH0292_EyeMouth1" 4422
"/Game/Character/Model/Animator/CH0292/CH0292_Face1" 4423
"/Game/Character/Model/Animator/CH0292/CH0292_Hair1" 4424
"/Game/Character/Model/Animator/CH0292/CH0292_Halo1" 4425
"/Game/Character/Model/Animator/CH0292/CH0292_PhysicsAsset" 4426
"/Game/Character/Model/Animator/CH0292/CH0292_Weapon1" 4427
"/Game/Character/Model/Animator/CH0138/CH0138" 4428
"E:/Unreal_Project/BlueArchive/Content/Character/Model/Animator/CH0193/CH0193_Body_Alpha.uasset" 4429
"E:/Unreal_Project/BlueArchive/Content/Character/Model/Animator/CH0193/CH0193_Body.uasset" 4430
"E:/Unreal_Project/BlueArchive/Content/Character/Model/Animator/CH0193/CH0193_Skeleton.uasset" 4431
"E:/Unreal_Project/BlueArchive/Content/Character/Model/Animator/CH0193/CH0193_Body1.uasset" 4432
"E:/Unreal_Project/BlueArchive/Content/Character/Model/Animator/CH0184/CH0184_GymProp01.uasset" 4433
"E:/Unreal_Project/BlueArchive/Content/Character/Model/Animator/CH0184/CH0184_Halo.uasset" 4434
"E:/Unreal_Project/BlueArchive/Content/Character/Model/Animator/CH0193/CH0193.uasset" 4435
"E:/Unreal_Project/BlueArchive/Content/Character/Model/Animator/CH0193/CH0193_Body_Alpha1.uasset" 4436
"/Game/Character/Model/Animator/CH0193/CH0193_Eyebrow" 4437
"E:/Unreal_Project/BlueArchive/Content/Character/Model/Animator/CH0184/CH0184_Hair1.uasset" 4438
"E:/Unreal_Project/BlueArchive/Content/Character/Model/Animator/CH0184/CH0184_GymProp03.uasset" 4439
"E:/Unreal_Project/BlueArchive/Content/Character/Model/Animator/CH0184/CH0184_Hair.uasset" 4440
"E:/Unreal_Project/BlueArchive/Content/Character/Model/Animator/CH0184/CH0184_PhysicsAsset.uasset" 4441
"E:/Unreal_Project/BlueArchive/Content/Character/Model/Animator/CH0184/CH0184_GymProp.uasset" 4442
"E:/Unreal_Project/BlueArchive/Content/Character/Model/Animator/CH0184/CH0184_Weapon.uasset" 4443
"E:/Unreal_Project/BlueArchive/Content/Character/Model/Animator/CH0184/CH0184_GymProp02.uasset" 4444
"/Game/Character/Model/Animator/CH0193/CH0193_EyeMouth1" 4445
"/Game/Character/Model/Animator/CH0193/CH0193_Face1" 4446
"/Game/Character/Model/Animator/CH0193/CH0193_Hair1" 4447
"/Game/Character/Model/Animator/CH0193/CH0193_Hotdog1" 4448
"/Game/Character/Model/Animator/CH0193/CH0193_PhysicsAsset" 4449
"/Game/Character/Model/Animator/CH0193/CH0193_SkillProp1" 4450
"/Game/Character/Model/Animator/CH0292/CH0292" 4451
"E:/Unreal_Project/BlueArchive/Content/Character/Model/Animator/CH0184/CH0184_Face1.uasset" 4452
"E:/Unreal_Project/BlueArchive/Content/Character/Model/Animator/CH0184/CH0184_EyeMouth.uasset" 4453
"E:/Unreal_Project/BlueArchive/Content/Character/Model/Animator/CH0184/CH0184_Body1.uasset" 4454
"E:/Unreal_Project/BlueArchive/Content/Character/Model/Animator/CH0238/CH0238_Weapon.uasset" 4455
"/Game/Character/Model/Animator/CH0184/CH0184_GymProp01" 4456
"E:/Unreal_Project/BlueArchive/Content/Character/Model/Animator/CH0238/CH0238_PhysicsAsset.uasset" 4457
"E:/Unreal_Project/BlueArchive/Content/Character/Model/Animator/CH0238/CH0238_Face1.uasset" 4458
"E:/Unreal_Project/BlueArchive/Content/Character/Model/Animator/CH0238/CH0238_Hair1.uasset" 4459
"E:/Unreal_Project/BlueArchive/Content/Character/Model/Animator/CH0184/CH0184_Face.uasset" 4460
"E:/Unreal_Project/BlueArchive/Content/Character/Model/Animator/CH0238/CH0238_Halo1.uasset" 4461
"E:/Unreal_Project/BlueArchive/Content/Character/Model/Animator/CH0184/CH0184_Eyebrow.uasset" 4462
"E:/Unreal_Project/BlueArchive/Content/Character/Model/Animator/CH0184/CH0184_Body.uasset" 4463
"E:/Unreal_Project/BlueArchive/Content/Character/Model/Animator/CH0184/CH0184_Body_EyeMouth.uasset" 4464
"E:/Unreal_Project/BlueArchive/Content/Character/Model/Animator/CH0238/CH0238_Weapon1.uasset" 4465
"E:/Unreal_Project/BlueArchive/Content/Character/Model/Animator/CH0184/CH0184_Skeleton.uasset" 4466
"E:/Unreal_Project/BlueArchive/Content/Character/Model/Animator/CH0238/CH0238_Halo.uasset" 4467
"E:/Unreal_Project/BlueArchive/Content/Character/Model/Animator/CH0238/CH0238_Hair.uasset" 4468
"E:/Unreal_Project/BlueArchive/Content/Character/Model/Animator/CH0184/CH0184.uasset" 4469
"/Game/Character/Model/Animator/CH0184/CH0184_GymProp02" 4470
"/Game/Character/Model/Animator/CH0184/CH0184_GymProp03" 4471
"/Game/Character/Model/Animator/CH0184/CH0184_Hair1" 4472
"/Game/Character/Model/Animator/CH0184/CH0184_Halo" 4473
"/Game/Character/Model/Animator/CH0184/CH0184_PhysicsAsset" 4474
"/Game/Character/Model/Animator/CH0184/CH0184_Weapon" 4475
"/Game/Character/Model/Animator/CH0193/CH0193" 4476
"/Game/Character/Model/Animator/CH0238/CH0238_Hair1" 4477
"E:/Unreal_Project/BlueArchive/Content/Character/Model/Animator/CH0238/CH0238_Prop.uasset" 4478
"E:/Unreal_Project/BlueArchive/Content/Character/Model/Animator/CH0238/CH0238_Face.uasset" 4479
"E:/Unreal_Project/BlueArchive/Content/Character/Model/Animator/CH0238/CH0238_Body.uasset" 4480
"E:/Unreal_Project/BlueArchive/Content/Character/Model/Animator/CH0238/CH0238_Skeleton.uasset" 4481
"E:/Unreal_Project/BlueArchive/Content/Character/Model/Animator/CH0238/CH0238_EyeMouth1.uasset" 4482
"E:/Unreal_Project/BlueArchive/Content/Character/Model/Animator/CH0209/CH0209_Weapon.uasset" 4483
"E:/Unreal_Project/BlueArchive/Content/Character/Model/Animator/CH0238/CH0238_Eyebrow.uasset" 4484
"E:/Unreal_Project/BlueArchive/Content/Character/Model/Animator/CH0238/CH0238_Body1.uasset" 4485
"E:/Unreal_Project/BlueArchive/Content/Character/Model/Animator/CH0238/CH0238_Camera.uasset" 4486
"E:/Unreal_Project/BlueArchive/Content/Character/Model/Animator/CH0238/CH0238.uasset" 4487
"E:/Unreal_Project/BlueArchive/Content/Character/Model/Animator/CH0238/CH0238_EyeMouth.uasset" 4488
"E:/Unreal_Project/BlueArchive/Content/Character/Model/Animator/CH0209/CH0209_Tapwater.uasset" 4489
"E:/Unreal_Project/BlueArchive/Content/Character/Model/Animator/CH0209/CH0209_Tapwater01.uasset" 4490
"E:/Unreal_Project/BlueArchive/Content/Character/Model/Animator/CH0209/CH0209_Weapon1.uasset" 4491
"E:/Unreal_Project/BlueArchive/Content/Character/Model/Animator/CH0209/CH0209_Tapwater02.uasset" 4492
"/Game/Character/Model/Animator/CH0238/CH0238_Halo1" 4493
"/Game/Character/Model/Animator/CH0238/CH0238_PhysicsAsset" 4494
"/Game/Character/Model/Animator/CH0238/CH0238_Weapon1" 4495
"/Game/Character/Model/Animator/CH0184/CH0184" 4496
"/Game/Character/Model/Animator/CH0238/CH0238_Face1" 4497
"E:/Unreal_Project/BlueArchive/Content/Character/Model/Animator/CH0209/CH0209_Hair.uasset" 4498
"E:/Unreal_Project/BlueArchive/Content/Character/Model/Animator/CH0209/CH0209_PhysicsAsset.uasset" 4499
"E:/Unreal_Project/BlueArchive/Content/Character/Model/Animator/CH0209/CH0209_Hair1.uasset" 4500
"E:/Unreal_Project/BlueArchive/Content/Character/Model/Animator/CH0209/CH0209.uasset" 4501
"E:/Unreal_Project/BlueArchive/Content/Character/Model/Animator/CH0209/CH0209_Haniwa.uasset" 4502
"E:/Unreal_Project/BlueArchive/Content/Character/Model/Animator/CH0209/CH0209_Eyebrow.uasset" 4503
"E:/Unreal_Project/BlueArchive/Content/Character/Model/Animator/CH0209/CH0209_Skeleton.uasset" 4504
"E:/Unreal_Project/BlueArchive/Content/Character/Model/Animator/CH0209/CH0209_EyeMouth.uasset" 4505
"E:/Unreal_Project/BlueArchive/Content/Character/Model/Animator/CH0209/CH0209_Body_Alpha.uasset" 4506
"E:/Unreal_Project/BlueArchive/Content/Character/Model/Animator/CH0209/CH0209_EyeMouth1.uasset" 4507
"E:/Unreal_Project/BlueArchive/Content/Character/Model/Animator/CH0209/CH0209_Body1.uasset" 4508
"E:/Unreal_Project/BlueArchive/Content/Character/Model/Animator/CH0209/CH0209_Haniwa1.uasset" 4509
"E:/Unreal_Project/BlueArchive/Content/Character/Model/Animator/CH0209/CH0209_Body.uasset" 4510
"E:/Unreal_Project/BlueArchive/Content/Character/Model/Animator/CH0294/CH0294_Weapon.uasset" 4511
"E:/Unreal_Project/BlueArchive/Content/Character/Model/Animator/CH0209/CH0209_Face.uasset" 4512
"E:/Unreal_Project/BlueArchive/Content/Character/Model/Animator/CH0209/CH0209_Face1.uasset" 4513
"/Game/Character/Model/Animator/CH0209/CH0209_Tapwater01" 4514
"/Game/Character/Model/Animator/CH0209/CH0209_Tapwater02" 4515
"/Game/Character/Model/Animator/CH0209/CH0209_Weapon1" 4516
"/Game/Character/Model/Animator/CH0238/CH0238" 4517
"/Game/Character/Model/Animator/CH0294/CH0294_Weapon" 4518
"E:/Unreal_Project/BlueArchive/Content/Character/Model/Animator/CH0294/CH0294_PhysicsAsset.uasset" 4519
"E:/Unreal_Project/BlueArchive/Content/Character/Model/Animator/CH0294/CH0294_Halo.uasset" 4520
"E:/Unreal_Project/BlueArchive/Content/Character/Model/Animator/CH0294/CH0294_Prop.uasset" 4521
"E:/Unreal_Project/BlueArchive/Content/Character/Model/Animator/CH0294/CH0294_Prop1.uasset" 4522
"E:/Unreal_Project/BlueArchive/Content/Character/Model/Animator/CH0294/CH0294_Weapon1.uasset" 4523
"E:/Unreal_Project/BlueArchive/Content/Character/Model/Animator/CH0294/CH0294_EyeMouth1.uasset" 4524
"/Game/Character/Model/Animator/CH0209/CH0209" 4525
"E:/Unreal_Project/BlueArchive/Content/Character/Model/Animator/CH0294/CH0294_Eyebrow.uasset" 4526
"E:/Unreal_Project/BlueArchive/Content/Character/Model/Animator/CH0294/CH0294_Hair1.uasset" 4527
"E:/Unreal_Project/BlueArchive/Content/Character/Model/Animator/CH0294/CH0294_Skeleton.uasset" 4528
"E:/Unreal_Project/BlueArchive/Content/Character/Model/Animator/CH0294/CH0294_Body1.uasset" 4529
"E:/Unreal_Project/BlueArchive/Content/Character/Model/Animator/CH0294/CH0294_Body.uasset" 4530
"E:/Unreal_Project/BlueArchive/Content/Character/Model/Animator/CH0294/CH0294_EyeMouth.uasset" 4531
"E:/Unreal_Project/BlueArchive/Content/Character/Model/Animator/CH0294/CH0294_Face.uasset" 4532
"E:/Unreal_Project/BlueArchive/Content/Character/Model/Animator/CH0294/CH0294_Hair.uasset" 4533
"E:/Unreal_Project/BlueArchive/Content/Character/Model/Animator/CH0294/CH0294_Face1.uasset" 4534
"E:/Unreal_Project/BlueArchive/Content/Character/Model/Animator/CH0294/CH0294_Halo1.uasset" 4535
"/Game/Character/Model/Animator/CH0294/CH0294_Skeleton" 4536
"E:/Unreal_Project/BlueArchive/Content/Character/Model/Animator/CH0294/CH0294.uasset" 4537
"E:/Unreal_Project/BlueArchive/Content/Character/Model/Animator/CH0293/CH0293CH0293_Formation_Pickup.uasset" 4538
"E:/Unreal_Project/BlueArchive/Content/Character/Model/Animator/CH0258_01/CH0258_01CH0258_01_Formation_Idle.uasset" 4539
"E:/Unreal_Project/BlueArchive/Content/Character/Model/Animator/CH0293/ABP_293.uasset" 4540
"E:/Unreal_Project/BlueArchive/Content/Character/Model/Animator/CH0293/CH0293CH0293_Formation_Idle.uasset" 4541
"E:/Unreal_Project/BlueArchive/Content/Character/Model/Animator/CH0295/ABP_295.uasset" 4542
"E:/Unreal_Project/BlueArchive/Content/Character/Model/Animator/CH0295/CH0295CH0295_Formation_Pickup.uasset" 4543
"E:/Unreal_Project/BlueArchive/Content/Character/Model/Animator/CH0242/CH0242CH0242_Formation_Pickup.uasset" 4544
"E:/Unreal_Project/BlueArchive/Content/Character/Model/Animator/CH0243/ABP_243.uasset" 4545
"E:/Unreal_Project/BlueArchive/Content/Character/Model/Animator/CH0243/CH0243CH0243_Formation_Idle.uasset" 4546
"E:/Unreal_Project/BlueArchive/Content/Character/Model/Animator/CH0295/CH0295CH0295_Formation_Idle.uasset" 4547
"/Game/Character/Model/Animator/CH0294/CH0294_Body1" 4548
"E:/Unreal_Project/BlueArchive/Content/Character/Model/Animator/CH0242/CH0242CH0242_Formation_Idle.uasset" 4549
"E:/Unreal_Project/BlueArchive/Content/Character/Model/Animator/CH0258_01/CH0258_01CH0258_01_Formation_Pickup.uasset" 4550
"E:/Unreal_Project/BlueArchive/Content/Character/Model/Animator/CH0258_01/ABP_258.uasset" 4551
"E:/Unreal_Project/BlueArchive/Content/Character/Model/Animator/CH0242/ABP_242.uasset" 4552
"E:/Unreal_Project/BlueArchive/Content/Character/Model/Animator/CH0243/CH0243CH0243_Formation_Pickup.uasset" 4553
"/Game/Character/Model/Animator/CH0294/CH0294_Eyebrow" 4554
"/Game/Character/Model/Animator/CH0294/CH0294_EyeMouth1" 4555
"/Game/Character/Model/Animator/CH0294/CH0294_Face1" 4556
"/Game/Character/Model/Animator/CH0294/CH0294_Hair1" 4557
"/Game/Character/Model/Animator/CH0294/CH0294_Halo1" 4558
"/Game/Character/Model/Animator/CH0294/CH0294_PhysicsAsset" 4559
"/Game/Character/Model/Animator/CH0294/CH0294_Prop1" 4560
"/Game/Character/Model/Animator/CH0294/CH0294_Weapon1" 4561
"/Game/Character/Model/Animator/CH0242/ABP_242" 4562
"E:/Unreal_Project/BlueArchive/Content/Character/Model/Animator/CH0240/CH0240CH0240_Formation_Pickup.uasset" 4563
"E:/Unreal_Project/BlueArchive/Content/Character/Model/Animator/CH0240/ABP_240.uasset" 4564
"E:/Unreal_Project/BlueArchive/Content/Character/Model/Animator/CH0233/CH0233CH0233_Formation_Idle.uasset" 4565
"E:/Unreal_Project/BlueArchive/Content/Character/Model/Animator/CH0233/CH0233CH0233_Formation_Pickup.uasset" 4566
"E:/Unreal_Project/BlueArchive/Content/Character/Model/Animator/CH0218/CH0218CH0218_Formation_Idle.uasset" 4567
"E:/Unreal_Project/BlueArchive/Content/Character/Model/Animator/CH0218/ABP_218.uasset" 4568
"E:/Unreal_Project/BlueArchive/Content/Character/Model/Animator/CH0233/ABP_233.uasset" 4569
"E:/Unreal_Project/BlueArchive/Content/Character/Model/Animator/CH0240/CH0240CH0240_Formation_Idle.uasset" 4570
"E:/Unreal_Project/BlueArchive/Content/Character/Model/Animator/CH0218/CH0218CH0218_Cafe_Walk.uasset" 4571
"E:/Unreal_Project/BlueArchive/Content/Character/Model/Animator/CH0217/ABP_217.uasset" 4572
"E:/Unreal_Project/BlueArchive/Content/Character/Model/Animator/CH0215/CH0215CH0215_Formation_Pickup.uasset" 4573
"E:/Unreal_Project/BlueArchive/Content/Character/Model/Animator/CH0217/CH0217CH0217_Formation_Pickup.uasset" 4574
"E:/Unreal_Project/BlueArchive/Content/Character/Model/Animator/CH0217/CH0217CH0217_Formation_Idle.uasset" 4575
"E:/Unreal_Project/BlueArchive/Content/Character/Model/Animator/CH0215/CH0215CH0215_Formation_Idle.uasset" 4576
"E:/Unreal_Project/BlueArchive/Content/Character/Model/Animator/CH0215/ABP_215.uasset" 4577
"E:/Unreal_Project/BlueArchive/Content/Character/Model/Animator/CH0205/CH0205CH0205_Formation_Pickup.uasset" 4578
"/Game/Character/Model/Animator/CH0243/ABP_243" 4579
"/Game/Character/Model/Animator/CH0258_01/ABP_258" 4580
"/Game/Character/Model/Animator/CH0293/ABP_293" 4581
"/Game/Character/Model/Animator/CH0295/ABP_295" 4582
"/Game/Character/Model/Animator/CH0294/CH0294" 4583
"E:/Unreal_Project/BlueArchive/Content/Character/Model/Animator/CH0205/CH0205CH0205_Formation_Idle.uasset" 4584
"/Game/Character/Model/Animator/CH0205/CH0205CH0205_Formation_Pickup" 4585
"E:/Unreal_Project/BlueArchive/Content/Character/Model/Animator/CH0201/CH0201CH0201_Formation_Pickup.uasset" 4586
"E:/Unreal_Project/BlueArchive/Content/Character/Model/Animator/CH0205/ABP_205.uasset" 4587
"E:/Unreal_Project/BlueArchive/Content/Character/Model/Animator/CH0139/CH0139CH0139_Formation_Idle.uasset" 4588
"E:/Unreal_Project/BlueArchive/Content/Character/Model/Animator/CH0201/CH0201CH0201_Formation_Idle.uasset" 4589
"E:/Unreal_Project/BlueArchive/Content/Character/Model/Animator/CH0201/ABP_201.uasset" 4590
"E:/Unreal_Project/BlueArchive/Content/Character/Model/Animator/CH0185/ABP_185.uasset" 4591
"E:/Unreal_Project/BlueArchive/Content/Character/Model/Animator/CH0203/CH0203CH0203_ST_Formation_Idle.uasset" 4592
"E:/Unreal_Project/BlueArchive/Content/Character/Model/Animator/CH0138/CH0138CH0138_Formation_Pickup.uasset" 4593
"E:/Unreal_Project/BlueArchive/Content/Character/Model/Animator/CH0185/CH0185CH0185_Formation_Idle.uasset" 4594
"E:/Unreal_Project/BlueArchive/Content/Character/Model/Animator/CH0203/ABP_203.uasset" 4595
"E:/Unreal_Project/BlueArchive/Content/Character/Model/Animator/CH0185/CH0185CH0185_Formation_Pickup.uasset" 4596
"E:/Unreal_Project/BlueArchive/Content/Character/Model/Animator/CH0203/CH0203CH0203_ST_Formation.uasset" 4597
"E:/Unreal_Project/BlueArchive/Content/Character/Model/Animator/CH0139/CH0139CH0139_Tactical_Start_Random.uasset" 4598
"E:/Unreal_Project/BlueArchive/Content/Character/Model/Animator/CH0138/CH0138CH0138_Formation_Idle.uasset" 4599
"E:/Unreal_Project/BlueArchive/Content/Character/Model/Animator/CH0139/ABP_139.uasset" 4600
"/Game/Character/Model/Animator/CH0215/ABP_215" 4601
"/Game/Character/Model/Animator/CH0217/ABP_217" 4602
"/Game/Character/Model/Animator/CH0218/ABP_218" 4603
"/Game/Character/Model/Animator/CH0233/ABP_233" 4604
"/Game/Character/Model/Animator/CH0240/ABP_240" 4605
"/Game/Character/Model/Animator/CH0138/CH0138CH0138_Formation_Idle" 4606
"E:/Unreal_Project/BlueArchive/Content/Character/Model/Animator/CH0292/CH0292CH0292_Formation_Pickup.uasset" 4607
"E:/Unreal_Project/BlueArchive/Content/Character/Model/Animator/CH0292/CH0292CH0292_Formation_Idle.uasset" 4608
"E:/Unreal_Project/BlueArchive/Content/Character/Model/Animator/CH0138/ABP_138.uasset" 4609
"E:/Unreal_Project/BlueArchive/Content/Character/Model/Animator/CH0209/CH0209CH0209_Formation_Idle.uasset" 4610
"E:/Unreal_Project/BlueArchive/Content/Character/Model/Animator/CH0193/CH0193CH0193_Formation_Idle.uasset" 4611
"E:/Unreal_Project/BlueArchive/Content/Character/Model/Animator/CH0184/CH0184CH0184_Formation_Pickup.uasset" 4612
"E:/Unreal_Project/BlueArchive/Content/Character/Model/Animator/CH0193/CH0193CH0193_Cafe_Idle.uasset" 4613
"E:/Unreal_Project/BlueArchive/Content/Character/Model/Animator/CH0184/ABP_184.uasset" 4614
"E:/Unreal_Project/BlueArchive/Content/Character/Model/Animator/CH0292/ABP_292.uasset" 4615
"E:/Unreal_Project/BlueArchive/Content/Character/Model/Animator/CH0184/CH0184CH0184_Formation_Idle.uasset" 4616
"E:/Unreal_Project/BlueArchive/Content/Character/Model/Animator/CH0209/CH0209CH0209_Formation_Pickup.uasset" 4617
"E:/Unreal_Project/BlueArchive/Content/Character/Model/Animator/CH0238/CH0238CH0238_Formation_Idle.uasset" 4618
"E:/Unreal_Project/BlueArchive/Content/Character/Model/Animator/CH0209/ABP_209.uasset" 4619
"E:/Unreal_Project/BlueArchive/Content/Character/Model/Animator/CH0238/CH0238CH0238_Formation_Pickup.uasset" 4620
"E:/Unreal_Project/BlueArchive/Content/Character/Model/Animator/CH0193/ABP_193.uasset" 4621
"E:/Unreal_Project/BlueArchive/Content/Character/Model/Animator/CH0238/ABP_238.uasset" 4622
"/Game/Character/Model/Animator/CH0138/CH0138CH0138_Formation_Pickup" 4623
"/Game/Character/Model/Animator/CH0139/ABP_139" 4624
"/Game/Character/Model/Animator/CH0185/ABP_185" 4625
"/Game/Character/Model/Animator/CH0201/ABP_201" 4626
"/Game/Character/Model/Animator/CH0203/ABP_203" 4627
"/Game/Character/Model/Animator/CH0205/ABP_205" 4628
"/Game/Character/Model/Animator/CH0209/ABP_209" 4629
"E:/Unreal_Project/BlueArchive/Content/Data/DT_Character.uasset" 4630
"E:/Unreal_Project/BlueArchive/Content/Character/Model/Animator/CH0294/CH0294CH0294_Formation_Pickup.uasset" 4631
"E:/Unreal_Project/BlueArchive/Content/BGM/????????_Blue_Archive_OST_14_Step_by_Step.uasset" 4632
"../../../Engine/Plugins/Interchange/Assets/Content/Functions/MX_OpenPBR_Opaque.uasset" 4633
"E:/Unreal_Project/BlueArchive/Content/Character/Model/Animator/CH0294/CH0294CH0294_Formation_Idle.uasset" 4634
"E:/Unreal_Project/BlueArchive/Content/Character/Model/Animator/CH0294/ABP_294.uasset" 4635
"E:/Unreal_Project/BlueArchive/Content/BP/Game/BP_GameInstance.uasset" 4636
"E:/Unreal_Project/BlueArchive/Content/Data/DA_GameData.uasset" 4637
"/Game/Character/Model/Animator/CH0238/ABP_238" 4638
"/Game/Character/Model/Animator/CH0184/ABP_184" 4639
"/Game/Character/Model/Animator/CH0193/ABP_193" 4640
"/Game/Character/Model/Animator/CH0292/ABP_292" 4641
"/Game/Character/Model/Animator/CH0138/ABP_138" 4642
"/InterchangeAssets/Functions/MX_OpenPBR_Opaque" 4643
"E:/Unreal_Project/BlueArchive/Content/Map1.umap" 4644
"E:/Unreal_Project/BlueArchive/Content/BP/Game/BP_GameMode.uasset" 4645
"../../../Engine/Plugins/Animation/ControlRig/Content/Controls/ControlRig_Sphere_solid.uasset" 4646
"../../../Engine/Plugins/Animation/ControlRig/Content/Controls/ControlRig_Arrow2_3mm.uasset" 4647
"../../../Engine/Plugins/Animation/ControlRig/Content/Controls/ControlRig_Circle_3mm.uasset" 4648
"../../../Engine/Plugins/Animation/ControlRig/Content/Controls/ControlRig_Arrow2_1mm.uasset" 4649
"../../../Engine/Plugins/Animation/ControlRig/Content/Controls/ControlRig_Circle_1mm.uasset" 4650
"../../../Engine/Plugins/Animation/ControlRig/Content/Controls/ControlRig_Box_3mm.uasset" 4651
"../../../Engine/Plugins/Animation/ControlRig/Content/Controls/ControlRig_Circle_solid.uasset" 4652
"../../../Engine/Plugins/Animation/ControlRig/Content/Controls/ControlRig_Box_1mm.uasset" 4653
"../../../Engine/Plugins/Animation/ControlRig/Content/Controls/ControlRig_Arrow4_solid.uasset" 4654
"../../../Engine/Plugins/Animation/ControlRig/Content/Controls/ControlRig_Diamond_3mm.uasset" 4655
"../../../Engine/Plugins/Animation/ControlRig/Content/Controls/ControlRig_Arrow_1mm.uasset" 4656
"../../../Engine/Plugins/Animation/ControlRig/Content/Controls/ControlRig_Arrow4_1mm.uasset" 4657
"../../../Engine/Plugins/Animation/ControlRig/Content/Controls/ControlRig_Arrow_solid.uasset" 4658
"../../../Engine/Plugins/Animation/ControlRig/Content/Controls/ControlRig_Arrow4_3mm.uasset" 4659
"../../../Engine/Plugins/Animation/ControlRig/Content/Controls/ControlRig_Arrow_3mm.uasset" 4660
"../../../Engine/Plugins/Animation/ControlRig/Content/Controls/ControlRig_HalfCircle_1mm.uasset" 4661
"../../../Engine/Plugins/Animation/ControlRig/Content/Controls/ControlRig_HalfCircle_solid.uasset" 4662
"../../../Engine/Plugins/Animation/ControlRig/Content/Controls/ControlRig_Arrow2_solid.uasset" 4663
"../../../Engine/Plugins/Animation/ControlRig/Content/Controls/ControlRig_Diamond_1mm.uasset" 4664
"../../../Engine/Plugins/Animation/ControlRig/Content/Controls/ControlRig_HalfCircle_3mm.uasset" 4665
"../../../Engine/Plugins/Animation/ControlRig/Content/Controls/ControlRig_Box_solid.uasset" 4666
"../../../Engine/Plugins/Animation/ControlRig/Content/Controls/ControlRig_Diamond_solid.uasset" 4667
"/Game/BP/Game/BP_GameInstance" 4668
"/Game/Character/Model/Animator/CH0294/ABP_294" 4669
"/ControlRig/Controls/ControlRig_Circle_1mm" 4670
"/ControlRig/Controls/ControlRig_Box_solid" 4671
"/ControlRig/Controls/ControlRig_Box_3mm" 4672
"/ControlRig/Controls/ControlRig_Box_1mm" 4673
"/ControlRig/Controls/ControlRig_Arrow_solid" 4674
"/ControlRig/Controls/ControlRig_Arrow_3mm" 4675
"/ControlRig/Controls/ControlRig_Arrow_1mm" 4676
"/ControlRig/Controls/ControlRig_Arrow4_solid" 4677
"/ControlRig/Controls/ControlRig_Arrow4_3mm" 4678
"/ControlRig/Controls/ControlRig_Arrow4_1mm" 4679
"/ControlRig/Controls/ControlRig_HalfCircle_solid" 4680
"/ControlRig/Controls/ControlRig_Arrow2_solid" 4681
"/ControlRig/Controls/ControlRig_Arrow2_3mm" 4682
"/ControlRig/Controls/ControlRig_HalfCircle_3mm" 4683
"/ControlRig/Controls/ControlRig_HalfCircle_1mm" 4684
"/ControlRig/Controls/ControlRig_Diamond_solid" 4685
"/ControlRig/Controls/ControlRig_Diamond_3mm" 4686
"/ControlRig/Controls/ControlRig_Diamond_1mm" 4687
"/ControlRig/Controls/ControlRig_Circle_solid" 4688
"/ControlRig/Controls/ControlRig_Circle_3mm" 4689
"/ControlRig/Controls/ControlRig_Arrow2_1mm" 4690
"/ControlRig/Controls/ControlRig_Sphere_solid" 4691
"/Game/Map1" 4692
"../../../../Unreal_Project/BlueArchive/Content/Map1.umap" 4693
"../../../Engine/Plugins/Animation/ControlRig/Content/Controls/ControlRig_Hexagon_1mm.uasset" 4694
"../../../Engine/Plugins/Animation/ControlRig/Content/Controls/ControlRig_Hexagon_solid.uasset" 4695
"../../../Engine/Plugins/Animation/ControlRig/Content/Controls/ControlRig_Octagon_1mm.uasset" 4696
"../../../Engine/Plugins/Animation/ControlRig/Content/Controls/ControlRig_Pyramid_1mm.uasset" 4697
"../../../Engine/Plugins/Animation/ControlRig/Content/Controls/ControlRig_Hexagon_3mm.uasset" 4698
"../../../Engine/Plugins/Animation/ControlRig/Content/Controls/ControlRig_Octagon_solid.uasset" 4699
"../../../Engine/Plugins/Animation/ControlRig/Content/Controls/ControlRig_QuarterCircle_1mm.uasset" 4700
"../../../Engine/Plugins/Animation/ControlRig/Content/Controls/ControlRig_RoundedTriangle_3mm.uasset" 4701
"../../../Engine/Plugins/Animation/ControlRig/Content/Controls/ControlRig_RoundedSquare_1mm.uasset" 4702
"../../../Engine/Plugins/Animation/ControlRig/Content/Controls/ControlRig_Pyramid_solid.uasset" 4703
"../../../Engine/Plugins/Animation/ControlRig/Content/Controls/ControlRig_QuarterCircle_3mm.uasset" 4704
"../../../Engine/Plugins/Animation/ControlRig/Content/Controls/ControlRig_Square_1mm.uasset" 4705
"../../../Engine/Plugins/Animation/ControlRig/Content/Controls/ControlRig_Sphere_3mm.uasset" 4706
"../../../Engine/Plugins/Animation/ControlRig/Content/Controls/ControlRig_RoundedTriangle_solid.uasset" 4707
"../../../Engine/Plugins/Animation/ControlRig/Content/Controls/ControlRig_Star4_1mm.uasset" 4708
"../../../Engine/Plugins/Animation/ControlRig/Content/Controls/ControlRig_RoundedTriangle_1mm.uasset" 4709
"../../../Engine/Plugins/Animation/ControlRig/Content/Controls/ControlRig_Star4_3mm.uasset" 4710
"../../../Engine/Plugins/Animation/ControlRig/Content/Controls/ControlRig_RoundedSquare_3mm.uasset" 4711
"../../../Engine/Plugins/Animation/ControlRig/Content/Controls/ControlRig_Triangle_1mm.uasset" 4712
"../../../Engine/Plugins/Animation/ControlRig/Content/Controls/ControlRig_Triangle_3mm.uasset" 4713
"../../../Engine/Plugins/Animation/ControlRig/Content/Controls/ControlRig_QuarterCircle_solid.uasset" 4714
"../../../Engine/Plugins/Animation/ControlRig/Content/Controls/ControlRig_Sphere_1mm.uasset" 4715
"../../../Engine/Plugins/Animation/ControlRig/Content/Controls/ControlRig_Wedge_3mm.uasset" 4716
"../../../Engine/Plugins/Animation/ControlRig/Content/Controls/ControlRig_RoundedSquare_solid.uasset" 4717
"../../../Engine/Plugins/Animation/ControlRig/Content/Controls/ControlRig_Square_solid.uasset" 4718
"../../../Engine/Plugins/Animation/ControlRig/Content/Controls/ControlRig_Wedge_solid.uasset" 4719
"../../../Engine/Plugins/Animation/ControlRig/Content/Controls/ControlRig_Star4_solid.uasset" 4720
"../../../Engine/Plugins/Animation/ControlRig/Content/Controls/ControlRig_Pyramid_3mm.uasset" 4721
"../../../Engine/Plugins/Animation/ControlRig/Content/Controls/ControlRig_Wedge_1mm.uasset" 4722
"../../../Engine/Plugins/Animation/ControlRig/Content/Controls/ControlRig_Triangle_solid.uasset" 4723
"/Engine/EditorResources/EmptyActor" 4724
"../../../Engine/Plugins/Animation/ControlRig/Content/Controls/ControlRig_Square_3mm.uasset" 4725
"../../../Engine/Plugins/Animation/ControlRig/Content/Controls/ControlRig_Octagon_3mm.uasset" 4726
"../../../Engine/Content/EditorResources/EmptyActor.uasset" 4727
"/ControlRig/Controls/ControlRig_Star4_1mm" 4728
"/ControlRig/Controls/ControlRig_Square_solid" 4729
"/ControlRig/Controls/ControlRig_Square_3mm" 4730
"/ControlRig/Controls/ControlRig_Square_1mm" 4731
"/ControlRig/Controls/ControlRig_Sphere_3mm" 4732
"/ControlRig/Controls/ControlRig_Sphere_1mm" 4733
"/ControlRig/Controls/ControlRig_RoundedTriangle_solid" 4734
"/ControlRig/Controls/ControlRig_RoundedTriangle_3mm" 4735
"/ControlRig/Controls/ControlRig_RoundedTriangle_1mm" 4736
"/ControlRig/Controls/ControlRig_RoundedSquare_solid" 4737
"/ControlRig/Controls/ControlRig_RoundedSquare_3mm" 4738
"/ControlRig/Controls/ControlRig_RoundedSquare_1mm" 4739
"/ControlRig/Controls/ControlRig_QuarterCircle_solid" 4740
"/ControlRig/Controls/ControlRig_QuarterCircle_3mm" 4741
"/ControlRig/Controls/ControlRig_QuarterCircle_1mm" 4742
"/ControlRig/Controls/ControlRig_Pyramid_solid" 4743
"/ControlRig/Controls/ControlRig_Pyramid_3mm" 4744
"/ControlRig/Controls/ControlRig_Pyramid_1mm" 4745
"/ControlRig/Controls/ControlRig_Octagon_solid" 4746
"/ControlRig/Controls/ControlRig_Octagon_3mm" 4747
"/ControlRig/Controls/ControlRig_Octagon_1mm" 4748
"/ControlRig/Controls/ControlRig_Wedge_solid" 4749
"/ControlRig/Controls/ControlRig_Wedge_3mm" 4750
"/ControlRig/Controls/ControlRig_Wedge_1mm" 4751
"/ControlRig/Controls/ControlRig_Triangle_solid" 4752
"/ControlRig/Controls/ControlRig_Triangle_3mm" 4753
"/ControlRig/Controls/ControlRig_Hexagon_solid" 4754
"/ControlRig/Controls/ControlRig_Hexagon_3mm" 4755
"/ControlRig/Controls/ControlRig_Triangle_1mm" 4756
"/ControlRig/Controls/ControlRig_Star4_solid" 4757
"/ControlRig/Controls/ControlRig_Hexagon_1mm" 4758
"/ControlRig/Controls/ControlRig_Star4_3mm" 4759
"../../../Engine/Content/EditorMaterials/PreviewShadowIndicator.uasset" 4760
"../../../Engine/Content/EditorMaterials/PreviewShadowIndicatorMaterial.uasset" 4761
"../../../Engine/Content/EngineMaterials/Substrate/GLints/dict_16_192_64_0p5_0p02_0063_0013.uasset" 4762
"../../../Engine/Content/EngineMaterials/Substrate/GLints/dict_16_192_64_0p5_0p02_0063_0000.uasset" 4763
"../../../Engine/Content/EngineMaterials/Substrate/GLints/dict_16_192_64_0p5_0p02_0063_0005.uasset" 4764
"../../../Engine/Content/EngineMaterials/Substrate/GLints/dict_16_192_64_0p5_0p02_0062_0015.uasset" 4765
"../../../Engine/Content/EngineMaterials/Substrate/GLints/dict_16_192_64_0p5_0p02_0063_0012.uasset" 4766
"../../../Engine/Content/EngineMaterials/Substrate/GLints/dict_16_192_64_0p5_0p02_0063_0006.uasset" 4767
"../../../Engine/Content/EngineMaterials/Substrate/GLints/dict_16_192_64_0p5_0p02_0063_0009.uasset" 4768
"../../../Engine/Content/EngineMaterials/Substrate/GLints/dict_16_192_64_0p5_0p02_0063_0011.uasset" 4769
"../../../Engine/Content/EngineMaterials/Substrate/GLints/dict_16_192_64_0p5_0p02_0063_0015.uasset" 4770
"../../../Engine/Content/EngineMaterials/Substrate/GLints/dict_16_192_64_0p5_0p02_0062_0013.uasset" 4771
"../../../Engine/Content/EngineMaterials/Substrate/GLints/dict_16_192_64_0p5_0p02_0063_0010.uasset" 4772
"../../../Engine/Content/EngineMaterials/Substrate/GLints/dict_16_192_64_0p5_0p02_0063_0003.uasset" 4773
"../../../Engine/Content/EngineMaterials/Substrate/GLints/dict_16_192_64_0p5_0p02_0063_0014.uasset" 4774
"../../../Engine/Content/EngineMaterials/Substrate/GLints/dict_16_192_64_0p5_0p02_0062_0012.uasset" 4775
"../../../Engine/Content/EngineMaterials/Substrate/GLints/dict_16_192_64_0p5_0p02_0063_0004.uasset" 4776
"../../../Engine/Content/EngineMaterials/Substrate/GLints/dict_16_192_64_0p5_0p02_0063_0008.uasset" 4777
"../../../Engine/Content/EngineMaterials/Substrate/GLints/dict_16_192_64_0p5_0p02_0062_0011.uasset" 4778
"../../../Engine/Content/EngineMaterials/Substrate/GLints/dict_16_192_64_0p5_0p02_0062_0004.uasset" 4779
"../../../Engine/Content/EngineMaterials/Substrate/GLints/dict_16_192_64_0p5_0p02_0063_0002.uasset" 4780
"../../../Engine/Content/EngineMaterials/Substrate/GLints/dict_16_192_64_0p5_0p02_0062_0014.uasset" 4781
"../../../Engine/Content/EngineMaterials/Substrate/GLints/dict_16_192_64_0p5_0p02_0063_0007.uasset" 4782
"../../../Engine/Content/EngineMaterials/Substrate/GLints/dict_16_192_64_0p5_0p02_0063_0001.uasset" 4783
"../../../Engine/Content/EngineMaterials/Substrate/GLints/dict_16_192_64_0p5_0p02_0062_0010.uasset" 4784
"../../../Engine/Content/EngineMaterials/Substrate/GLints/dict_16_192_64_0p5_0p02_0062_0005.uasset" 4785
"../../../Engine/Content/EngineMaterials/Substrate/GLints/dict_16_192_64_0p5_0p02_0062_0009.uasset" 4786
"../../../Engine/Content/EngineMaterials/Substrate/GLints/dict_16_192_64_0p5_0p02_0062_0006.uasset" 4787
"../../../Engine/Content/EngineMaterials/Substrate/GLints/dict_16_192_64_0p5_0p02_0062_0007.uasset" 4788
"../../../Engine/Content/EngineMaterials/Substrate/GLints/dict_16_192_64_0p5_0p02_0062_0008.uasset" 4789
"../../../Engine/Content/EngineMaterials/Substrate/GLints/dict_16_192_64_0p5_0p02_0062_0003.uasset" 4790
"../../../Engine/Content/EngineMaterials/Substrate/GLints/dict_16_192_64_0p5_0p02_0062_0002.uasset" 4791
"/Engine/EngineMaterials/Substrate/GLints/dict_16_192_64_0p5_0p02_0062_0002" 4792
"/Engine/EngineMaterials/Substrate/GLints/dict_16_192_64_0p5_0p02_0062_0003" 4793
"/Engine/EngineMaterials/Substrate/GLints/dict_16_192_64_0p5_0p02_0062_0004" 4794
"/Engine/EngineMaterials/Substrate/GLints/dict_16_192_64_0p5_0p02_0062_0005" 4795
"/Engine/EngineMaterials/Substrate/GLints/dict_16_192_64_0p5_0p02_0062_0006" 4796
"/Engine/EngineMaterials/Substrate/GLints/dict_16_192_64_0p5_0p02_0062_0007" 4797
"/Engine/EngineMaterials/Substrate/GLints/dict_16_192_64_0p5_0p02_0062_0008" 4798
"/Engine/EngineMaterials/Substrate/GLints/dict_16_192_64_0p5_0p02_0062_0009" 4799
"/Engine/EngineMaterials/Substrate/GLints/dict_16_192_64_0p5_0p02_0062_0010" 4800
"/Engine/EngineMaterials/Substrate/GLints/dict_16_192_64_0p5_0p02_0062_0011" 4801
"/Engine/EngineMaterials/Substrate/GLints/dict_16_192_64_0p5_0p02_0062_0012" 4802
"/Engine/EngineMaterials/Substrate/GLints/dict_16_192_64_0p5_0p02_0062_0013" 4803
"/Engine/EngineMaterials/Substrate/GLints/dict_16_192_64_0p5_0p02_0062_0014" 4804
"/Engine/EngineMaterials/Substrate/GLints/dict_16_192_64_0p5_0p02_0062_0015" 4805
"/Engine/EngineMaterials/Substrate/GLints/dict_16_192_64_0p5_0p02_0063_0000" 4806
"/Engine/EngineMaterials/Substrate/GLints/dict_16_192_64_0p5_0p02_0063_0001" 4807
"/Engine/EngineMaterials/Substrate/GLints/dict_16_192_64_0p5_0p02_0063_0002" 4808
"/Engine/EngineMaterials/Substrate/GLints/dict_16_192_64_0p5_0p02_0063_0003" 4809
"/Engine/EngineMaterials/Substrate/GLints/dict_16_192_64_0p5_0p02_0063_0004" 4810
"/Engine/EngineMaterials/Substrate/GLints/dict_16_192_64_0p5_0p02_0063_0005" 4811
"/Engine/EngineMaterials/Substrate/GLints/dict_16_192_64_0p5_0p02_0063_0006" 4812
"/Engine/EngineMaterials/Substrate/GLints/dict_16_192_64_0p5_0p02_0063_0007" 4813
"/Engine/EngineMaterials/Substrate/GLints/dict_16_192_64_0p5_0p02_0063_0008" 4814
"/Engine/EngineMaterials/Substrate/GLints/dict_16_192_64_0p5_0p02_0063_0009" 4815
"/Engine/EngineMaterials/Substrate/GLints/dict_16_192_64_0p5_0p02_0063_0010" 4816
"/Engine/EngineMaterials/Substrate/GLints/dict_16_192_64_0p5_0p02_0063_0011" 4817
"/Engine/EngineMaterials/Substrate/GLints/dict_16_192_64_0p5_0p02_0063_0012" 4818
"/Engine/EngineMaterials/Substrate/GLints/dict_16_192_64_0p5_0p02_0063_0013" 4819
"/Engine/EngineMaterials/Substrate/GLints/dict_16_192_64_0p5_0p02_0063_0014" 4820
"/Engine/EngineMaterials/Substrate/GLints/dict_16_192_64_0p5_0p02_0063_0015" 4821
"/Engine/EditorMaterials/PreviewShadowIndicatorMaterial" 4822
"../../../Engine/Content/EngineMaterials/Substrate/GLints/dict_16_192_64_0p5_0p02_0061_0012.uasset" 4823
"../../../Engine/Content/EngineMaterials/Substrate/GLints/dict_16_192_64_0p5_0p02_0061_0008.uasset" 4824
"../../../Engine/Content/EngineMaterials/Substrate/GLints/dict_16_192_64_0p5_0p02_0061_0011.uasset" 4825
"../../../Engine/Content/EngineMaterials/Substrate/GLints/dict_16_192_64_0p5_0p02_0061_0000.uasset" 4826
"../../../Engine/Content/EngineMaterials/Substrate/GLints/dict_16_192_64_0p5_0p02_0061_0003.uasset" 4827
"../../../Engine/Content/EngineMaterials/Substrate/GLints/dict_16_192_64_0p5_0p02_0060_0015.uasset" 4828
"../../../Engine/Content/EngineMaterials/Substrate/GLints/dict_16_192_64_0p5_0p02_0061_0002.uasset" 4829
"../../../Engine/Content/EngineMaterials/Substrate/GLints/dict_16_192_64_0p5_0p02_0061_0007.uasset" 4830
"../../../Engine/Content/EngineMaterials/Substrate/GLints/dict_16_192_64_0p5_0p02_0060_0010.uasset" 4831
"../../../Engine/Content/EngineMaterials/Substrate/GLints/dict_16_192_64_0p5_0p02_0062_0000.uasset" 4832
"../../../Engine/Content/EngineMaterials/Substrate/GLints/dict_16_192_64_0p5_0p02_0061_0014.uasset" 4833
"../../../Engine/Content/EngineMaterials/Substrate/GLints/dict_16_192_64_0p5_0p02_0061_0004.uasset" 4834
"../../../Engine/Content/EngineMaterials/Substrate/GLints/dict_16_192_64_0p5_0p02_0060_0009.uasset" 4835
"../../../Engine/Content/EngineMaterials/Substrate/GLints/dict_16_192_64_0p5_0p02_0061_0010.uasset" 4836
"../../../Engine/Content/EngineMaterials/Substrate/GLints/dict_16_192_64_0p5_0p02_0061_0013.uasset" 4837
"../../../Engine/Content/EngineMaterials/Substrate/GLints/dict_16_192_64_0p5_0p02_0062_0001.uasset" 4838
"../../../Engine/Content/EngineMaterials/Substrate/GLints/dict_16_192_64_0p5_0p02_0060_0004.uasset" 4839
"../../../Engine/Content/EngineMaterials/Substrate/GLints/dict_16_192_64_0p5_0p02_0061_0009.uasset" 4840
"../../../Engine/Content/EngineMaterials/Substrate/GLints/dict_16_192_64_0p5_0p02_0061_0005.uasset" 4841
"../../../Engine/Content/EngineMaterials/Substrate/GLints/dict_16_192_64_0p5_0p02_0060_0013.uasset" 4842
"../../../Engine/Content/EngineMaterials/Substrate/GLints/dict_16_192_64_0p5_0p02_0060_0014.uasset" 4843
"../../../Engine/Content/EngineMaterials/Substrate/GLints/dict_16_192_64_0p5_0p02_0060_0008.uasset" 4844
"../../../Engine/Content/EngineMaterials/Substrate/GLints/dict_16_192_64_0p5_0p02_0060_0012.uasset" 4845
"../../../Engine/Content/EngineMaterials/Substrate/GLints/dict_16_192_64_0p5_0p02_0061_0006.uasset" 4846
"../../../Engine/Content/EngineMaterials/Substrate/GLints/dict_16_192_64_0p5_0p02_0061_0015.uasset" 4847
"../../../Engine/Content/EngineMaterials/Substrate/GLints/dict_16_192_64_0p5_0p02_0061_0001.uasset" 4848
"../../../Engine/Content/EngineMaterials/Substrate/GLints/dict_16_192_64_0p5_0p02_0060_0007.uasset" 4849
"../../../Engine/Content/EngineMaterials/Substrate/GLints/dict_16_192_64_0p5_0p02_0060_0006.uasset" 4850
"../../../Engine/Content/EngineMaterials/Substrate/GLints/dict_16_192_64_0p5_0p02_0060_0011.uasset" 4851
"../../../Engine/Content/EngineMaterials/Substrate/GLints/dict_16_192_64_0p5_0p02_0060_0002.uasset" 4852
"../../../Engine/Content/EngineMaterials/Substrate/GLints/dict_16_192_64_0p5_0p02_0060_0005.uasset" 4853
"../../../Engine/Content/EngineMaterials/Substrate/GLints/dict_16_192_64_0p5_0p02_0060_0003.uasset" 4854
"/Engine/EngineMaterials/Substrate/GLints/dict_16_192_64_0p5_0p02_0060_0002" 4855
"/Engine/EngineMaterials/Substrate/GLints/dict_16_192_64_0p5_0p02_0060_0003" 4856
"/Engine/EngineMaterials/Substrate/GLints/dict_16_192_64_0p5_0p02_0060_0004" 4857
"/Engine/EngineMaterials/Substrate/GLints/dict_16_192_64_0p5_0p02_0060_0005" 4858
"/Engine/EngineMaterials/Substrate/GLints/dict_16_192_64_0p5_0p02_0060_0006" 4859
"/Engine/EngineMaterials/Substrate/GLints/dict_16_192_64_0p5_0p02_0060_0007" 4860
"/Engine/EngineMaterials/Substrate/GLints/dict_16_192_64_0p5_0p02_0060_0008" 4861
"/Engine/EngineMaterials/Substrate/GLints/dict_16_192_64_0p5_0p02_0060_0009" 4862
"/Engine/EngineMaterials/Substrate/GLints/dict_16_192_64_0p5_0p02_0060_0010" 4863
"/Engine/EngineMaterials/Substrate/GLints/dict_16_192_64_0p5_0p02_0060_0011" 4864
"/Engine/EngineMaterials/Substrate/GLints/dict_16_192_64_0p5_0p02_0060_0012" 4865
"/Engine/EngineMaterials/Substrate/GLints/dict_16_192_64_0p5_0p02_0060_0013" 4866
"/Engine/EngineMaterials/Substrate/GLints/dict_16_192_64_0p5_0p02_0060_0014" 4867
"/Engine/EngineMaterials/Substrate/GLints/dict_16_192_64_0p5_0p02_0060_0015" 4868
"/Engine/EngineMaterials/Substrate/GLints/dict_16_192_64_0p5_0p02_0061_0000" 4869
"/Engine/EngineMaterials/Substrate/GLints/dict_16_192_64_0p5_0p02_0061_0001" 4870
"/Engine/EngineMaterials/Substrate/GLints/dict_16_192_64_0p5_0p02_0061_0002" 4871
"/Engine/EngineMaterials/Substrate/GLints/dict_16_192_64_0p5_0p02_0061_0003" 4872
"/Engine/EngineMaterials/Substrate/GLints/dict_16_192_64_0p5_0p02_0061_0004" 4873
"/Engine/EngineMaterials/Substrate/GLints/dict_16_192_64_0p5_0p02_0061_0005" 4874
"/Engine/EngineMaterials/Substrate/GLints/dict_16_192_64_0p5_0p02_0061_0006" 4875
"/Engine/EngineMaterials/Substrate/GLints/dict_16_192_64_0p5_0p02_0061_0007" 4876
"/Engine/EngineMaterials/Substrate/GLints/dict_16_192_64_0p5_0p02_0061_0008" 4877
"/Engine/EngineMaterials/Substrate/GLints/dict_16_192_64_0p5_0p02_0061_0009" 4878
"/Engine/EngineMaterials/Substrate/GLints/dict_16_192_64_0p5_0p02_0061_0010" 4879
"/Engine/EngineMaterials/Substrate/GLints/dict_16_192_64_0p5_0p02_0061_0011" 4880
"/Engine/EngineMaterials/Substrate/GLints/dict_16_192_64_0p5_0p02_0061_0012" 4881
"/Engine/EngineMaterials/Substrate/GLints/dict_16_192_64_0p5_0p02_0061_0013" 4882
"/Engine/EngineMaterials/Substrate/GLints/dict_16_192_64_0p5_0p02_0061_0014" 4883
"/Engine/EngineMaterials/Substrate/GLints/dict_16_192_64_0p5_0p02_0061_0015" 4884
"/Engine/EngineMaterials/Substrate/GLints/dict_16_192_64_0p5_0p02_0062_0000" 4885
"/Engine/EngineMaterials/Substrate/GLints/dict_16_192_64_0p5_0p02_0062_0001" 4886
"../../../Engine/Content/EngineMaterials/Substrate/GLints/dict_16_192_64_0p5_0p02_0060_0001.uasset" 4887
"../../../Engine/Content/EngineMaterials/Substrate/GLints/dict_16_192_64_0p5_0p02_0059_0010.uasset" 4888
"../../../Engine/Content/EngineMaterials/Substrate/GLints/dict_16_192_64_0p5_0p02_0059_0002.uasset" 4889
"../../../Engine/Content/EngineMaterials/Substrate/GLints/dict_16_192_64_0p5_0p02_0059_0012.uasset" 4890
"../../../Engine/Content/EngineMaterials/Substrate/GLints/dict_16_192_64_0p5_0p02_0059_0001.uasset" 4891
"../../../Engine/Content/EngineMaterials/Substrate/GLints/dict_16_192_64_0p5_0p02_0059_0000.uasset" 4892
"../../../Engine/Content/EngineMaterials/Substrate/GLints/dict_16_192_64_0p5_0p02_0059_0014.uasset" 4893
"../../../Engine/Content/EngineMaterials/Substrate/GLints/dict_16_192_64_0p5_0p02_0059_0003.uasset" 4894
"../../../Engine/Content/EngineMaterials/Substrate/GLints/dict_16_192_64_0p5_0p02_0059_0015.uasset" 4895
"../../../Engine/Content/EngineMaterials/Substrate/GLints/dict_16_192_64_0p5_0p02_0060_0000.uasset" 4896
"../../../Engine/Content/EngineMaterials/Substrate/GLints/dict_16_192_64_0p5_0p02_0059_0009.uasset" 4897
"../../../Engine/Content/EngineMaterials/Substrate/GLints/dict_16_192_64_0p5_0p02_0059_0008.uasset" 4898
"../../../Engine/Content/EngineMaterials/Substrate/GLints/dict_16_192_64_0p5_0p02_0059_0007.uasset" 4899
"../../../Engine/Content/EngineMaterials/Substrate/GLints/dict_16_192_64_0p5_0p02_0059_0004.uasset" 4900
"../../../Engine/Content/EngineMaterials/Substrate/GLints/dict_16_192_64_0p5_0p02_0059_0005.uasset" 4901
"../../../Engine/Content/EngineMaterials/Substrate/GLints/dict_16_192_64_0p5_0p02_0058_0004.uasset" 4902
"../../../Engine/Content/EngineMaterials/Substrate/GLints/dict_16_192_64_0p5_0p02_0058_0002.uasset" 4903
"../../../Engine/Content/EngineMaterials/Substrate/GLints/dict_16_192_64_0p5_0p02_0058_0015.uasset" 4904
"../../../Engine/Content/EngineMaterials/Substrate/GLints/dict_16_192_64_0p5_0p02_0059_0006.uasset" 4905
"../../../Engine/Content/EngineMaterials/Substrate/GLints/dict_16_192_64_0p5_0p02_0059_0013.uasset" 4906
"../../../Engine/Content/EngineMaterials/Substrate/GLints/dict_16_192_64_0p5_0p02_0058_0014.uasset" 4907
"../../../Engine/Content/EngineMaterials/Substrate/GLints/dict_16_192_64_0p5_0p02_0058_0011.uasset" 4908
"../../../Engine/Content/EngineMaterials/Substrate/GLints/dict_16_192_64_0p5_0p02_0059_0011.uasset" 4909
"../../../Engine/Content/EngineMaterials/Substrate/GLints/dict_16_192_64_0p5_0p02_0058_0009.uasset" 4910
"../../../Engine/Content/EngineMaterials/Substrate/GLints/dict_16_192_64_0p5_0p02_0058_0012.uasset" 4911
"../../../Engine/Content/EngineMaterials/Substrate/GLints/dict_16_192_64_0p5_0p02_0058_0013.uasset" 4912
"../../../Engine/Content/EngineMaterials/Substrate/GLints/dict_16_192_64_0p5_0p02_0058_0005.uasset" 4913
"../../../Engine/Content/EngineMaterials/Substrate/GLints/dict_16_192_64_0p5_0p02_0058_0006.uasset" 4914
"../../../Engine/Content/EngineMaterials/Substrate/GLints/dict_16_192_64_0p5_0p02_0058_0003.uasset" 4915
"../../../Engine/Content/EngineMaterials/Substrate/GLints/dict_16_192_64_0p5_0p02_0058_0010.uasset" 4916
"../../../Engine/Content/EngineMaterials/Substrate/GLints/dict_16_192_64_0p5_0p02_0058_0007.uasset" 4917
"../../../Engine/Content/EngineMaterials/Substrate/GLints/dict_16_192_64_0p5_0p02_0058_0008.uasset" 4918
"../../../Engine/Plugins/Animation/DeformerGraph/Shaders/Private/DataInterfaceCustomComputeKernel.ush" 4919
"../../../Engine/Plugins/Animation/DeformerGraph/Shaders/Private/DataInterfaceCloth.ush" 4920
"../../../Engine/Plugins/Animation/DeformerGraph/Shaders/Private/DataInterfaceSkinnedMeshRead.ush" 4921
"../../../Engine/Plugins/Animation/DeformerGraph/Shaders/Private/DataInterfaceSkeleton.ush" 4922
"../../../Engine/Plugins/Animation/DeformerGraph/Shaders/Private/DataInterfaceSkeletonCommon.ush" 4923
"../../../Engine/Plugins/Animation/DeformerGraph/Shaders/Private/DataInterfaceMorphTarget.ush" 4924
"../../../Engine/Plugins/Animation/DeformerGraph/Shaders/Private/DataInterfaceSkinnedMeshWrite.ush" 4925
"../../../Engine/Plugins/Animation/DeformerGraph/Shaders/Private/DataInterfaceRawBuffer.ush" 4926
"../../../Engine/Plugins/Runtime/ComputeFramework/Shaders/Private/BufferAlias.ush" 4927
"../../../Engine/Plugins/Animation/DeformerGraph/Shaders/Private/DataInterfaceSkinnedMesh.ush" 4928
"../../../Engine/Plugins/Animation/DeformerGraph/Shaders/Private/DataInterfaceHalfEdge.ush" 4929
"/Engine/EngineMaterials/Substrate/GLints/dict_16_192_64_0p5_0p02_0058_0002" 4930
"/Engine/EngineMaterials/Substrate/GLints/dict_16_192_64_0p5_0p02_0058_0003" 4931
"/Engine/EngineMaterials/Substrate/GLints/dict_16_192_64_0p5_0p02_0058_0004" 4932
"/Engine/EngineMaterials/Substrate/GLints/dict_16_192_64_0p5_0p02_0058_0005" 4933
"/Engine/EngineMaterials/Substrate/GLints/dict_16_192_64_0p5_0p02_0058_0006" 4934
"/Engine/EngineMaterials/Substrate/GLints/dict_16_192_64_0p5_0p02_0058_0007" 4935
"/Engine/EngineMaterials/Substrate/GLints/dict_16_192_64_0p5_0p02_0058_0008" 4936
"/Engine/EngineMaterials/Substrate/GLints/dict_16_192_64_0p5_0p02_0058_0009" 4937
"/Engine/EngineMaterials/Substrate/GLints/dict_16_192_64_0p5_0p02_0058_0010" 4938
"/Engine/EngineMaterials/Substrate/GLints/dict_16_192_64_0p5_0p02_0058_0011" 4939
"/Engine/EngineMaterials/Substrate/GLints/dict_16_192_64_0p5_0p02_0058_0012" 4940
"/Engine/EngineMaterials/Substrate/GLints/dict_16_192_64_0p5_0p02_0058_0013" 4941
"/Engine/EngineMaterials/Substrate/GLints/dict_16_192_64_0p5_0p02_0058_0014" 4942
"/Engine/EngineMaterials/Substrate/GLints/dict_16_192_64_0p5_0p02_0058_0015" 4943
"/Engine/EngineMaterials/Substrate/GLints/dict_16_192_64_0p5_0p02_0059_0000" 4944
"/Engine/EngineMaterials/Substrate/GLints/dict_16_192_64_0p5_0p02_0059_0001" 4945
"/Engine/EngineMaterials/Substrate/GLints/dict_16_192_64_0p5_0p02_0059_0002" 4946
"/Engine/EngineMaterials/Substrate/GLints/dict_16_192_64_0p5_0p02_0059_0003" 4947
"/Engine/EngineMaterials/Substrate/GLints/dict_16_192_64_0p5_0p02_0059_0004" 4948
"/Engine/EngineMaterials/Substrate/GLints/dict_16_192_64_0p5_0p02_0059_0005" 4949
"/Engine/EngineMaterials/Substrate/GLints/dict_16_192_64_0p5_0p02_0059_0006" 4950
"/Engine/EngineMaterials/Substrate/GLints/dict_16_192_64_0p5_0p02_0059_0007" 4951
"/Engine/EngineMaterials/Substrate/GLints/dict_16_192_64_0p5_0p02_0059_0008" 4952
"/Engine/EngineMaterials/Substrate/GLints/dict_16_192_64_0p5_0p02_0059_0009" 4953
"/Engine/EngineMaterials/Substrate/GLints/dict_16_192_64_0p5_0p02_0059_0010" 4954
"/Engine/EngineMaterials/Substrate/GLints/dict_16_192_64_0p5_0p02_0059_0011" 4955
"/Engine/EngineMaterials/Substrate/GLints/dict_16_192_64_0p5_0p02_0059_0012" 4956
"/Engine/EngineMaterials/Substrate/GLints/dict_16_192_64_0p5_0p02_0059_0013" 4957
"/Engine/EngineMaterials/Substrate/GLints/dict_16_192_64_0p5_0p02_0059_0014" 4958
"/Engine/EngineMaterials/Substrate/GLints/dict_16_192_64_0p5_0p02_0059_0015" 4959
"/Engine/EngineMaterials/Substrate/GLints/dict_16_192_64_0p5_0p02_0060_0000" 4960
"/Engine/EngineMaterials/Substrate/GLints/dict_16_192_64_0p5_0p02_0060_0001" 4961
"../../../Engine/Content/EngineMaterials/Substrate/GLints/dict_16_192_64_0p5_0p02_0057_0008.uasset" 4962
"../../../Engine/Content/EngineMaterials/Substrate/GLints/dict_16_192_64_0p5_0p02_0058_0001.uasset" 4963
"../../../Engine/Content/EngineMaterials/Substrate/GLints/dict_16_192_64_0p5_0p02_0056_0015.uasset" 4964
"../../../Engine/Content/EngineMaterials/Substrate/GLints/dict_16_192_64_0p5_0p02_0058_0000.uasset" 4965
"../../../Engine/Content/EngineMaterials/Substrate/GLints/dict_16_192_64_0p5_0p02_0057_0007.uasset" 4966
"../../../Engine/Content/EngineMaterials/Substrate/GLints/dict_16_192_64_0p5_0p02_0057_0015.uasset" 4967
"../../../Engine/Content/EngineMaterials/Substrate/GLints/dict_16_192_64_0p5_0p02_0056_0013.uasset" 4968
"../../../Engine/Content/EngineMaterials/Substrate/GLints/dict_16_192_64_0p5_0p02_0057_0011.uasset" 4969
"../../../Engine/Content/EngineMaterials/Substrate/GLints/dict_16_192_64_0p5_0p02_0057_0002.uasset" 4970
"../../../Engine/Content/EngineMaterials/Substrate/GLints/dict_16_192_64_0p5_0p02_0057_0013.uasset" 4971
"../../../Engine/Content/EngineMaterials/Substrate/GLints/dict_16_192_64_0p5_0p02_0057_0014.uasset" 4972
"../../../Engine/Content/EngineMaterials/Substrate/GLints/dict_16_192_64_0p5_0p02_0057_0010.uasset" 4973
"../../../Engine/Content/EngineMaterials/Substrate/GLints/dict_16_192_64_0p5_0p02_0057_0004.uasset" 4974
"../../../Engine/Content/EngineMaterials/Substrate/GLints/dict_16_192_64_0p5_0p02_0057_0003.uasset" 4975
"../../../Engine/Content/EngineMaterials/Substrate/GLints/dict_16_192_64_0p5_0p02_0057_0005.uasset" 4976
"../../../Engine/Content/EngineMaterials/Substrate/GLints/dict_16_192_64_0p5_0p02_0057_0012.uasset" 4977
"../../../Engine/Content/EngineMaterials/Substrate/GLints/dict_16_192_64_0p5_0p02_0057_0000.uasset" 4978
"../../../Engine/Content/EngineMaterials/Substrate/GLints/dict_16_192_64_0p5_0p02_0057_0009.uasset" 4979
"../../../Engine/Content/EngineMaterials/Substrate/GLints/dict_16_192_64_0p5_0p02_0057_0001.uasset" 4980
"../../../Engine/Content/EngineMaterials/Substrate/GLints/dict_16_192_64_0p5_0p02_0057_0006.uasset" 4981
"../../../Engine/Content/EngineMaterials/Substrate/GLints/dict_16_192_64_0p5_0p02_0056_0014.uasset" 4982
"../../../Engine/Content/EngineMaterials/Substrate/GLints/dict_16_192_64_0p5_0p02_0056_0011.uasset" 4983
"../../../Engine/Content/EngineMaterials/Substrate/GLints/dict_16_192_64_0p5_0p02_0056_0010.uasset" 4984
"../../../Engine/Content/EngineMaterials/Substrate/GLints/dict_16_192_64_0p5_0p02_0056_0012.uasset" 4985
"../../../Engine/Content/EngineMaterials/Substrate/GLints/dict_16_192_64_0p5_0p02_0056_0002.uasset" 4986
"../../../Engine/Content/EngineMaterials/Substrate/GLints/dict_16_192_64_0p5_0p02_0056_0008.uasset" 4987
"../../../Engine/Content/EngineMaterials/Substrate/GLints/dict_16_192_64_0p5_0p02_0056_0007.uasset" 4988
"../../../Engine/Content/EngineMaterials/Substrate/GLints/dict_16_192_64_0p5_0p02_0056_0005.uasset" 4989
"../../../Engine/Content/EngineMaterials/Substrate/GLints/dict_16_192_64_0p5_0p02_0056_0009.uasset" 4990
"../../../Engine/Content/EngineMaterials/Substrate/GLints/dict_16_192_64_0p5_0p02_0056_0003.uasset" 4991
"../../../Engine/Content/EngineMaterials/Substrate/GLints/dict_16_192_64_0p5_0p02_0056_0004.uasset" 4992
"../../../Engine/Content/EngineMaterials/Substrate/GLints/dict_16_192_64_0p5_0p02_0056_0006.uasset" 4993
"/Engine/EngineMaterials/Substrate/GLints/dict_16_192_64_0p5_0p02_0056_0002" 4994
"/Engine/EngineMaterials/Substrate/GLints/dict_16_192_64_0p5_0p02_0056_0003" 4995
"/Engine/EngineMaterials/Substrate/GLints/dict_16_192_64_0p5_0p02_0056_0004" 4996
"/Engine/EngineMaterials/Substrate/GLints/dict_16_192_64_0p5_0p02_0056_0005" 4997
"/Engine/EngineMaterials/Substrate/GLints/dict_16_192_64_0p5_0p02_0056_0006" 4998
"/Engine/EngineMaterials/Substrate/GLints/dict_16_192_64_0p5_0p02_0056_0007" 4999
"/Engine/EngineMaterials/Substrate/GLints/dict_16_192_64_0p5_0p02_0056_0008" 5000
"/Engine/EngineMaterials/Substrate/GLints/dict_16_192_64_0p5_0p02_0056_0009" 5001
"/Engine/EngineMaterials/Substrate/GLints/dict_16_192_64_0p5_0p02_0056_0010" 5002
"/Engine/EngineMaterials/Substrate/GLints/dict_16_192_64_0p5_0p02_0056_0011" 5003
"/Engine/EngineMaterials/Substrate/GLints/dict_16_192_64_0p5_0p02_0056_0012" 5004
"/Engine/EngineMaterials/Substrate/GLints/dict_16_192_64_0p5_0p02_0056_0013" 5005
"/Engine/EngineMaterials/Substrate/GLints/dict_16_192_64_0p5_0p02_0056_0014" 5006
"/Engine/EngineMaterials/Substrate/GLints/dict_16_192_64_0p5_0p02_0056_0015" 5007
"/Engine/EngineMaterials/Substrate/GLints/dict_16_192_64_0p5_0p02_0057_0000" 5008
"/Engine/EngineMaterials/Substrate/GLints/dict_16_192_64_0p5_0p02_0057_0001" 5009
"/Engine/EngineMaterials/Substrate/GLints/dict_16_192_64_0p5_0p02_0057_0002" 5010
"/Engine/EngineMaterials/Substrate/GLints/dict_16_192_64_0p5_0p02_0057_0003" 5011
"/Engine/EngineMaterials/Substrate/GLints/dict_16_192_64_0p5_0p02_0057_0004" 5012
"/Engine/EngineMaterials/Substrate/GLints/dict_16_192_64_0p5_0p02_0057_0005" 5013
"/Engine/EngineMaterials/Substrate/GLints/dict_16_192_64_0p5_0p02_0057_0006" 5014
"/Engine/EngineMaterials/Substrate/GLints/dict_16_192_64_0p5_0p02_0057_0007" 5015
"/Engine/EngineMaterials/Substrate/GLints/dict_16_192_64_0p5_0p02_0057_0008" 5016
"/Engine/EngineMaterials/Substrate/GLints/dict_16_192_64_0p5_0p02_0057_0009" 5017
"/Engine/EngineMaterials/Substrate/GLints/dict_16_192_64_0p5_0p02_0057_0010" 5018
"/Engine/EngineMaterials/Substrate/GLints/dict_16_192_64_0p5_0p02_0057_0011" 5019
"/Engine/EngineMaterials/Substrate/GLints/dict_16_192_64_0p5_0p02_0057_0012" 5020
"/Engine/EngineMaterials/Substrate/GLints/dict_16_192_64_0p5_0p02_0057_0013" 5021
"/Engine/EngineMaterials/Substrate/GLints/dict_16_192_64_0p5_0p02_0057_0014" 5022
"/Engine/EngineMaterials/Substrate/GLints/dict_16_192_64_0p5_0p02_0057_0015" 5023
"/Engine/EngineMaterials/Substrate/GLints/dict_16_192_64_0p5_0p02_0058_0000" 5024
"/Engine/EngineMaterials/Substrate/GLints/dict_16_192_64_0p5_0p02_0058_0001" 5025
"../../../Engine/Content/EngineMaterials/Substrate/GLints/dict_16_192_64_0p5_0p02_0055_0002.uasset" 5026
"../../../Engine/Content/EngineMaterials/Substrate/GLints/dict_16_192_64_0p5_0p02_0055_0015.uasset" 5027
"../../../Engine/Content/EngineMaterials/Substrate/GLints/dict_16_192_64_0p5_0p02_0055_0006.uasset" 5028
"../../../Engine/Content/EngineMaterials/Substrate/GLints/dict_16_192_64_0p5_0p02_0055_0012.uasset" 5029
"../../../Engine/Content/EngineMaterials/Substrate/GLints/dict_16_192_64_0p5_0p02_0055_0010.uasset" 5030
"../../../Engine/Content/EngineMaterials/Substrate/GLints/dict_16_192_64_0p5_0p02_0056_0000.uasset" 5031
"../../../Engine/Content/EngineMaterials/Substrate/GLints/dict_16_192_64_0p5_0p02_0055_0007.uasset" 5032
"../../../Engine/Content/EngineMaterials/Substrate/GLints/dict_16_192_64_0p5_0p02_0055_0008.uasset" 5033
"/Engine/EngineMaterials/Substrate/GLints/dict_16_192_64_0p5_0p02_0055_0002" 5034
"../../../Engine/Content/EngineMaterials/Substrate/GLints/dict_16_192_64_0p5_0p02_0055_0000.uasset" 5035
"../../../Engine/Content/EngineMaterials/Substrate/GLints/dict_16_192_64_0p5_0p02_0055_0005.uasset" 5036
"../../../Engine/Content/EngineMaterials/Substrate/GLints/dict_16_192_64_0p5_0p02_0055_0004.uasset" 5037
"../../../Engine/Content/EngineMaterials/Substrate/GLints/dict_16_192_64_0p5_0p02_0056_0001.uasset" 5038
"/Engine/EngineMaterials/Substrate/GLints/dict_16_192_64_0p5_0p02_0055_0006" 5039
"../../../Engine/Content/EngineMaterials/Substrate/GLints/dict_16_192_64_0p5_0p02_0055_0011.uasset" 5040
"/Engine/EngineMaterials/Substrate/GLints/dict_16_192_64_0p5_0p02_0055_0012" 5041
"/Engine/EngineMaterials/Substrate/GLints/dict_16_192_64_0p5_0p02_0055_0015" 5042
"../../../Engine/Content/EngineMaterials/Substrate/GLints/dict_16_192_64_0p5_0p02_0054_0007.uasset" 5043
"../../../Engine/Content/EngineMaterials/Substrate/GLints/dict_16_192_64_0p5_0p02_0055_0013.uasset" 5044
"../../../Engine/Content/EngineMaterials/Substrate/GLints/dict_16_192_64_0p5_0p02_0055_0009.uasset" 5045
"/Engine/EngineMaterials/Substrate/GLints/dict_16_192_64_0p5_0p02_0055_0000" 5046
"../../../Engine/Content/EngineMaterials/Substrate/GLints/dict_16_192_64_0p5_0p02_0055_0001.uasset" 5047
"../../../Engine/Content/EngineMaterials/Substrate/GLints/dict_16_192_64_0p5_0p02_0055_0003.uasset" 5048
"../../../Engine/Content/EngineMaterials/Substrate/GLints/dict_16_192_64_0p5_0p02_0055_0014.uasset" 5049
"../../../Engine/Content/EngineMaterials/Substrate/GLints/dict_16_192_64_0p5_0p02_0054_0008.uasset" 5050
"/Engine/EngineMaterials/Substrate/GLints/dict_16_192_64_0p5_0p02_0055_0004" 5051
"/Engine/EngineMaterials/Substrate/GLints/dict_16_192_64_0p5_0p02_0055_0005" 5052
"../../../Engine/Content/EngineMaterials/Substrate/GLints/dict_16_192_64_0p5_0p02_0054_0001.uasset" 5053
"/Engine/EngineMaterials/Substrate/GLints/dict_16_192_64_0p5_0p02_0055_0007" 5054
"/Engine/EngineMaterials/Substrate/GLints/dict_16_192_64_0p5_0p02_0055_0008" 5055
"/Engine/EngineMaterials/Substrate/GLints/dict_16_192_64_0p5_0p02_0055_0010" 5056
"/Engine/EngineMaterials/Substrate/GLints/dict_16_192_64_0p5_0p02_0055_0011" 5057
"/Engine/EngineMaterials/Substrate/GLints/dict_16_192_64_0p5_0p02_0056_0000" 5058
"/Engine/EngineMaterials/Substrate/GLints/dict_16_192_64_0p5_0p02_0056_0001" 5059
"/Engine/EngineMaterials/Substrate/GLints/dict_16_192_64_0p5_0p02_0054_0007" 5060
"/Engine/EngineMaterials/Substrate/GLints/dict_16_192_64_0p5_0p02_0054_0008" 5061
"../../../Engine/Content/EngineMaterials/Substrate/GLints/dict_16_192_64_0p5_0p02_0054_0012.uasset" 5062
"../../../Engine/Content/EngineMaterials/Substrate/GLints/dict_16_192_64_0p5_0p02_0054_0015.uasset" 5063
"../../../Engine/Content/EngineMaterials/Substrate/GLints/dict_16_192_64_0p5_0p02_0054_0010.uasset" 5064
"../../../Engine/Content/EngineMaterials/Substrate/GLints/dict_16_192_64_0p5_0p02_0054_0014.uasset" 5065
"/Engine/EngineMaterials/Substrate/GLints/dict_16_192_64_0p5_0p02_0055_0001" 5066
"../../../Engine/Content/EngineMaterials/Substrate/GLints/dict_16_192_64_0p5_0p02_0054_0013.uasset" 5067
"/Engine/EngineMaterials/Substrate/GLints/dict_16_192_64_0p5_0p02_0055_0003" 5068
"../../../Engine/Content/EngineMaterials/Substrate/GLints/dict_16_192_64_0p5_0p02_0054_0005.uasset" 5069
"../../../Engine/Content/EngineMaterials/Substrate/GLints/dict_16_192_64_0p5_0p02_0054_0004.uasset" 5070
"../../../Engine/Content/EngineMaterials/Substrate/GLints/dict_16_192_64_0p5_0p02_0054_0009.uasset" 5071
"/Engine/EngineMaterials/Substrate/GLints/dict_16_192_64_0p5_0p02_0055_0009" 5072
"../../../Engine/Content/EngineMaterials/Substrate/GLints/dict_16_192_64_0p5_0p02_0053_0011.uasset" 5073
"/Engine/EngineMaterials/Substrate/GLints/dict_16_192_64_0p5_0p02_0055_0013" 5074
"../../../Engine/Content/EngineMaterials/Substrate/GLints/dict_16_192_64_0p5_0p02_0054_0011.uasset" 5075
"../../../Engine/Content/EngineMaterials/Substrate/GLints/dict_16_192_64_0p5_0p02_0054_0002.uasset" 5076
"/Engine/EngineMaterials/Substrate/GLints/dict_16_192_64_0p5_0p02_0055_0014" 5077
"../../../Engine/Content/EngineMaterials/Substrate/GLints/dict_16_192_64_0p5_0p02_0053_0005.uasset" 5078
"/Engine/EngineMaterials/Substrate/GLints/dict_16_192_64_0p5_0p02_0054_0001" 5079
"../../../Engine/Content/EngineMaterials/Substrate/GLints/dict_16_192_64_0p5_0p02_0054_0006.uasset" 5080
"/Engine/EngineMaterials/Substrate/GLints/dict_16_192_64_0p5_0p02_0054_0002" 5081
"../../../Engine/Content/EngineMaterials/Substrate/GLints/dict_16_192_64_0p5_0p02_0054_0003.uasset" 5082
"../../../Engine/Content/EngineMaterials/Substrate/GLints/dict_16_192_64_0p5_0p02_0053_0015.uasset" 5083
"../../../Engine/Content/EngineMaterials/Substrate/GLints/dict_16_192_64_0p5_0p02_0054_0000.uasset" 5084
"../../../Engine/Content/EngineMaterials/Substrate/GLints/dict_16_192_64_0p5_0p02_0053_0014.uasset" 5085
"/Engine/EngineMaterials/Substrate/GLints/dict_16_192_64_0p5_0p02_0054_0004" 5086
"/Engine/EngineMaterials/Substrate/GLints/dict_16_192_64_0p5_0p02_0054_0005" 5087
"../../../Engine/Content/EngineMaterials/Substrate/GLints/dict_16_192_64_0p5_0p02_0053_0000.uasset" 5088
"/Engine/EngineMaterials/Substrate/GLints/dict_16_192_64_0p5_0p02_0054_0009" 5089
"../../../Engine/Content/EngineMaterials/Substrate/GLints/dict_16_192_64_0p5_0p02_0053_0002.uasset" 5090
"/Engine/EngineMaterials/Substrate/GLints/dict_16_192_64_0p5_0p02_0054_0010" 5091
"/Engine/EngineMaterials/Substrate/GLints/dict_16_192_64_0p5_0p02_0054_0011" 5092
"../../../Engine/Content/EngineMaterials/Substrate/GLints/dict_16_192_64_0p5_0p02_0052_0013.uasset" 5093
"/Engine/EngineMaterials/Substrate/GLints/dict_16_192_64_0p5_0p02_0054_0012" 5094
"/Engine/EngineMaterials/Substrate/GLints/dict_16_192_64_0p5_0p02_0054_0013" 5095
"../../../Engine/Content/EngineMaterials/Substrate/GLints/dict_16_192_64_0p5_0p02_0053_0010.uasset" 5096
"../../../Engine/Content/EngineMaterials/Substrate/GLints/dict_16_192_64_0p5_0p02_0053_0008.uasset" 5097
"../../../Engine/Content/EngineMaterials/Substrate/GLints/dict_16_192_64_0p5_0p02_0053_0012.uasset" 5098
"/Engine/EngineMaterials/Substrate/GLints/dict_16_192_64_0p5_0p02_0054_0014" 5099
"../../../Engine/Content/EngineMaterials/Substrate/GLints/dict_16_192_64_0p5_0p02_0053_0013.uasset" 5100
"../../../Engine/Content/EngineMaterials/Substrate/GLints/dict_16_192_64_0p5_0p02_0053_0009.uasset" 5101
"/Engine/EngineMaterials/Substrate/GLints/dict_16_192_64_0p5_0p02_0054_0015" 5102
"../../../Engine/Content/EngineMaterials/Substrate/GLints/dict_16_192_64_0p5_0p02_0053_0007.uasset" 5103
"/Engine/EngineMaterials/Substrate/GLints/dict_16_192_64_0p5_0p02_0053_0005" 5104
"../../../Engine/Content/EngineMaterials/Substrate/GLints/dict_16_192_64_0p5_0p02_0053_0006.uasset" 5105
"/Engine/EngineMaterials/Substrate/GLints/dict_16_192_64_0p5_0p02_0053_0011" 5106
"/Engine/EngineMaterials/Substrate/GLints/dict_16_192_64_0p5_0p02_0054_0003" 5107
"/Engine/EngineMaterials/Substrate/GLints/dict_16_192_64_0p5_0p02_0054_0006" 5108
"../../../Engine/Content/EngineMaterials/Substrate/GLints/dict_16_192_64_0p5_0p02_0052_0014.uasset" 5109
"../../../Engine/Content/EngineMaterials/Substrate/GLints/dict_16_192_64_0p5_0p02_0053_0001.uasset" 5110
"../../../Engine/Content/EngineMaterials/Substrate/GLints/dict_16_192_64_0p5_0p02_0053_0003.uasset" 5111
"../../../Engine/Content/EngineMaterials/Substrate/GLints/dict_16_192_64_0p5_0p02_0053_0004.uasset" 5112
"/Engine/EngineMaterials/Substrate/GLints/dict_16_192_64_0p5_0p02_0052_0013" 5113
"../../../Engine/Content/EngineMaterials/Substrate/GLints/dict_16_192_64_0p5_0p02_0052_0015.uasset" 5114
"../../../Engine/Content/EngineMaterials/Substrate/GLints/dict_16_192_64_0p5_0p02_0052_0003.uasset" 5115
"/Engine/EngineMaterials/Substrate/GLints/dict_16_192_64_0p5_0p02_0053_0014" 5116
"/Engine/EngineMaterials/Substrate/GLints/dict_16_192_64_0p5_0p02_0053_0000" 5117
"/Engine/EngineMaterials/Substrate/GLints/dict_16_192_64_0p5_0p02_0053_0006" 5118
"/Engine/EngineMaterials/Substrate/GLints/dict_16_192_64_0p5_0p02_0053_0007" 5119
"/Engine/EngineMaterials/Substrate/GLints/dict_16_192_64_0p5_0p02_0053_0015" 5120
"/Engine/EngineMaterials/Substrate/GLints/dict_16_192_64_0p5_0p02_0053_0008" 5121
"/Engine/EngineMaterials/Substrate/GLints/dict_16_192_64_0p5_0p02_0053_0009" 5122
"/Engine/EngineMaterials/Substrate/GLints/dict_16_192_64_0p5_0p02_0053_0010" 5123
"/Engine/EngineMaterials/Substrate/GLints/dict_16_192_64_0p5_0p02_0054_0000" 5124
"../../../Engine/Content/EngineMaterials/Substrate/GLints/dict_16_192_64_0p5_0p02_0052_0010.uasset" 5125
"../../../Engine/Content/EngineMaterials/Substrate/GLints/dict_16_192_64_0p5_0p02_0052_0012.uasset" 5126
"../../../Engine/Content/EngineMaterials/Substrate/GLints/dict_16_192_64_0p5_0p02_0052_0011.uasset" 5127
"../../../Engine/Content/EngineMaterials/Substrate/GLints/dict_16_192_64_0p5_0p02_0052_0006.uasset" 5128
"../../../Engine/Content/EngineMaterials/Substrate/GLints/dict_16_192_64_0p5_0p02_0052_0008.uasset" 5129
"/Engine/EngineMaterials/Substrate/GLints/dict_16_192_64_0p5_0p02_0053_0002" 5130
"../../../Engine/Content/EngineMaterials/Substrate/GLints/dict_16_192_64_0p5_0p02_0052_0001.uasset" 5131
"../../../Engine/Content/EngineMaterials/Substrate/GLints/dict_16_192_64_0p5_0p02_0052_0009.uasset" 5132
"../../../Engine/Content/EngineMaterials/Substrate/GLints/dict_16_192_64_0p5_0p02_0052_0002.uasset" 5133
"../../../Engine/Content/EngineMaterials/Substrate/GLints/dict_16_192_64_0p5_0p02_0052_0005.uasset" 5134
"../../../Engine/Content/EngineMaterials/Substrate/GLints/dict_16_192_64_0p5_0p02_0052_0007.uasset" 5135
"../../../Engine/Content/EngineMaterials/Substrate/GLints/dict_16_192_64_0p5_0p02_0052_0004.uasset" 5136
"/Engine/EngineMaterials/Substrate/GLints/dict_16_192_64_0p5_0p02_0053_0012" 5137
"/Engine/EngineMaterials/Substrate/GLints/dict_16_192_64_0p5_0p02_0053_0013" 5138
"/Engine/EngineMaterials/Substrate/GLints/dict_16_192_64_0p5_0p02_0052_0001" 5139
"/Engine/EngineMaterials/Substrate/GLints/dict_16_192_64_0p5_0p02_0052_0002" 5140
"../../../Engine/Content/EngineMaterials/Substrate/GLints/dict_16_192_64_0p5_0p02_0051_0015.uasset" 5141
"/Engine/EngineMaterials/Substrate/GLints/dict_16_192_64_0p5_0p02_0052_0003" 5142
"../../../Engine/Content/EngineMaterials/Substrate/GLints/dict_16_192_64_0p5_0p02_0051_0008.uasset" 5143
"../../../Engine/Content/EngineMaterials/Substrate/GLints/dict_16_192_64_0p5_0p02_0051_0012.uasset" 5144
"/Engine/EngineMaterials/Substrate/GLints/dict_16_192_64_0p5_0p02_0052_0014" 5145
"/Engine/EngineMaterials/Substrate/GLints/dict_16_192_64_0p5_0p02_0052_0004" 5146
"/Engine/EngineMaterials/Substrate/GLints/dict_16_192_64_0p5_0p02_0052_0005" 5147
"/Engine/EngineMaterials/Substrate/GLints/dict_16_192_64_0p5_0p02_0052_0006" 5148
"/Engine/EngineMaterials/Substrate/GLints/dict_16_192_64_0p5_0p02_0052_0007" 5149
"/Engine/EngineMaterials/Substrate/GLints/dict_16_192_64_0p5_0p02_0052_0008" 5150
"/Engine/EngineMaterials/Substrate/GLints/dict_16_192_64_0p5_0p02_0052_0009" 5151
"/Engine/EngineMaterials/Substrate/GLints/dict_16_192_64_0p5_0p02_0052_0010" 5152
"/Engine/EngineMaterials/Substrate/GLints/dict_16_192_64_0p5_0p02_0052_0011" 5153
"/Engine/EngineMaterials/Substrate/GLints/dict_16_192_64_0p5_0p02_0052_0015" 5154
"../../../Engine/Content/EngineMaterials/Substrate/GLints/dict_16_192_64_0p5_0p02_0052_0000.uasset" 5155
"../../../Engine/Content/EngineMaterials/Substrate/GLints/dict_16_192_64_0p5_0p02_0051_0002.uasset" 5156
"../../../Engine/Content/EngineMaterials/Substrate/GLints/dict_16_192_64_0p5_0p02_0051_0009.uasset" 5157
"/Engine/EngineMaterials/Substrate/GLints/dict_16_192_64_0p5_0p02_0053_0001" 5158
"../../../Engine/Content/EngineMaterials/Substrate/GLints/dict_16_192_64_0p5_0p02_0051_0013.uasset" 5159
"../../../Engine/Content/EngineMaterials/Substrate/GLints/dict_16_192_64_0p5_0p02_0051_0010.uasset" 5160
"/Engine/EngineMaterials/Substrate/GLints/dict_16_192_64_0p5_0p02_0052_0012" 5161
"../../../Engine/Content/EngineMaterials/Substrate/GLints/dict_16_192_64_0p5_0p02_0051_0003.uasset" 5162
"../../../Engine/Content/EngineMaterials/Substrate/GLints/dict_16_192_64_0p5_0p02_0051_0006.uasset" 5163
"../../../Engine/Content/EngineMaterials/Substrate/GLints/dict_16_192_64_0p5_0p02_0051_0004.uasset" 5164
"../../../Engine/Content/EngineMaterials/Substrate/GLints/dict_16_192_64_0p5_0p02_0051_0014.uasset" 5165
"/Engine/EngineMaterials/Substrate/GLints/dict_16_192_64_0p5_0p02_0053_0003" 5166
"/Engine/EngineMaterials/Substrate/GLints/dict_16_192_64_0p5_0p02_0053_0004" 5167
"/Engine/EngineMaterials/Substrate/GLints/dict_16_192_64_0p5_0p02_0051_0002" 5168
"../../../Engine/Content/EngineMaterials/Substrate/GLints/dict_16_192_64_0p5_0p02_0051_0007.uasset" 5169
"../../../Engine/Content/EngineMaterials/Substrate/GLints/dict_16_192_64_0p5_0p02_0051_0005.uasset" 5170
"/Engine/EngineMaterials/Substrate/GLints/dict_16_192_64_0p5_0p02_0051_0003" 5171
"/Engine/EngineMaterials/Substrate/GLints/dict_16_192_64_0p5_0p02_0051_0004" 5172
"../../../Engine/Content/EngineMaterials/Substrate/GLints/dict_16_192_64_0p5_0p02_0051_0000.uasset" 5173
"../../../Engine/Content/EngineMaterials/Substrate/GLints/dict_16_192_64_0p5_0p02_0051_0011.uasset" 5174
"/Engine/EngineMaterials/Substrate/GLints/dict_16_192_64_0p5_0p02_0051_0006" 5175
"../../../Engine/Content/EngineMaterials/Substrate/GLints/dict_16_192_64_0p5_0p02_0050_0001.uasset" 5176
"../../../Engine/Content/EngineMaterials/Substrate/GLints/dict_16_192_64_0p5_0p02_0050_0004.uasset" 5177
"/Engine/EngineMaterials/Substrate/GLints/dict_16_192_64_0p5_0p02_0051_0008" 5178
"/Engine/EngineMaterials/Substrate/GLints/dict_16_192_64_0p5_0p02_0051_0009" 5179
"/Engine/EngineMaterials/Substrate/GLints/dict_16_192_64_0p5_0p02_0051_0010" 5180
"/Engine/EngineMaterials/Substrate/GLints/dict_16_192_64_0p5_0p02_0051_0012" 5181
"/Engine/EngineMaterials/Substrate/GLints/dict_16_192_64_0p5_0p02_0051_0013" 5182
"/Engine/EngineMaterials/Substrate/GLints/dict_16_192_64_0p5_0p02_0051_0014" 5183
"/Engine/EngineMaterials/Substrate/GLints/dict_16_192_64_0p5_0p02_0051_0015" 5184
"/Engine/EngineMaterials/Substrate/GLints/dict_16_192_64_0p5_0p02_0052_0000" 5185
"/Engine/EngineMaterials/Substrate/GLints/dict_16_192_64_0p5_0p02_0050_0001" 5186
"/Engine/EngineMaterials/Substrate/GLints/dict_16_192_64_0p5_0p02_0050_0004" 5187
"../../../Engine/Content/EngineMaterials/Substrate/GLints/dict_16_192_64_0p5_0p02_0050_0009.uasset" 5188
"../../../Engine/Content/EngineMaterials/Substrate/GLints/dict_16_192_64_0p5_0p02_0050_0005.uasset" 5189
"../../../Engine/Content/EngineMaterials/Substrate/GLints/dict_16_192_64_0p5_0p02_0050_0014.uasset" 5190
"/Engine/EngineMaterials/Substrate/GLints/dict_16_192_64_0p5_0p02_0051_0005" 5191
"../../../Engine/Content/EngineMaterials/Substrate/GLints/dict_16_192_64_0p5_0p02_0051_0001.uasset" 5192
"../../../Engine/Content/EngineMaterials/Substrate/GLints/dict_16_192_64_0p5_0p02_0050_0006.uasset" 5193
"/Engine/EngineMaterials/Substrate/GLints/dict_16_192_64_0p5_0p02_0051_0007" 5194
"../../../Engine/Content/EngineMaterials/Substrate/GLints/dict_16_192_64_0p5_0p02_0050_0013.uasset" 5195
"../../../Engine/Content/EngineMaterials/Substrate/GLints/dict_16_192_64_0p5_0p02_0049_0015.uasset" 5196
"../../../Engine/Content/EngineMaterials/Substrate/GLints/dict_16_192_64_0p5_0p02_0050_0015.uasset" 5197
"../../../Engine/Content/EngineMaterials/Substrate/GLints/dict_16_192_64_0p5_0p02_0050_0007.uasset" 5198
"../../../Engine/Content/EngineMaterials/Substrate/GLints/dict_16_192_64_0p5_0p02_0050_0002.uasset" 5199
"/Engine/EngineMaterials/Substrate/GLints/dict_16_192_64_0p5_0p02_0051_0011" 5200
"../../../Engine/Content/EngineMaterials/Substrate/GLints/dict_16_192_64_0p5_0p02_0050_0008.uasset" 5201
"../../../Engine/Content/EngineMaterials/Substrate/GLints/dict_16_192_64_0p5_0p02_0050_0011.uasset" 5202
"../../../Engine/Content/EngineMaterials/Substrate/GLints/dict_16_192_64_0p5_0p02_0050_0012.uasset" 5203
"/Engine/EngineMaterials/Substrate/GLints/dict_16_192_64_0p5_0p02_0051_0000" 5204
"/Engine/EngineMaterials/Substrate/GLints/dict_16_192_64_0p5_0p02_0050_0002" 5205
"../../../Engine/Content/EngineMaterials/Substrate/GLints/dict_16_192_64_0p5_0p02_0049_0005.uasset" 5206
"/Engine/EngineMaterials/Substrate/GLints/dict_16_192_64_0p5_0p02_0050_0005" 5207
"/Engine/EngineMaterials/Substrate/GLints/dict_16_192_64_0p5_0p02_0050_0006" 5208
"../../../Engine/Content/EngineMaterials/Substrate/GLints/dict_16_192_64_0p5_0p02_0049_0001.uasset" 5209
"/Engine/EngineMaterials/Substrate/GLints/dict_16_192_64_0p5_0p02_0050_0007" 5210
"../../../Engine/Content/EngineMaterials/Substrate/GLints/dict_16_192_64_0p5_0p02_0050_0003.uasset" 5211
"/Engine/EngineMaterials/Substrate/GLints/dict_16_192_64_0p5_0p02_0050_0008" 5212
"/Engine/EngineMaterials/Substrate/GLints/dict_16_192_64_0p5_0p02_0050_0009" 5213
"/Engine/EngineMaterials/Substrate/GLints/dict_16_192_64_0p5_0p02_0050_0011" 5214
"../../../Engine/Content/EngineMaterials/Substrate/GLints/dict_16_192_64_0p5_0p02_0050_0010.uasset" 5215
"../../../Engine/Content/EngineMaterials/Substrate/GLints/dict_16_192_64_0p5_0p02_0049_0000.uasset" 5216
"/Engine/EngineMaterials/Substrate/GLints/dict_16_192_64_0p5_0p02_0050_0012" 5217
"../../../Engine/Content/EngineMaterials/Substrate/GLints/dict_16_192_64_0p5_0p02_0050_0000.uasset" 5218
"../../../Engine/Content/EngineMaterials/Substrate/GLints/dict_16_192_64_0p5_0p02_0049_0014.uasset" 5219
"/Engine/EngineMaterials/Substrate/GLints/dict_16_192_64_0p5_0p02_0050_0013" 5220
"../../../Engine/Content/EngineMaterials/Substrate/GLints/dict_16_192_64_0p5_0p02_0049_0012.uasset" 5221
"/Engine/EngineMaterials/Substrate/GLints/dict_16_192_64_0p5_0p02_0050_0014" 5222
"../../../Engine/Content/EngineMaterials/Substrate/GLints/dict_16_192_64_0p5_0p02_0049_0010.uasset" 5223
"/Engine/EngineMaterials/Substrate/GLints/dict_16_192_64_0p5_0p02_0050_0015" 5224
"/Engine/EngineMaterials/Substrate/GLints/dict_16_192_64_0p5_0p02_0051_0001" 5225
"../../../Engine/Content/EngineMaterials/Substrate/GLints/dict_16_192_64_0p5_0p02_0049_0013.uasset" 5226
"/Engine/EngineMaterials/Substrate/GLints/dict_16_192_64_0p5_0p02_0049_0015" 5227
"../../../Engine/Content/EngineMaterials/Substrate/GLints/dict_16_192_64_0p5_0p02_0049_0011.uasset" 5228
"../../../Engine/Content/EngineMaterials/Substrate/GLints/dict_16_192_64_0p5_0p02_0049_0008.uasset" 5229
"/Engine/EngineMaterials/Substrate/GLints/dict_16_192_64_0p5_0p02_0049_0005" 5230
"/Engine/EngineMaterials/Substrate/GLints/dict_16_192_64_0p5_0p02_0050_0003" 5231
"../../../Engine/Content/EngineMaterials/Substrate/GLints/dict_16_192_64_0p5_0p02_0049_0007.uasset" 5232
"../../../Engine/Content/EngineMaterials/Substrate/GLints/dict_16_192_64_0p5_0p02_0049_0006.uasset" 5233
"/Engine/EngineMaterials/Substrate/GLints/dict_16_192_64_0p5_0p02_0049_0000" 5234
"../../../Engine/Content/EngineMaterials/Substrate/GLints/dict_16_192_64_0p5_0p02_0049_0003.uasset" 5235
"/Engine/EngineMaterials/Substrate/GLints/dict_16_192_64_0p5_0p02_0050_0010" 5236
"../../../Engine/Content/EngineMaterials/Substrate/GLints/dict_16_192_64_0p5_0p02_0049_0004.uasset" 5237
"/Engine/EngineMaterials/Substrate/GLints/dict_16_192_64_0p5_0p02_0049_0001" 5238
"../../../Engine/Content/EngineMaterials/Substrate/GLints/dict_16_192_64_0p5_0p02_0048_0015.uasset" 5239
"/Engine/EngineMaterials/Substrate/GLints/dict_16_192_64_0p5_0p02_0049_0010" 5240
"/Engine/EngineMaterials/Substrate/GLints/dict_16_192_64_0p5_0p02_0049_0011" 5241
"../../../Engine/Content/EngineMaterials/Substrate/GLints/dict_16_192_64_0p5_0p02_0049_0009.uasset" 5242
"/Engine/EngineMaterials/Substrate/GLints/dict_16_192_64_0p5_0p02_0049_0012" 5243
"/Engine/EngineMaterials/Substrate/GLints/dict_16_192_64_0p5_0p02_0049_0013" 5244
"../../../Engine/Content/EngineMaterials/Substrate/GLints/dict_16_192_64_0p5_0p02_0049_0002.uasset" 5245
"/Engine/EngineMaterials/Substrate/GLints/dict_16_192_64_0p5_0p02_0049_0014" 5246
"/Engine/EngineMaterials/Substrate/GLints/dict_16_192_64_0p5_0p02_0050_0000" 5247
"../../../Engine/Content/EngineMaterials/Substrate/GLints/dict_16_192_64_0p5_0p02_0048_0014.uasset" 5248
"/Engine/EngineMaterials/Substrate/GLints/dict_16_192_64_0p5_0p02_0048_0015" 5249
"../../../Engine/Content/EngineMaterials/Substrate/GLints/dict_16_192_64_0p5_0p02_0048_0012.uasset" 5250
"../../../Engine/Content/EngineMaterials/Substrate/GLints/dict_16_192_64_0p5_0p02_0048_0008.uasset" 5251
"/Engine/EngineMaterials/Substrate/GLints/dict_16_192_64_0p5_0p02_0049_0006" 5252
"../../../Engine/Content/EngineMaterials/Substrate/GLints/dict_16_192_64_0p5_0p02_0048_0013.uasset" 5253
"../../../Engine/Content/EngineMaterials/Substrate/GLints/dict_16_192_64_0p5_0p02_0048_0010.uasset" 5254
"../../../Engine/Content/EngineMaterials/Substrate/GLints/dict_16_192_64_0p5_0p02_0048_0004.uasset" 5255
"/Engine/EngineMaterials/Substrate/GLints/dict_16_192_64_0p5_0p02_0049_0007" 5256
"../../../Engine/Content/EngineMaterials/Substrate/GLints/dict_16_192_64_0p5_0p02_0048_0003.uasset" 5257
"../../../Engine/Content/EngineMaterials/Substrate/GLints/dict_16_192_64_0p5_0p02_0048_0007.uasset" 5258
"/Engine/EngineMaterials/Substrate/GLints/dict_16_192_64_0p5_0p02_0049_0008" 5259
"../../../Engine/Content/EngineMaterials/Substrate/GLints/dict_16_192_64_0p5_0p02_0048_0009.uasset" 5260
"../../../Engine/Content/EngineMaterials/Substrate/GLints/dict_16_192_64_0p5_0p02_0048_0011.uasset" 5261
"../../../Engine/Content/EngineMaterials/Substrate/GLints/dict_16_192_64_0p5_0p02_0047_0012.uasset" 5262
"../../../Engine/Content/EngineMaterials/Substrate/GLints/dict_16_192_64_0p5_0p02_0048_0006.uasset" 5263
"/Engine/EngineMaterials/Substrate/GLints/dict_16_192_64_0p5_0p02_0049_0002" 5264
"../../../Engine/Content/EngineMaterials/Substrate/GLints/dict_16_192_64_0p5_0p02_0047_0007.uasset" 5265
"/Engine/EngineMaterials/Substrate/GLints/dict_16_192_64_0p5_0p02_0049_0009" 5266
"../../../Engine/Content/EngineMaterials/Substrate/GLints/dict_16_192_64_0p5_0p02_0048_0005.uasset" 5267
"/Engine/EngineMaterials/Substrate/GLints/dict_16_192_64_0p5_0p02_0049_0003" 5268
"../../../Engine/Content/EngineMaterials/Substrate/GLints/dict_16_192_64_0p5_0p02_0048_0002.uasset" 5269
"/Engine/EngineMaterials/Substrate/GLints/dict_16_192_64_0p5_0p02_0049_0004" 5270
"/Engine/EngineMaterials/Substrate/GLints/dict_16_192_64_0p5_0p02_0048_0014" 5271
"/Engine/EngineMaterials/Substrate/GLints/dict_16_192_64_0p5_0p02_0047_0007" 5272
"../../../Engine/Content/EngineMaterials/Substrate/GLints/dict_16_192_64_0p5_0p02_0047_0015.uasset" 5273
"/Engine/EngineMaterials/Substrate/GLints/dict_16_192_64_0p5_0p02_0048_0002" 5274
"../../../Engine/Content/EngineMaterials/Substrate/GLints/dict_16_192_64_0p5_0p02_0048_0001.uasset" 5275
"../../../Engine/Content/EngineMaterials/Substrate/GLints/dict_16_192_64_0p5_0p02_0047_0008.uasset" 5276
"/Engine/EngineMaterials/Substrate/GLints/dict_16_192_64_0p5_0p02_0048_0003" 5277
"../../../Engine/Content/EngineMaterials/Substrate/GLints/dict_16_192_64_0p5_0p02_0047_0013.uasset" 5278
"../../../Engine/Content/EngineMaterials/Substrate/GLints/dict_16_192_64_0p5_0p02_0048_0000.uasset" 5279
"../../../Engine/Content/EngineMaterials/Substrate/GLints/dict_16_192_64_0p5_0p02_0047_0010.uasset" 5280
"../../../Engine/Content/EngineMaterials/Substrate/GLints/dict_16_192_64_0p5_0p02_0047_0014.uasset" 5281
"/Engine/EngineMaterials/Substrate/GLints/dict_16_192_64_0p5_0p02_0048_0004" 5282
"../../../Engine/Content/EngineMaterials/Substrate/GLints/dict_16_192_64_0p5_0p02_0047_0011.uasset" 5283
"../../../Engine/Content/EngineMaterials/Substrate/GLints/dict_16_192_64_0p5_0p02_0047_0009.uasset" 5284
"/Engine/EngineMaterials/Substrate/GLints/dict_16_192_64_0p5_0p02_0048_0005" 5285
"/Engine/EngineMaterials/Substrate/GLints/dict_16_192_64_0p5_0p02_0048_0006" 5286
"/Engine/EngineMaterials/Substrate/GLints/dict_16_192_64_0p5_0p02_0048_0007" 5287
"/Engine/EngineMaterials/Substrate/GLints/dict_16_192_64_0p5_0p02_0048_0008" 5288
"/Engine/EngineMaterials/Substrate/GLints/dict_16_192_64_0p5_0p02_0048_0009" 5289
"/Engine/EngineMaterials/Substrate/GLints/dict_16_192_64_0p5_0p02_0048_0010" 5290
"/Engine/EngineMaterials/Substrate/GLints/dict_16_192_64_0p5_0p02_0047_0012" 5291
"../../../Engine/Content/EngineMaterials/Substrate/GLints/dict_16_192_64_0p5_0p02_0046_0015.uasset" 5292
"../../../Engine/Content/EngineMaterials/Substrate/GLints/dict_16_192_64_0p5_0p02_0047_0005.uasset" 5293
"../../../Engine/Content/EngineMaterials/Substrate/GLints/dict_16_192_64_0p5_0p02_0047_0003.uasset" 5294
"../../../Engine/Content/EngineMaterials/Substrate/GLints/dict_16_192_64_0p5_0p02_0047_0000.uasset" 5295
"/Engine/EngineMaterials/Substrate/GLints/dict_16_192_64_0p5_0p02_0048_0011" 5296
"../../../Engine/Content/EngineMaterials/Substrate/GLints/dict_16_192_64_0p5_0p02_0047_0006.uasset" 5297
"/Engine/EngineMaterials/Substrate/GLints/dict_16_192_64_0p5_0p02_0048_0012" 5298
"../../../Engine/Content/EngineMaterials/Substrate/GLints/dict_16_192_64_0p5_0p02_0047_0004.uasset" 5299
"../../../Engine/Content/EngineMaterials/Substrate/GLints/dict_16_192_64_0p5_0p02_0047_0001.uasset" 5300
"../../../Engine/Content/EngineMaterials/Substrate/GLints/dict_16_192_64_0p5_0p02_0046_0014.uasset" 5301
"/Engine/EngineMaterials/Substrate/GLints/dict_16_192_64_0p5_0p02_0048_0013" 5302
"../../../Engine/Content/EngineMaterials/Substrate/GLints/dict_16_192_64_0p5_0p02_0047_0002.uasset" 5303
"/Engine/EngineMaterials/Substrate/GLints/dict_16_192_64_0p5_0p02_0046_0014" 5304
"/Engine/EngineMaterials/Substrate/GLints/dict_16_192_64_0p5_0p02_0047_0008" 5305
"/Engine/EngineMaterials/Substrate/GLints/dict_16_192_64_0p5_0p02_0046_0015" 5306
"/Engine/EngineMaterials/Substrate/GLints/dict_16_192_64_0p5_0p02_0047_0000" 5307
"/Engine/EngineMaterials/Substrate/GLints/dict_16_192_64_0p5_0p02_0047_0009" 5308
"/Engine/EngineMaterials/Substrate/GLints/dict_16_192_64_0p5_0p02_0047_0010" 5309
"/Engine/EngineMaterials/Substrate/GLints/dict_16_192_64_0p5_0p02_0047_0011" 5310
"/Engine/EngineMaterials/Substrate/GLints/dict_16_192_64_0p5_0p02_0047_0001" 5311
"/Engine/EngineMaterials/Substrate/GLints/dict_16_192_64_0p5_0p02_0047_0002" 5312
"/Engine/EngineMaterials/Substrate/GLints/dict_16_192_64_0p5_0p02_0047_0003" 5313
"/Engine/EngineMaterials/Substrate/GLints/dict_16_192_64_0p5_0p02_0047_0013" 5314
"../../../Engine/Content/EngineMaterials/Substrate/GLints/dict_16_192_64_0p5_0p02_0046_0008.uasset" 5315
"../../../Engine/Content/EngineMaterials/Substrate/GLints/dict_16_192_64_0p5_0p02_0046_0012.uasset" 5316
"../../../Engine/Content/EngineMaterials/Substrate/GLints/dict_16_192_64_0p5_0p02_0046_0005.uasset" 5317
"../../../Engine/Content/EngineMaterials/Substrate/GLints/dict_16_192_64_0p5_0p02_0046_0010.uasset" 5318
"../../../Engine/Content/EngineMaterials/Substrate/GLints/dict_16_192_64_0p5_0p02_0046_0009.uasset" 5319
"/Engine/EngineMaterials/Substrate/GLints/dict_16_192_64_0p5_0p02_0047_0004" 5320
"../../../Engine/Content/EngineMaterials/Substrate/GLints/dict_16_192_64_0p5_0p02_0046_0013.uasset" 5321
"../../../Engine/Content/EngineMaterials/Substrate/GLints/dict_16_192_64_0p5_0p02_0046_0000.uasset" 5322
"../../../Engine/Content/EngineMaterials/Substrate/GLints/dict_16_192_64_0p5_0p02_0046_0004.uasset" 5323
"../../../Engine/Content/EngineMaterials/Substrate/GLints/dict_16_192_64_0p5_0p02_0046_0007.uasset" 5324
"../../../Engine/Content/EngineMaterials/Substrate/GLints/dict_16_192_64_0p5_0p02_0046_0003.uasset" 5325
"../../../Engine/Content/EngineMaterials/Substrate/GLints/dict_16_192_64_0p5_0p02_0046_0006.uasset" 5326
"/Engine/EngineMaterials/Substrate/GLints/dict_16_192_64_0p5_0p02_0047_0014" 5327
"../../../Engine/Content/EngineMaterials/Substrate/GLints/dict_16_192_64_0p5_0p02_0046_0001.uasset" 5328
"../../../Engine/Content/EngineMaterials/Substrate/GLints/dict_16_192_64_0p5_0p02_0046_0011.uasset" 5329
"/Engine/EngineMaterials/Substrate/GLints/dict_16_192_64_0p5_0p02_0047_0015" 5330
"/Engine/EngineMaterials/Substrate/GLints/dict_16_192_64_0p5_0p02_0048_0000" 5331
"../../../Engine/Content/EngineMaterials/Substrate/GLints/dict_16_192_64_0p5_0p02_0046_0002.uasset" 5332
"/Engine/EngineMaterials/Substrate/GLints/dict_16_192_64_0p5_0p02_0047_0005" 5333
"/Engine/EngineMaterials/Substrate/GLints/dict_16_192_64_0p5_0p02_0047_0006" 5334
"/Engine/EngineMaterials/Substrate/GLints/dict_16_192_64_0p5_0p02_0048_0001" 5335
"/Engine/EngineMaterials/Substrate/GLints/dict_16_192_64_0p5_0p02_0046_0000" 5336
"/Engine/EngineMaterials/Substrate/GLints/dict_16_192_64_0p5_0p02_0046_0001" 5337
"/Engine/EngineMaterials/Substrate/GLints/dict_16_192_64_0p5_0p02_0046_0002" 5338
"../../../Engine/Content/EngineMaterials/Substrate/GLints/dict_16_192_64_0p5_0p02_0044_0014.uasset" 5339
"/Engine/EngineMaterials/Substrate/GLints/dict_16_192_64_0p5_0p02_0046_0003" 5340
"/Engine/EngineMaterials/Substrate/GLints/dict_16_192_64_0p5_0p02_0046_0004" 5341
"/Engine/EngineMaterials/Substrate/GLints/dict_16_192_64_0p5_0p02_0046_0005" 5342
"/Engine/EngineMaterials/Substrate/GLints/dict_16_192_64_0p5_0p02_0046_0006" 5343
"/Engine/EngineMaterials/Substrate/GLints/dict_16_192_64_0p5_0p02_0046_0007" 5344
"/Engine/EngineMaterials/Substrate/GLints/dict_16_192_64_0p5_0p02_0046_0008" 5345
"/Engine/EngineMaterials/Substrate/GLints/dict_16_192_64_0p5_0p02_0046_0009" 5346
"/Engine/EngineMaterials/Substrate/GLints/dict_16_192_64_0p5_0p02_0046_0010" 5347
"/Engine/EngineMaterials/Substrate/GLints/dict_16_192_64_0p5_0p02_0046_0011" 5348
"../../../Engine/Content/EngineMaterials/Substrate/GLints/dict_16_192_64_0p5_0p02_0045_0011.uasset" 5349
"../../../Engine/Content/EngineMaterials/Substrate/GLints/dict_16_192_64_0p5_0p02_0045_0002.uasset" 5350
"/Engine/EngineMaterials/Substrate/GLints/dict_16_192_64_0p5_0p02_0046_0012" 5351
"../../../Engine/Content/EngineMaterials/Substrate/GLints/dict_16_192_64_0p5_0p02_0045_0013.uasset" 5352
"../../../Engine/Content/EngineMaterials/Substrate/GLints/dict_16_192_64_0p5_0p02_0045_0014.uasset" 5353
"../../../Engine/Content/EngineMaterials/Substrate/GLints/dict_16_192_64_0p5_0p02_0045_0012.uasset" 5354
"../../../Engine/Content/EngineMaterials/Substrate/GLints/dict_16_192_64_0p5_0p02_0045_0000.uasset" 5355
"../../../Engine/Content/EngineMaterials/Substrate/GLints/dict_16_192_64_0p5_0p02_0045_0005.uasset" 5356
"../../../Engine/Content/EngineMaterials/Substrate/GLints/dict_16_192_64_0p5_0p02_0045_0009.uasset" 5357
"../../../Engine/Content/EngineMaterials/Substrate/GLints/dict_16_192_64_0p5_0p02_0045_0008.uasset" 5358
"../../../Engine/Content/EngineMaterials/Substrate/GLints/dict_16_192_64_0p5_0p02_0045_0003.uasset" 5359
"/Engine/EngineMaterials/Substrate/GLints/dict_16_192_64_0p5_0p02_0046_0013" 5360
"../../../Engine/Content/EngineMaterials/Substrate/GLints/dict_16_192_64_0p5_0p02_0045_0010.uasset" 5361
"../../../Engine/Content/EngineMaterials/Substrate/GLints/dict_16_192_64_0p5_0p02_0045_0004.uasset" 5362
"/Engine/EngineMaterials/Substrate/GLints/dict_16_192_64_0p5_0p02_0044_0014" 5363
"../../../Engine/Content/EngineMaterials/Substrate/GLints/dict_16_192_64_0p5_0p02_0044_0015.uasset" 5364
"../../../Engine/Content/EngineMaterials/Substrate/GLints/dict_16_192_64_0p5_0p02_0045_0007.uasset" 5365
"/Engine/EngineMaterials/Substrate/GLints/dict_16_192_64_0p5_0p02_0045_0000" 5366
"../../../Engine/Content/EngineMaterials/Substrate/GLints/dict_16_192_64_0p5_0p02_0044_0011.uasset" 5367
"../../../Engine/Content/EngineMaterials/Substrate/GLints/dict_16_192_64_0p5_0p02_0045_0015.uasset" 5368
"/Engine/EngineMaterials/Substrate/GLints/dict_16_192_64_0p5_0p02_0045_0002" 5369
"../../../Engine/Content/EngineMaterials/Substrate/GLints/dict_16_192_64_0p5_0p02_0044_0009.uasset" 5370
"../../../Engine/Content/EngineMaterials/Substrate/GLints/dict_16_192_64_0p5_0p02_0045_0001.uasset" 5371
"../../../Engine/Content/EngineMaterials/Substrate/GLints/dict_16_192_64_0p5_0p02_0045_0006.uasset" 5372
"../../../Engine/Content/EngineMaterials/Substrate/GLints/dict_16_192_64_0p5_0p02_0044_0004.uasset" 5373
"/Engine/EngineMaterials/Substrate/GLints/dict_16_192_64_0p5_0p02_0045_0003" 5374
"../../../Engine/Content/EngineMaterials/Substrate/GLints/dict_16_192_64_0p5_0p02_0044_0003.uasset" 5375
"/Engine/EngineMaterials/Substrate/GLints/dict_16_192_64_0p5_0p02_0045_0004" 5376
"/Engine/EngineMaterials/Substrate/GLints/dict_16_192_64_0p5_0p02_0045_0005" 5377
"/Engine/EngineMaterials/Substrate/GLints/dict_16_192_64_0p5_0p02_0045_0008" 5378
"/Engine/EngineMaterials/Substrate/GLints/dict_16_192_64_0p5_0p02_0045_0009" 5379
"../../../Engine/Content/EngineMaterials/Substrate/GLints/dict_16_192_64_0p5_0p02_0044_0000.uasset" 5380
"/Engine/EngineMaterials/Substrate/GLints/dict_16_192_64_0p5_0p02_0045_0010" 5381
"/Engine/EngineMaterials/Substrate/GLints/dict_16_192_64_0p5_0p02_0045_0011" 5382
"/Engine/EngineMaterials/Substrate/GLints/dict_16_192_64_0p5_0p02_0045_0012" 5383
"/Engine/EngineMaterials/Substrate/GLints/dict_16_192_64_0p5_0p02_0045_0013" 5384
"../../../Engine/Content/EngineMaterials/Substrate/GLints/dict_16_192_64_0p5_0p02_0044_0005.uasset" 5385
"/Engine/EngineMaterials/Substrate/GLints/dict_16_192_64_0p5_0p02_0045_0014" 5386
"../../../Engine/Content/EngineMaterials/Substrate/GLints/dict_16_192_64_0p5_0p02_0044_0001.uasset" 5387
"../../../Engine/Content/EngineMaterials/Substrate/GLints/dict_16_192_64_0p5_0p02_0044_0006.uasset" 5388
"../../../Engine/Content/EngineMaterials/Substrate/GLints/dict_16_192_64_0p5_0p02_0044_0008.uasset" 5389
"../../../Engine/Content/EngineMaterials/Substrate/GLints/dict_16_192_64_0p5_0p02_0044_0002.uasset" 5390
"../../../Engine/Content/EngineMaterials/Substrate/GLints/dict_16_192_64_0p5_0p02_0044_0012.uasset" 5391
"../../../Engine/Content/EngineMaterials/Substrate/GLints/dict_16_192_64_0p5_0p02_0044_0010.uasset" 5392
"../../../Engine/Content/EngineMaterials/Substrate/GLints/dict_16_192_64_0p5_0p02_0044_0013.uasset" 5393
"/Engine/EngineMaterials/Substrate/GLints/dict_16_192_64_0p5_0p02_0044_0000" 5394
"../../../Engine/Content/EngineMaterials/Substrate/GLints/dict_16_192_64_0p5_0p02_0044_0007.uasset" 5395
"/Engine/EngineMaterials/Substrate/GLints/dict_16_192_64_0p5_0p02_0044_0001" 5396
"../../../Engine/Content/EngineMaterials/Substrate/GLints/dict_16_192_64_0p5_0p02_0043_0011.uasset" 5397
"../../../Engine/Content/EngineMaterials/Substrate/GLints/dict_16_192_64_0p5_0p02_0043_0010.uasset" 5398
"../../../Engine/Content/EngineMaterials/Substrate/GLints/dict_16_192_64_0p5_0p02_0043_0004.uasset" 5399
"../../../Engine/Content/EngineMaterials/Substrate/GLints/dict_16_192_64_0p5_0p02_0043_0007.uasset" 5400
"../../../Engine/Content/EngineMaterials/Substrate/GLints/dict_16_192_64_0p5_0p02_0043_0009.uasset" 5401
"/Engine/EngineMaterials/Substrate/GLints/dict_16_192_64_0p5_0p02_0044_0015" 5402
"/Engine/EngineMaterials/Substrate/GLints/dict_16_192_64_0p5_0p02_0045_0001" 5403
"/Engine/EngineMaterials/Substrate/GLints/dict_16_192_64_0p5_0p02_0044_0002" 5404
"/Engine/EngineMaterials/Substrate/GLints/dict_16_192_64_0p5_0p02_0044_0003" 5405
"/Engine/EngineMaterials/Substrate/GLints/dict_16_192_64_0p5_0p02_0044_0004" 5406
"/Engine/EngineMaterials/Substrate/GLints/dict_16_192_64_0p5_0p02_0044_0005" 5407
"/Engine/EngineMaterials/Substrate/GLints/dict_16_192_64_0p5_0p02_0044_0006" 5408
"../../../Engine/Content/EngineMaterials/Substrate/GLints/dict_16_192_64_0p5_0p02_0043_0012.uasset" 5409
"../../../Engine/Content/EngineMaterials/Substrate/GLints/dict_16_192_64_0p5_0p02_0043_0006.uasset" 5410
"/Engine/EngineMaterials/Substrate/GLints/dict_16_192_64_0p5_0p02_0044_0008" 5411
"../../../Engine/Content/EngineMaterials/Substrate/GLints/dict_16_192_64_0p5_0p02_0043_0015.uasset" 5412
"../../../Engine/Content/EngineMaterials/Substrate/GLints/dict_16_192_64_0p5_0p02_0043_0005.uasset" 5413
"../../../Engine/Content/EngineMaterials/Substrate/GLints/dict_16_192_64_0p5_0p02_0043_0008.uasset" 5414
"../../../Engine/Content/EngineMaterials/Substrate/GLints/dict_16_192_64_0p5_0p02_0043_0003.uasset" 5415
"../../../Engine/Content/EngineMaterials/Substrate/GLints/dict_16_192_64_0p5_0p02_0043_0013.uasset" 5416
"../../../Engine/Content/EngineMaterials/Substrate/GLints/dict_16_192_64_0p5_0p02_0043_0014.uasset" 5417
"/Engine/EngineMaterials/Substrate/GLints/dict_16_192_64_0p5_0p02_0044_0009" 5418
"/Engine/EngineMaterials/Substrate/GLints/dict_16_192_64_0p5_0p02_0045_0006" 5419
"/Engine/EngineMaterials/Substrate/GLints/dict_16_192_64_0p5_0p02_0045_0007" 5420
"/Engine/EngineMaterials/Substrate/GLints/dict_16_192_64_0p5_0p02_0044_0011" 5421
"/Engine/EngineMaterials/Substrate/GLints/dict_16_192_64_0p5_0p02_0045_0015" 5422
"/Engine/EngineMaterials/Substrate/GLints/dict_16_192_64_0p5_0p02_0043_0003" 5423
"/Engine/EngineMaterials/Substrate/GLints/dict_16_192_64_0p5_0p02_0043_0004" 5424
"../../../Engine/Content/EngineMaterials/Substrate/GLints/dict_16_192_64_0p5_0p02_0042_0014.uasset" 5425
"../../../Engine/Content/EngineMaterials/Substrate/GLints/dict_16_192_64_0p5_0p02_0042_0011.uasset" 5426
"/Engine/EngineMaterials/Substrate/GLints/dict_16_192_64_0p5_0p02_0043_0005" 5427
"/Engine/EngineMaterials/Substrate/GLints/dict_16_192_64_0p5_0p02_0043_0006" 5428
"/Engine/EngineMaterials/Substrate/GLints/dict_16_192_64_0p5_0p02_0044_0007" 5429
"/Engine/EngineMaterials/Substrate/GLints/dict_16_192_64_0p5_0p02_0043_0007" 5430
"/Engine/EngineMaterials/Substrate/GLints/dict_16_192_64_0p5_0p02_0043_0008" 5431
"/Engine/EngineMaterials/Substrate/GLints/dict_16_192_64_0p5_0p02_0044_0010" 5432
"/Engine/EngineMaterials/Substrate/GLints/dict_16_192_64_0p5_0p02_0043_0009" 5433
"/Engine/EngineMaterials/Substrate/GLints/dict_16_192_64_0p5_0p02_0043_0010" 5434
"../../../Engine/Content/EngineMaterials/Substrate/GLints/dict_16_192_64_0p5_0p02_0042_0007.uasset" 5435
"/Engine/EngineMaterials/Substrate/GLints/dict_16_192_64_0p5_0p02_0043_0011" 5436
"../../../Engine/Content/EngineMaterials/Substrate/GLints/dict_16_192_64_0p5_0p02_0042_0015.uasset" 5437
"../../../Engine/Content/EngineMaterials/Substrate/GLints/dict_16_192_64_0p5_0p02_0043_0002.uasset" 5438
"../../../Engine/Content/EngineMaterials/Substrate/GLints/dict_16_192_64_0p5_0p02_0042_0010.uasset" 5439
"../../../Engine/Content/EngineMaterials/Substrate/GLints/dict_16_192_64_0p5_0p02_0042_0012.uasset" 5440
"/Engine/EngineMaterials/Substrate/GLints/dict_16_192_64_0p5_0p02_0044_0012" 5441
"../../../Engine/Content/EngineMaterials/Substrate/GLints/dict_16_192_64_0p5_0p02_0042_0006.uasset" 5442
"../../../Engine/Content/EngineMaterials/Substrate/GLints/dict_16_192_64_0p5_0p02_0043_0000.uasset" 5443
"../../../Engine/Content/EngineMaterials/Substrate/GLints/dict_16_192_64_0p5_0p02_0043_0001.uasset" 5444
"/Engine/EngineMaterials/Substrate/GLints/dict_16_192_64_0p5_0p02_0043_0012" 5445
"../../../Engine/Content/EngineMaterials/Substrate/GLints/dict_16_192_64_0p5_0p02_0042_0009.uasset" 5446
"../../../Engine/Content/EngineMaterials/Substrate/GLints/dict_16_192_64_0p5_0p02_0042_0005.uasset" 5447
"../../../Engine/Content/EngineMaterials/Substrate/GLints/dict_16_192_64_0p5_0p02_0042_0008.uasset" 5448
"../../../Engine/Content/EngineMaterials/Substrate/GLints/dict_16_192_64_0p5_0p02_0042_0004.uasset" 5449
"../../../Engine/Content/EngineMaterials/Substrate/GLints/dict_16_192_64_0p5_0p02_0042_0013.uasset" 5450
"/Engine/EngineMaterials/Substrate/GLints/dict_16_192_64_0p5_0p02_0043_0013" 5451
"/Engine/EngineMaterials/Substrate/GLints/dict_16_192_64_0p5_0p02_0043_0014" 5452
"/Engine/EngineMaterials/Substrate/GLints/dict_16_192_64_0p5_0p02_0044_0013" 5453
"/Engine/EngineMaterials/Substrate/GLints/dict_16_192_64_0p5_0p02_0043_0015" 5454
"/Engine/EngineMaterials/Substrate/GLints/dict_16_192_64_0p5_0p02_0042_0004" 5455
"/Engine/EngineMaterials/Substrate/GLints/dict_16_192_64_0p5_0p02_0042_0005" 5456
"../../../Engine/Content/EngineMaterials/Substrate/GLints/dict_16_192_64_0p5_0p02_0042_0001.uasset" 5457
"/Engine/EngineMaterials/Substrate/GLints/dict_16_192_64_0p5_0p02_0042_0006" 5458
"/Engine/EngineMaterials/Substrate/GLints/dict_16_192_64_0p5_0p02_0042_0007" 5459
"/Engine/EngineMaterials/Substrate/GLints/dict_16_192_64_0p5_0p02_0042_0008" 5460
"/Engine/EngineMaterials/Substrate/GLints/dict_16_192_64_0p5_0p02_0042_0009" 5461
"/Engine/EngineMaterials/Substrate/GLints/dict_16_192_64_0p5_0p02_0042_0010" 5462
"/Engine/EngineMaterials/Substrate/GLints/dict_16_192_64_0p5_0p02_0042_0011" 5463
"/Engine/EngineMaterials/Substrate/GLints/dict_16_192_64_0p5_0p02_0042_0012" 5464
"/Engine/EngineMaterials/Substrate/GLints/dict_16_192_64_0p5_0p02_0042_0013" 5465
"/Engine/EngineMaterials/Substrate/GLints/dict_16_192_64_0p5_0p02_0042_0014" 5466
"/Engine/EngineMaterials/Substrate/GLints/dict_16_192_64_0p5_0p02_0042_0015" 5467
"/Engine/EngineMaterials/Substrate/GLints/dict_16_192_64_0p5_0p02_0043_0000" 5468
"/Engine/EngineMaterials/Substrate/GLints/dict_16_192_64_0p5_0p02_0043_0001" 5469
"../../../Engine/Content/EngineMaterials/Substrate/GLints/dict_16_192_64_0p5_0p02_0041_0006.uasset" 5470
"../../../Engine/Content/EngineMaterials/Substrate/GLints/dict_16_192_64_0p5_0p02_0042_0002.uasset" 5471
"../../../Engine/Content/EngineMaterials/Substrate/GLints/dict_16_192_64_0p5_0p02_0042_0003.uasset" 5472
"/Engine/EngineMaterials/Substrate/GLints/dict_16_192_64_0p5_0p02_0043_0002" 5473
"../../../Engine/Content/EngineMaterials/Substrate/GLints/dict_16_192_64_0p5_0p02_0041_0005.uasset" 5474
"../../../Engine/Content/EngineMaterials/Substrate/GLints/dict_16_192_64_0p5_0p02_0041_0015.uasset" 5475
"/Engine/EngineMaterials/Substrate/GLints/dict_16_192_64_0p5_0p02_0041_0005" 5476
"../../../Engine/Content/EngineMaterials/Substrate/GLints/dict_16_192_64_0p5_0p02_0041_0013.uasset" 5477
"/Engine/EngineMaterials/Substrate/GLints/dict_16_192_64_0p5_0p02_0041_0006" 5478
"../../../Engine/Content/EngineMaterials/Substrate/GLints/dict_16_192_64_0p5_0p02_0041_0004.uasset" 5479
"../../../Engine/Content/EngineMaterials/Substrate/GLints/dict_16_192_64_0p5_0p02_0042_0000.uasset" 5480
"../../../Engine/Content/EngineMaterials/Substrate/GLints/dict_16_192_64_0p5_0p02_0041_0010.uasset" 5481
"/Engine/EngineMaterials/Substrate/GLints/dict_16_192_64_0p5_0p02_0041_0015" 5482
"../../../Engine/Content/EngineMaterials/Substrate/GLints/dict_16_192_64_0p5_0p02_0040_0015.uasset" 5483
"../../../Engine/Content/EngineMaterials/Substrate/GLints/dict_16_192_64_0p5_0p02_0040_0012.uasset" 5484
"/Engine/EngineMaterials/Substrate/GLints/dict_16_192_64_0p5_0p02_0042_0001" 5485
"../../../Engine/Content/EngineMaterials/Substrate/GLints/dict_16_192_64_0p5_0p02_0041_0008.uasset" 5486
"../../../Engine/Content/EngineMaterials/Substrate/GLints/dict_16_192_64_0p5_0p02_0041_0009.uasset" 5487
"/Engine/EngineMaterials/Substrate/GLints/dict_16_192_64_0p5_0p02_0042_0002" 5488
"../../../Engine/Content/EngineMaterials/Substrate/GLints/dict_16_192_64_0p5_0p02_0041_0014.uasset" 5489
"../../../Engine/Content/EngineMaterials/Substrate/GLints/dict_16_192_64_0p5_0p02_0041_0007.uasset" 5490
"../../../Engine/Content/EngineMaterials/Substrate/GLints/dict_16_192_64_0p5_0p02_0041_0011.uasset" 5491
"/Engine/EngineMaterials/Substrate/GLints/dict_16_192_64_0p5_0p02_0042_0003" 5492
"../../../Engine/Content/EngineMaterials/Substrate/GLints/dict_16_192_64_0p5_0p02_0041_0012.uasset" 5493
"../../../Engine/Content/EngineMaterials/Substrate/GLints/dict_16_192_64_0p5_0p02_0040_0007.uasset" 5494
"/Engine/EngineMaterials/Substrate/GLints/dict_16_192_64_0p5_0p02_0041_0004" 5495
"../../../Engine/Content/EngineMaterials/Substrate/GLints/dict_16_192_64_0p5_0p02_0041_0003.uasset" 5496
"/Engine/EngineMaterials/Substrate/GLints/dict_16_192_64_0p5_0p02_0040_0007" 5497
"/Engine/EngineMaterials/Substrate/GLints/dict_16_192_64_0p5_0p02_0040_0012" 5498
"../../../Engine/Content/EngineMaterials/Substrate/GLints/dict_16_192_64_0p5_0p02_0040_0005.uasset" 5499
"/Engine/EngineMaterials/Substrate/GLints/dict_16_192_64_0p5_0p02_0041_0007" 5500
"/Engine/EngineMaterials/Substrate/GLints/dict_16_192_64_0p5_0p02_0041_0008" 5501
"/Engine/EngineMaterials/Substrate/GLints/dict_16_192_64_0p5_0p02_0041_0009" 5502
"/Engine/EngineMaterials/Substrate/GLints/dict_16_192_64_0p5_0p02_0040_0015" 5503
"/Engine/EngineMaterials/Substrate/GLints/dict_16_192_64_0p5_0p02_0041_0010" 5504
"../../../Engine/Content/EngineMaterials/Substrate/GLints/dict_16_192_64_0p5_0p02_0040_0013.uasset" 5505
"../../../Engine/Content/EngineMaterials/Substrate/GLints/dict_16_192_64_0p5_0p02_0040_0002.uasset" 5506
"/Engine/EngineMaterials/Substrate/GLints/dict_16_192_64_0p5_0p02_0041_0011" 5507
"../../../Engine/Content/EngineMaterials/Substrate/GLints/dict_16_192_64_0p5_0p02_0041_0001.uasset" 5508
"../../../Engine/Content/EngineMaterials/Substrate/GLints/dict_16_192_64_0p5_0p02_0040_0014.uasset" 5509
"../../../Engine/Content/EngineMaterials/Substrate/GLints/dict_16_192_64_0p5_0p02_0041_0000.uasset" 5510
"../../../Engine/Content/EngineMaterials/Substrate/GLints/dict_16_192_64_0p5_0p02_0040_0008.uasset" 5511
"../../../Engine/Content/EngineMaterials/Substrate/GLints/dict_16_192_64_0p5_0p02_0041_0002.uasset" 5512
"../../../Engine/Content/EngineMaterials/Substrate/GLints/dict_16_192_64_0p5_0p02_0040_0011.uasset" 5513
"/Engine/EngineMaterials/Substrate/GLints/dict_16_192_64_0p5_0p02_0041_0012" 5514
"/Engine/EngineMaterials/Substrate/GLints/dict_16_192_64_0p5_0p02_0041_0013" 5515
"../../../Engine/Content/EngineMaterials/Substrate/GLints/dict_16_192_64_0p5_0p02_0040_0010.uasset" 5516
"/Engine/EngineMaterials/Substrate/GLints/dict_16_192_64_0p5_0p02_0041_0014" 5517
"../../../Engine/Content/EngineMaterials/Substrate/GLints/dict_16_192_64_0p5_0p02_0040_0001.uasset" 5518
"../../../Engine/Content/EngineMaterials/Substrate/GLints/dict_16_192_64_0p5_0p02_0040_0009.uasset" 5519
"../../../Engine/Content/EngineMaterials/Substrate/GLints/dict_16_192_64_0p5_0p02_0040_0006.uasset" 5520
"/Engine/EngineMaterials/Substrate/GLints/dict_16_192_64_0p5_0p02_0042_0000" 5521
"../../../Engine/Content/EngineMaterials/Substrate/GLints/dict_16_192_64_0p5_0p02_0040_0003.uasset" 5522
"../../../Engine/Content/EngineMaterials/Substrate/GLints/dict_16_192_64_0p5_0p02_0039_0014.uasset" 5523
"../../../Engine/Content/EngineMaterials/Substrate/GLints/dict_16_192_64_0p5_0p02_0040_0004.uasset" 5524
"../../../Engine/Content/EngineMaterials/Substrate/GLints/dict_16_192_64_0p5_0p02_0039_0015.uasset" 5525
"../../../Engine/Content/EngineMaterials/Substrate/GLints/dict_16_192_64_0p5_0p02_0040_0000.uasset" 5526
"/Engine/EngineMaterials/Substrate/GLints/dict_16_192_64_0p5_0p02_0041_0003" 5527
"/Engine/EngineMaterials/Substrate/GLints/dict_16_192_64_0p5_0p02_0040_0004" 5528
"/Engine/EngineMaterials/Substrate/GLints/dict_16_192_64_0p5_0p02_0040_0005" 5529
"../../../Engine/Content/EngineMaterials/Substrate/GLints/dict_16_192_64_0p5_0p02_0039_0002.uasset" 5530
"/Engine/EngineMaterials/Substrate/GLints/dict_16_192_64_0p5_0p02_0040_0006" 5531
"/Engine/EngineMaterials/Substrate/GLints/dict_16_192_64_0p5_0p02_0039_0014" 5532
"/Engine/EngineMaterials/Substrate/GLints/dict_16_192_64_0p5_0p02_0040_0008" 5533
"/Engine/EngineMaterials/Substrate/GLints/dict_16_192_64_0p5_0p02_0040_0009" 5534
"/Engine/EngineMaterials/Substrate/GLints/dict_16_192_64_0p5_0p02_0040_0010" 5535
"/Engine/EngineMaterials/Substrate/GLints/dict_16_192_64_0p5_0p02_0040_0011" 5536
"/Engine/EngineMaterials/Substrate/GLints/dict_16_192_64_0p5_0p02_0039_0015" 5537
"/Engine/EngineMaterials/Substrate/GLints/dict_16_192_64_0p5_0p02_0040_0013" 5538
"../../../Engine/Content/EngineMaterials/Substrate/GLints/dict_16_192_64_0p5_0p02_0039_0001.uasset" 5539
"../../../Engine/Content/EngineMaterials/Substrate/GLints/dict_16_192_64_0p5_0p02_0039_0003.uasset" 5540
"/Engine/EngineMaterials/Substrate/GLints/dict_16_192_64_0p5_0p02_0040_0014" 5541
"../../../Engine/Content/EngineMaterials/Substrate/GLints/dict_16_192_64_0p5_0p02_0039_0005.uasset" 5542
"../../../Engine/Content/EngineMaterials/Substrate/GLints/dict_16_192_64_0p5_0p02_0039_0011.uasset" 5543
"../../../Engine/Content/EngineMaterials/Substrate/GLints/dict_16_192_64_0p5_0p02_0039_0009.uasset" 5544
"../../../Engine/Content/EngineMaterials/Substrate/GLints/dict_16_192_64_0p5_0p02_0039_0012.uasset" 5545
"../../../Engine/Content/EngineMaterials/Substrate/GLints/dict_16_192_64_0p5_0p02_0039_0008.uasset" 5546
"../../../Engine/Content/EngineMaterials/Substrate/GLints/dict_16_192_64_0p5_0p02_0039_0013.uasset" 5547
"../../../Engine/Content/EngineMaterials/Substrate/GLints/dict_16_192_64_0p5_0p02_0039_0010.uasset" 5548
"../../../Engine/Content/EngineMaterials/Substrate/GLints/dict_16_192_64_0p5_0p02_0039_0004.uasset" 5549
"/Engine/EngineMaterials/Substrate/GLints/dict_16_192_64_0p5_0p02_0041_0000" 5550
"../../../Engine/Content/EngineMaterials/Substrate/GLints/dict_16_192_64_0p5_0p02_0039_0006.uasset" 5551
"../../../Engine/Content/EngineMaterials/Substrate/GLints/dict_16_192_64_0p5_0p02_0039_0007.uasset" 5552
"/Engine/EngineMaterials/Substrate/GLints/dict_16_192_64_0p5_0p02_0041_0001" 5553
"/Engine/EngineMaterials/Substrate/GLints/dict_16_192_64_0p5_0p02_0040_0000" 5554
"/Engine/EngineMaterials/Substrate/GLints/dict_16_192_64_0p5_0p02_0040_0001" 5555
"/Engine/EngineMaterials/Substrate/GLints/dict_16_192_64_0p5_0p02_0040_0002" 5556
"/Engine/EngineMaterials/Substrate/GLints/dict_16_192_64_0p5_0p02_0040_0003" 5557
"/Engine/EngineMaterials/Substrate/GLints/dict_16_192_64_0p5_0p02_0041_0002" 5558
"/Engine/EngineMaterials/Substrate/GLints/dict_16_192_64_0p5_0p02_0039_0001" 5559
"/Engine/EngineMaterials/Substrate/GLints/dict_16_192_64_0p5_0p02_0039_0002" 5560
"../../../Engine/Content/EngineMaterials/Substrate/GLints/dict_16_192_64_0p5_0p02_0038_0015.uasset" 5561
"../../../Engine/Content/EngineMaterials/Substrate/GLints/dict_16_192_64_0p5_0p02_0038_0013.uasset" 5562
"/Engine/EngineMaterials/Substrate/GLints/dict_16_192_64_0p5_0p02_0039_0003" 5563
"/Engine/EngineMaterials/Substrate/GLints/dict_16_192_64_0p5_0p02_0039_0004" 5564
"/Engine/EngineMaterials/Substrate/GLints/dict_16_192_64_0p5_0p02_0039_0005" 5565
"/Engine/EngineMaterials/Substrate/GLints/dict_16_192_64_0p5_0p02_0039_0006" 5566
"/Engine/EngineMaterials/Substrate/GLints/dict_16_192_64_0p5_0p02_0039_0007" 5567
"/Engine/EngineMaterials/Substrate/GLints/dict_16_192_64_0p5_0p02_0039_0008" 5568
"/Engine/EngineMaterials/Substrate/GLints/dict_16_192_64_0p5_0p02_0039_0009" 5569
"/Engine/EngineMaterials/Substrate/GLints/dict_16_192_64_0p5_0p02_0039_0010" 5570
"/Engine/EngineMaterials/Substrate/GLints/dict_16_192_64_0p5_0p02_0039_0011" 5571
"/Engine/EngineMaterials/Substrate/GLints/dict_16_192_64_0p5_0p02_0039_0012" 5572
"/Engine/EngineMaterials/Substrate/GLints/dict_16_192_64_0p5_0p02_0039_0013" 5573
"../../../Engine/Content/EngineMaterials/Substrate/GLints/dict_16_192_64_0p5_0p02_0038_0007.uasset" 5574
"../../../Engine/Content/EngineMaterials/Substrate/GLints/dict_16_192_64_0p5_0p02_0038_0008.uasset" 5575
"/Engine/EngineMaterials/Substrate/GLints/dict_16_192_64_0p5_0p02_0038_0007" 5576
"/Engine/EngineMaterials/Substrate/GLints/dict_16_192_64_0p5_0p02_0038_0013" 5577
"../../../Engine/Content/EngineMaterials/Substrate/GLints/dict_16_192_64_0p5_0p02_0038_0004.uasset" 5578
"../../../Engine/Content/EngineMaterials/Substrate/GLints/dict_16_192_64_0p5_0p02_0039_0000.uasset" 5579
"../../../Engine/Content/EngineMaterials/Substrate/GLints/dict_16_192_64_0p5_0p02_0038_0012.uasset" 5580
"../../../Engine/Content/EngineMaterials/Substrate/GLints/dict_16_192_64_0p5_0p02_0038_0010.uasset" 5581
"../../../Engine/Content/EngineMaterials/Substrate/GLints/dict_16_192_64_0p5_0p02_0038_0005.uasset" 5582
"/Engine/EngineMaterials/Substrate/GLints/dict_16_192_64_0p5_0p02_0038_0015" 5583
"../../../Engine/Content/EngineMaterials/Substrate/GLints/dict_16_192_64_0p5_0p02_0037_0015.uasset" 5584
"../../../Engine/Content/EngineMaterials/Substrate/GLints/dict_16_192_64_0p5_0p02_0037_0013.uasset" 5585
"../../../Engine/Content/EngineMaterials/Substrate/GLints/dict_16_192_64_0p5_0p02_0038_0009.uasset" 5586
"../../../Engine/Content/EngineMaterials/Substrate/GLints/dict_16_192_64_0p5_0p02_0037_0012.uasset" 5587
"/Engine/EngineMaterials/Substrate/GLints/dict_16_192_64_0p5_0p02_0037_0015" 5588
"../../../Engine/Content/EngineMaterials/Substrate/GLints/dict_16_192_64_0p5_0p02_0038_0014.uasset" 5589
"/Engine/EngineMaterials/Substrate/GLints/dict_16_192_64_0p5_0p02_0038_0004" 5590
"../../../Engine/Content/EngineMaterials/Substrate/GLints/dict_16_192_64_0p5_0p02_0038_0006.uasset" 5591
"../../../Engine/Content/EngineMaterials/Substrate/GLints/dict_16_192_64_0p5_0p02_0038_0001.uasset" 5592
"../../../Engine/Content/EngineMaterials/Substrate/GLints/dict_16_192_64_0p5_0p02_0038_0000.uasset" 5593
"../../../Engine/Content/EngineMaterials/Substrate/GLints/dict_16_192_64_0p5_0p02_0038_0003.uasset" 5594
"/Engine/EngineMaterials/Substrate/GLints/dict_16_192_64_0p5_0p02_0038_0005" 5595
"/Engine/EngineMaterials/Substrate/GLints/dict_16_192_64_0p5_0p02_0038_0008" 5596
"/Engine/EngineMaterials/Substrate/GLints/dict_16_192_64_0p5_0p02_0038_0009" 5597
"../../../Engine/Content/EngineMaterials/Substrate/GLints/dict_16_192_64_0p5_0p02_0038_0002.uasset" 5598
"/Engine/EngineMaterials/Substrate/GLints/dict_16_192_64_0p5_0p02_0038_0010" 5599
"../../../Engine/Content/EngineMaterials/Substrate/GLints/dict_16_192_64_0p5_0p02_0038_0011.uasset" 5600
"/Engine/EngineMaterials/Substrate/GLints/dict_16_192_64_0p5_0p02_0037_0012" 5601
"/Engine/EngineMaterials/Substrate/GLints/dict_16_192_64_0p5_0p02_0038_0012" 5602
"../../../Engine/Content/EngineMaterials/Substrate/GLints/dict_16_192_64_0p5_0p02_0037_0014.uasset" 5603
"/Engine/EngineMaterials/Substrate/GLints/dict_16_192_64_0p5_0p02_0037_0013" 5604
"/Engine/EngineMaterials/Substrate/GLints/dict_16_192_64_0p5_0p02_0039_0000" 5605
"/Engine/EngineMaterials/Substrate/GLints/dict_16_192_64_0p5_0p02_0037_0014" 5606
"../../../Engine/Content/EngineMaterials/Substrate/GLints/dict_16_192_64_0p5_0p02_0037_0007.uasset" 5607
"/Engine/EngineMaterials/Substrate/GLints/dict_16_192_64_0p5_0p02_0038_0000" 5608
"../../../Engine/Content/EngineMaterials/Substrate/GLints/dict_16_192_64_0p5_0p02_0037_0002.uasset" 5609
"../../../Engine/Content/EngineMaterials/Substrate/GLints/dict_16_192_64_0p5_0p02_0037_0006.uasset" 5610
"../../../Engine/Content/EngineMaterials/Substrate/GLints/dict_16_192_64_0p5_0p02_0037_0010.uasset" 5611
"/Engine/EngineMaterials/Substrate/GLints/dict_16_192_64_0p5_0p02_0038_0001" 5612
"../../../Engine/Content/EngineMaterials/Substrate/GLints/dict_16_192_64_0p5_0p02_0037_0011.uasset" 5613
"/Engine/EngineMaterials/Substrate/GLints/dict_16_192_64_0p5_0p02_0038_0002" 5614
"/Engine/EngineMaterials/Substrate/GLints/dict_16_192_64_0p5_0p02_0038_0003" 5615
"../../../Engine/Content/EngineMaterials/Substrate/GLints/dict_16_192_64_0p5_0p02_0037_0009.uasset" 5616
"../../../Engine/Content/EngineMaterials/Substrate/GLints/dict_16_192_64_0p5_0p02_0037_0005.uasset" 5617
"../../../Engine/Content/EngineMaterials/Substrate/GLints/dict_16_192_64_0p5_0p02_0036_0007.uasset" 5618
"/Engine/EngineMaterials/Substrate/GLints/dict_16_192_64_0p5_0p02_0038_0006" 5619
"../../../Engine/Content/EngineMaterials/Substrate/GLints/dict_16_192_64_0p5_0p02_0037_0001.uasset" 5620
"../../../Engine/Content/EngineMaterials/Substrate/GLints/dict_16_192_64_0p5_0p02_0037_0008.uasset" 5621
"/Engine/EngineMaterials/Substrate/GLints/dict_16_192_64_0p5_0p02_0038_0011" 5622
"/Engine/EngineMaterials/Substrate/GLints/dict_16_192_64_0p5_0p02_0038_0014" 5623
"../../../Engine/Content/EngineMaterials/Substrate/GLints/dict_16_192_64_0p5_0p02_0037_0003.uasset" 5624
"/Engine/EngineMaterials/Substrate/GLints/dict_16_192_64_0p5_0p02_0037_0001" 5625
"../../../Engine/Content/EngineMaterials/Substrate/GLints/dict_16_192_64_0p5_0p02_0036_0015.uasset" 5626
"../../../Engine/Content/EngineMaterials/Substrate/GLints/dict_16_192_64_0p5_0p02_0037_0004.uasset" 5627
"../../../Engine/Content/EngineMaterials/Substrate/GLints/dict_16_192_64_0p5_0p02_0036_0014.uasset" 5628
"/Engine/EngineMaterials/Substrate/GLints/dict_16_192_64_0p5_0p02_0037_0002" 5629
"../../../Engine/Content/EngineMaterials/Substrate/GLints/dict_16_192_64_0p5_0p02_0037_0000.uasset" 5630
"../../../Engine/Content/EngineMaterials/Substrate/GLints/dict_16_192_64_0p5_0p02_0036_0003.uasset" 5631
"../../../Engine/Content/EngineMaterials/Substrate/GLints/dict_16_192_64_0p5_0p02_0036_0000.uasset" 5632
"/Engine/EngineMaterials/Substrate/GLints/dict_16_192_64_0p5_0p02_0037_0003" 5633
"/Engine/EngineMaterials/Substrate/GLints/dict_16_192_64_0p5_0p02_0036_0007" 5634
"/Engine/EngineMaterials/Substrate/GLints/dict_16_192_64_0p5_0p02_0037_0005" 5635
"/Engine/EngineMaterials/Substrate/GLints/dict_16_192_64_0p5_0p02_0037_0006" 5636
"../../../Engine/Content/EngineMaterials/Substrate/GLints/dict_16_192_64_0p5_0p02_0035_0012.uasset" 5637
"../../../Engine/Content/EngineMaterials/Substrate/GLints/dict_16_192_64_0p5_0p02_0036_0009.uasset" 5638
"/Engine/EngineMaterials/Substrate/GLints/dict_16_192_64_0p5_0p02_0037_0007" 5639
"../../../Engine/Content/EngineMaterials/Substrate/GLints/dict_16_192_64_0p5_0p02_0036_0013.uasset" 5640
"../../../Engine/Content/EngineMaterials/Substrate/GLints/dict_16_192_64_0p5_0p02_0036_0010.uasset" 5641
"/Engine/EngineMaterials/Substrate/GLints/dict_16_192_64_0p5_0p02_0037_0008" 5642
"/Engine/EngineMaterials/Substrate/GLints/dict_16_192_64_0p5_0p02_0037_0009" 5643
"../../../Engine/Content/EngineMaterials/Substrate/GLints/dict_16_192_64_0p5_0p02_0036_0012.uasset" 5644
"../../../Engine/Content/EngineMaterials/Substrate/GLints/dict_16_192_64_0p5_0p02_0036_0008.uasset" 5645
"../../../Engine/Content/EngineMaterials/Substrate/GLints/dict_16_192_64_0p5_0p02_0036_0005.uasset" 5646
"../../../Engine/Content/EngineMaterials/Substrate/GLints/dict_16_192_64_0p5_0p02_0036_0006.uasset" 5647
"/Engine/EngineMaterials/Substrate/GLints/dict_16_192_64_0p5_0p02_0037_0010" 5648
"/Engine/EngineMaterials/Substrate/GLints/dict_16_192_64_0p5_0p02_0037_0011" 5649
"/Engine/EngineMaterials/Substrate/GLints/dict_16_192_64_0p5_0p02_0035_0012" 5650
"/Engine/EngineMaterials/Substrate/GLints/dict_16_192_64_0p5_0p02_0036_0000" 5651
"../../../Engine/Content/EngineMaterials/Substrate/GLints/dict_16_192_64_0p5_0p02_0035_0011.uasset" 5652
"../../../Engine/Content/EngineMaterials/Substrate/GLints/dict_16_192_64_0p5_0p02_0036_0011.uasset" 5653
"../../../Engine/Content/EngineMaterials/Substrate/GLints/dict_16_192_64_0p5_0p02_0036_0002.uasset" 5654
"/Engine/EngineMaterials/Substrate/GLints/dict_16_192_64_0p5_0p02_0036_0005" 5655
"../../../Engine/Content/EngineMaterials/Substrate/GLints/dict_16_192_64_0p5_0p02_0036_0004.uasset" 5656
"/Engine/EngineMaterials/Substrate/GLints/dict_16_192_64_0p5_0p02_0036_0006" 5657
"../../../Engine/Content/EngineMaterials/Substrate/GLints/dict_16_192_64_0p5_0p02_0035_0015.uasset" 5658
"../../../Engine/Content/EngineMaterials/Substrate/GLints/dict_16_192_64_0p5_0p02_0035_0014.uasset" 5659
"../../../Engine/Content/EngineMaterials/Substrate/GLints/dict_16_192_64_0p5_0p02_0036_0001.uasset" 5660
"/Engine/EngineMaterials/Substrate/GLints/dict_16_192_64_0p5_0p02_0036_0014" 5661
"/Engine/EngineMaterials/Substrate/GLints/dict_16_192_64_0p5_0p02_0037_0004" 5662
"/Engine/EngineMaterials/Substrate/GLints/dict_16_192_64_0p5_0p02_0036_0008" 5663
"../../../Engine/Content/EngineMaterials/Substrate/GLints/dict_16_192_64_0p5_0p02_0035_0013.uasset" 5664
"/Engine/EngineMaterials/Substrate/GLints/dict_16_192_64_0p5_0p02_0036_0009" 5665
"/Engine/EngineMaterials/Substrate/GLints/dict_16_192_64_0p5_0p02_0036_0010" 5666
"/Engine/EngineMaterials/Substrate/GLints/dict_16_192_64_0p5_0p02_0036_0012" 5667
"../../../Engine/Content/EngineMaterials/Substrate/GLints/dict_16_192_64_0p5_0p02_0035_0010.uasset" 5668
"/Engine/EngineMaterials/Substrate/GLints/dict_16_192_64_0p5_0p02_0036_0015" 5669
"../../../Engine/Content/EngineMaterials/Substrate/GLints/dict_16_192_64_0p5_0p02_0035_0004.uasset" 5670
"../../../Engine/Content/EngineMaterials/Substrate/GLints/dict_16_192_64_0p5_0p02_0035_0003.uasset" 5671
"../../../Engine/Content/EngineMaterials/Substrate/GLints/dict_16_192_64_0p5_0p02_0035_0007.uasset" 5672
"../../../Engine/Content/EngineMaterials/Substrate/GLints/dict_16_192_64_0p5_0p02_0035_0002.uasset" 5673
"/Engine/EngineMaterials/Substrate/GLints/dict_16_192_64_0p5_0p02_0036_0003" 5674
"../../../Engine/Content/EngineMaterials/Substrate/GLints/dict_16_192_64_0p5_0p02_0035_0008.uasset" 5675
"../../../Engine/Content/EngineMaterials/Substrate/GLints/dict_16_192_64_0p5_0p02_0035_0001.uasset" 5676
"/Engine/EngineMaterials/Substrate/GLints/dict_16_192_64_0p5_0p02_0037_0000" 5677
"/Engine/EngineMaterials/Substrate/GLints/dict_16_192_64_0p5_0p02_0036_0013" 5678
"../../../Engine/Content/EngineMaterials/Substrate/GLints/dict_16_192_64_0p5_0p02_0035_0009.uasset" 5679
"../../../Engine/Content/EngineMaterials/Substrate/GLints/dict_16_192_64_0p5_0p02_0035_0005.uasset" 5680
"../../../Engine/Content/EngineMaterials/Substrate/GLints/dict_16_192_64_0p5_0p02_0035_0006.uasset" 5681
"/Engine/EngineMaterials/Substrate/GLints/dict_16_192_64_0p5_0p02_0036_0004" 5682
"/Engine/EngineMaterials/Substrate/GLints/dict_16_192_64_0p5_0p02_0035_0013" 5683
"../../../Engine/Content/EngineMaterials/Substrate/GLints/dict_16_192_64_0p5_0p02_0034_0012.uasset" 5684
"/Engine/EngineMaterials/Substrate/GLints/dict_16_192_64_0p5_0p02_0035_0014" 5685
"/Engine/EngineMaterials/Substrate/GLints/dict_16_192_64_0p5_0p02_0035_0001" 5686
"/Engine/EngineMaterials/Substrate/GLints/dict_16_192_64_0p5_0p02_0035_0002" 5687
"/Engine/EngineMaterials/Substrate/GLints/dict_16_192_64_0p5_0p02_0035_0015" 5688
"/Engine/EngineMaterials/Substrate/GLints/dict_16_192_64_0p5_0p02_0036_0001" 5689
"/Engine/EngineMaterials/Substrate/GLints/dict_16_192_64_0p5_0p02_0035_0003" 5690
"/Engine/EngineMaterials/Substrate/GLints/dict_16_192_64_0p5_0p02_0035_0004" 5691
"/Engine/EngineMaterials/Substrate/GLints/dict_16_192_64_0p5_0p02_0035_0005" 5692
"../../../Engine/Content/EngineMaterials/Substrate/GLints/dict_16_192_64_0p5_0p02_0034_0009.uasset" 5693
"../../../Engine/Content/EngineMaterials/Substrate/GLints/dict_16_192_64_0p5_0p02_0034_0010.uasset" 5694
"../../../Engine/Content/EngineMaterials/Substrate/GLints/dict_16_192_64_0p5_0p02_0035_0000.uasset" 5695
"../../../Engine/Content/EngineMaterials/Substrate/GLints/dict_16_192_64_0p5_0p02_0034_0005.uasset" 5696
"../../../Engine/Content/EngineMaterials/Substrate/GLints/dict_16_192_64_0p5_0p02_0034_0013.uasset" 5697
"/Engine/EngineMaterials/Substrate/GLints/dict_16_192_64_0p5_0p02_0035_0007" 5698
"../../../Engine/Content/EngineMaterials/Substrate/GLints/dict_16_192_64_0p5_0p02_0034_0007.uasset" 5699
"../../../Engine/Content/EngineMaterials/Substrate/GLints/dict_16_192_64_0p5_0p02_0034_0015.uasset" 5700
"../../../Engine/Content/EngineMaterials/Substrate/GLints/dict_16_192_64_0p5_0p02_0034_0014.uasset" 5701
"../../../Engine/Content/EngineMaterials/Substrate/GLints/dict_16_192_64_0p5_0p02_0034_0011.uasset" 5702
"../../../Engine/Content/EngineMaterials/Substrate/GLints/dict_16_192_64_0p5_0p02_0034_0006.uasset" 5703
"../../../Engine/Content/EngineMaterials/Substrate/GLints/dict_16_192_64_0p5_0p02_0034_0003.uasset" 5704
"../../../Engine/Content/EngineMaterials/Substrate/GLints/dict_16_192_64_0p5_0p02_0034_0008.uasset" 5705
"../../../Engine/Content/EngineMaterials/Substrate/GLints/dict_16_192_64_0p5_0p02_0034_0004.uasset" 5706
"/Engine/EngineMaterials/Substrate/GLints/dict_16_192_64_0p5_0p02_0035_0008" 5707
"/Engine/EngineMaterials/Substrate/GLints/dict_16_192_64_0p5_0p02_0035_0009" 5708
"/Engine/EngineMaterials/Substrate/GLints/dict_16_192_64_0p5_0p02_0035_0010" 5709
"/Engine/EngineMaterials/Substrate/GLints/dict_16_192_64_0p5_0p02_0036_0002" 5710
"/Engine/EngineMaterials/Substrate/GLints/dict_16_192_64_0p5_0p02_0035_0011" 5711
"/Engine/EngineMaterials/Substrate/GLints/dict_16_192_64_0p5_0p02_0036_0011" 5712
"/Engine/EngineMaterials/Substrate/GLints/dict_16_192_64_0p5_0p02_0034_0003" 5713
"/Engine/EngineMaterials/Substrate/GLints/dict_16_192_64_0p5_0p02_0034_0004" 5714
"/Engine/EngineMaterials/Substrate/GLints/dict_16_192_64_0p5_0p02_0034_0005" 5715
"../../../Engine/Content/EngineMaterials/Substrate/GLints/dict_16_192_64_0p5_0p02_0033_0008.uasset" 5716
"/Engine/EngineMaterials/Substrate/GLints/dict_16_192_64_0p5_0p02_0034_0006" 5717
"/Engine/EngineMaterials/Substrate/GLints/dict_16_192_64_0p5_0p02_0034_0007" 5718
"/Engine/EngineMaterials/Substrate/GLints/dict_16_192_64_0p5_0p02_0034_0008" 5719
"/Engine/EngineMaterials/Substrate/GLints/dict_16_192_64_0p5_0p02_0034_0009" 5720
"/Engine/EngineMaterials/Substrate/GLints/dict_16_192_64_0p5_0p02_0035_0006" 5721
"/Engine/EngineMaterials/Substrate/GLints/dict_16_192_64_0p5_0p02_0034_0010" 5722
"/Engine/EngineMaterials/Substrate/GLints/dict_16_192_64_0p5_0p02_0034_0011" 5723
"/Engine/EngineMaterials/Substrate/GLints/dict_16_192_64_0p5_0p02_0034_0012" 5724
"../../../Engine/Content/EngineMaterials/Substrate/GLints/dict_16_192_64_0p5_0p02_0033_0009.uasset" 5725
"../../../Engine/Content/EngineMaterials/Substrate/GLints/dict_16_192_64_0p5_0p02_0033_0012.uasset" 5726
"../../../Engine/Content/EngineMaterials/Substrate/GLints/dict_16_192_64_0p5_0p02_0033_0015.uasset" 5727
"../../../Engine/Content/EngineMaterials/Substrate/GLints/dict_16_192_64_0p5_0p02_0033_0003.uasset" 5728
"../../../Engine/Content/EngineMaterials/Substrate/GLints/dict_16_192_64_0p5_0p02_0033_0014.uasset" 5729
"/Engine/EngineMaterials/Substrate/GLints/dict_16_192_64_0p5_0p02_0034_0013" 5730
"../../../Engine/Content/EngineMaterials/Substrate/GLints/dict_16_192_64_0p5_0p02_0033_0011.uasset" 5731
"../../../Engine/Content/EngineMaterials/Substrate/GLints/dict_16_192_64_0p5_0p02_0034_0000.uasset" 5732
"../../../Engine/Content/EngineMaterials/Substrate/GLints/dict_16_192_64_0p5_0p02_0033_0013.uasset" 5733
"../../../Engine/Content/EngineMaterials/Substrate/GLints/dict_16_192_64_0p5_0p02_0033_0002.uasset" 5734
"../../../Engine/Content/EngineMaterials/Substrate/GLints/dict_16_192_64_0p5_0p02_0034_0002.uasset" 5735
"../../../Engine/Content/EngineMaterials/Substrate/GLints/dict_16_192_64_0p5_0p02_0033_0004.uasset" 5736
"../../../Engine/Content/EngineMaterials/Substrate/GLints/dict_16_192_64_0p5_0p02_0034_0001.uasset" 5737
"/Engine/EngineMaterials/Substrate/GLints/dict_16_192_64_0p5_0p02_0034_0014" 5738
"../../../Engine/Content/EngineMaterials/Substrate/GLints/dict_16_192_64_0p5_0p02_0033_0006.uasset" 5739
"../../../Engine/Content/EngineMaterials/Substrate/GLints/dict_16_192_64_0p5_0p02_0033_0007.uasset" 5740
"../../../Engine/Content/EngineMaterials/Substrate/GLints/dict_16_192_64_0p5_0p02_0033_0005.uasset" 5741
"../../../Engine/Content/EngineMaterials/Substrate/GLints/dict_16_192_64_0p5_0p02_0033_0010.uasset" 5742
"/Engine/EngineMaterials/Substrate/GLints/dict_16_192_64_0p5_0p02_0034_0015" 5743
"/Engine/EngineMaterials/Substrate/GLints/dict_16_192_64_0p5_0p02_0035_0000" 5744
"/Engine/EngineMaterials/Substrate/GLints/dict_16_192_64_0p5_0p02_0033_0002" 5745
"/Engine/EngineMaterials/Substrate/GLints/dict_16_192_64_0p5_0p02_0033_0003" 5746
"/Engine/EngineMaterials/Substrate/GLints/dict_16_192_64_0p5_0p02_0033_0004" 5747
"/Engine/EngineMaterials/Substrate/GLints/dict_16_192_64_0p5_0p02_0033_0005" 5748
"/Engine/EngineMaterials/Substrate/GLints/dict_16_192_64_0p5_0p02_0033_0006" 5749
"/Engine/EngineMaterials/Substrate/GLints/dict_16_192_64_0p5_0p02_0033_0007" 5750
"/Engine/EngineMaterials/Substrate/GLints/dict_16_192_64_0p5_0p02_0033_0008" 5751
"/Engine/EngineMaterials/Substrate/GLints/dict_16_192_64_0p5_0p02_0033_0009" 5752
"/Engine/EngineMaterials/Substrate/GLints/dict_16_192_64_0p5_0p02_0033_0010" 5753
"/Engine/EngineMaterials/Substrate/GLints/dict_16_192_64_0p5_0p02_0033_0011" 5754
"/Engine/EngineMaterials/Substrate/GLints/dict_16_192_64_0p5_0p02_0033_0012" 5755
"/Engine/EngineMaterials/Substrate/GLints/dict_16_192_64_0p5_0p02_0033_0013" 5756
"/Engine/EngineMaterials/Substrate/GLints/dict_16_192_64_0p5_0p02_0033_0014" 5757
"/Engine/EngineMaterials/Substrate/GLints/dict_16_192_64_0p5_0p02_0033_0015" 5758
"../../../Engine/Content/EngineMaterials/Substrate/GLints/dict_16_192_64_0p5_0p02_0032_0011.uasset" 5759
"../../../Engine/Content/EngineMaterials/Substrate/GLints/dict_16_192_64_0p5_0p02_0032_0014.uasset" 5760
"/Engine/EngineMaterials/Substrate/GLints/dict_16_192_64_0p5_0p02_0034_0000" 5761
"../../../Engine/Content/EngineMaterials/Substrate/GLints/dict_16_192_64_0p5_0p02_0033_0001.uasset" 5762
"../../../Engine/Content/EngineMaterials/Substrate/GLints/dict_16_192_64_0p5_0p02_0032_0007.uasset" 5763
"../../../Engine/Content/EngineMaterials/Substrate/GLints/dict_16_192_64_0p5_0p02_0032_0012.uasset" 5764
"../../../Engine/Content/EngineMaterials/Substrate/GLints/dict_16_192_64_0p5_0p02_0032_0010.uasset" 5765
"../../../Engine/Content/EngineMaterials/Substrate/GLints/dict_16_192_64_0p5_0p02_0032_0015.uasset" 5766
"/Engine/EngineMaterials/Substrate/GLints/dict_16_192_64_0p5_0p02_0034_0001" 5767
"../../../Engine/Content/EngineMaterials/Substrate/GLints/dict_16_192_64_0p5_0p02_0032_0006.uasset" 5768
"/Engine/EngineMaterials/Substrate/GLints/dict_16_192_64_0p5_0p02_0034_0002" 5769
"/Engine/EngineMaterials/Substrate/GLints/dict_16_192_64_0p5_0p02_0032_0006" 5770
"/Engine/EngineMaterials/Substrate/GLints/dict_16_192_64_0p5_0p02_0032_0007" 5771
"../../../Engine/Content/EngineMaterials/Substrate/GLints/dict_16_192_64_0p5_0p02_0032_0013.uasset" 5772
"/Engine/EngineMaterials/Substrate/GLints/dict_16_192_64_0p5_0p02_0032_0010" 5773
"../../../Engine/Content/EngineMaterials/Substrate/GLints/dict_16_192_64_0p5_0p02_0032_0003.uasset" 5774
"../../../Engine/Content/EngineMaterials/Substrate/GLints/dict_16_192_64_0p5_0p02_0032_0009.uasset" 5775
"../../../Engine/Content/EngineMaterials/Substrate/GLints/dict_16_192_64_0p5_0p02_0033_0000.uasset" 5776
"../../../Engine/Content/EngineMaterials/Substrate/GLints/dict_16_192_64_0p5_0p02_0032_0005.uasset" 5777
"../../../Engine/Content/EngineMaterials/Substrate/GLints/dict_16_192_64_0p5_0p02_0032_0004.uasset" 5778
"/Engine/EngineMaterials/Substrate/GLints/dict_16_192_64_0p5_0p02_0032_0011" 5779
"../../../Engine/Content/EngineMaterials/Substrate/GLints/dict_16_192_64_0p5_0p02_0032_0001.uasset" 5780
"../../../Engine/Content/EngineMaterials/Substrate/GLints/dict_16_192_64_0p5_0p02_0032_0008.uasset" 5781
"../../../Engine/Content/EngineMaterials/Substrate/GLints/dict_16_192_64_0p5_0p02_0031_0011.uasset" 5782
"/Engine/EngineMaterials/Substrate/GLints/dict_16_192_64_0p5_0p02_0032_0012" 5783
"../../../Engine/Content/EngineMaterials/Substrate/GLints/dict_16_192_64_0p5_0p02_0031_0003.uasset" 5784
"../../../Engine/Content/EngineMaterials/Substrate/GLints/dict_16_192_64_0p5_0p02_0031_0005.uasset" 5785
"/Engine/EngineMaterials/Substrate/GLints/dict_16_192_64_0p5_0p02_0032_0014" 5786
"/Engine/EngineMaterials/Substrate/GLints/dict_16_192_64_0p5_0p02_0032_0015" 5787
"/Engine/EngineMaterials/Substrate/GLints/dict_16_192_64_0p5_0p02_0033_0001" 5788
"/Engine/EngineMaterials/Substrate/GLints/dict_16_192_64_0p5_0p02_0032_0003" 5789
"/Engine/EngineMaterials/Substrate/GLints/dict_16_192_64_0p5_0p02_0031_0003" 5790
"/Engine/EngineMaterials/Substrate/GLints/dict_16_192_64_0p5_0p02_0031_0005" 5791
"../../../Engine/Content/EngineMaterials/Substrate/GLints/dict_16_192_64_0p5_0p02_0031_0010.uasset" 5792
"../../../Engine/Content/EngineMaterials/Substrate/GLints/dict_16_192_64_0p5_0p02_0031_0012.uasset" 5793
"/Engine/EngineMaterials/Substrate/GLints/dict_16_192_64_0p5_0p02_0032_0004" 5794
"../../../Engine/Content/EngineMaterials/Substrate/GLints/dict_16_192_64_0p5_0p02_0031_0015.uasset" 5795
"../../../Engine/Content/EngineMaterials/Substrate/GLints/dict_16_192_64_0p5_0p02_0032_0002.uasset" 5796
"../../../Engine/Content/EngineMaterials/Substrate/GLints/dict_16_192_64_0p5_0p02_0032_0000.uasset" 5797
"../../../Engine/Content/EngineMaterials/Substrate/GLints/dict_16_192_64_0p5_0p02_0031_0009.uasset" 5798
"../../../Engine/Content/EngineMaterials/Substrate/GLints/dict_16_192_64_0p5_0p02_0031_0014.uasset" 5799
"../../../Engine/Content/EngineMaterials/Substrate/GLints/dict_16_192_64_0p5_0p02_0031_0013.uasset" 5800
"/Engine/EngineMaterials/Substrate/GLints/dict_16_192_64_0p5_0p02_0032_0005" 5801
"../../../Engine/Content/EngineMaterials/Substrate/GLints/dict_16_192_64_0p5_0p02_0031_0008.uasset" 5802
"../../../Engine/Content/EngineMaterials/Substrate/GLints/dict_16_192_64_0p5_0p02_0031_0002.uasset" 5803
"/Engine/EngineMaterials/Substrate/GLints/dict_16_192_64_0p5_0p02_0032_0008" 5804
"/Engine/EngineMaterials/Substrate/GLints/dict_16_192_64_0p5_0p02_0032_0009" 5805
"../../../Engine/Content/EngineMaterials/Substrate/GLints/dict_16_192_64_0p5_0p02_0031_0006.uasset" 5806
"/Engine/EngineMaterials/Substrate/GLints/dict_16_192_64_0p5_0p02_0031_0011" 5807
"/Engine/EngineMaterials/Substrate/GLints/dict_16_192_64_0p5_0p02_0032_0001" 5808
"/Engine/EngineMaterials/Substrate/GLints/dict_16_192_64_0p5_0p02_0032_0013" 5809
"/Engine/EngineMaterials/Substrate/GLints/dict_16_192_64_0p5_0p02_0033_0000" 5810
"/Engine/EngineMaterials/Substrate/GLints/dict_16_192_64_0p5_0p02_0031_0002" 5811
"../../../Engine/Content/EngineMaterials/Substrate/GLints/dict_16_192_64_0p5_0p02_0030_0013.uasset" 5812
"/Engine/EngineMaterials/Substrate/GLints/dict_16_192_64_0p5_0p02_0031_0006" 5813
"../../../Engine/Content/EngineMaterials/Substrate/GLints/dict_16_192_64_0p5_0p02_0031_0007.uasset" 5814
"../../../Engine/Content/EngineMaterials/Substrate/GLints/dict_16_192_64_0p5_0p02_0030_0015.uasset" 5815
"/Engine/EngineMaterials/Substrate/GLints/dict_16_192_64_0p5_0p02_0031_0008" 5816
"../../../Engine/Content/EngineMaterials/Substrate/GLints/dict_16_192_64_0p5_0p02_0031_0000.uasset" 5817
"../../../Engine/Content/EngineMaterials/Substrate/GLints/dict_16_192_64_0p5_0p02_0031_0001.uasset" 5818
"../../../Engine/Content/EngineMaterials/Substrate/GLints/dict_16_192_64_0p5_0p02_0030_0008.uasset" 5819
"/Engine/EngineMaterials/Substrate/GLints/dict_16_192_64_0p5_0p02_0031_0009" 5820
"/Engine/EngineMaterials/Substrate/GLints/dict_16_192_64_0p5_0p02_0031_0010" 5821
"../../../Engine/Content/EngineMaterials/Substrate/GLints/dict_16_192_64_0p5_0p02_0030_0014.uasset" 5822
"/Engine/EngineMaterials/Substrate/GLints/dict_16_192_64_0p5_0p02_0031_0012" 5823
"../../../Engine/Content/EngineMaterials/Substrate/GLints/dict_16_192_64_0p5_0p02_0030_0010.uasset" 5824
"../../../Engine/Content/EngineMaterials/Substrate/GLints/dict_16_192_64_0p5_0p02_0030_0011.uasset" 5825
"../../../Engine/Content/EngineMaterials/Substrate/GLints/dict_16_192_64_0p5_0p02_0030_0012.uasset" 5826
"/Engine/EngineMaterials/Substrate/GLints/dict_16_192_64_0p5_0p02_0031_0013" 5827
"/Engine/EngineMaterials/Substrate/GLints/dict_16_192_64_0p5_0p02_0031_0014" 5828
"/Engine/EngineMaterials/Substrate/GLints/dict_16_192_64_0p5_0p02_0031_0015" 5829
"/Engine/EngineMaterials/Substrate/GLints/dict_16_192_64_0p5_0p02_0032_0000" 5830
"/Engine/EngineMaterials/Substrate/GLints/dict_16_192_64_0p5_0p02_0032_0002" 5831
"/Engine/EngineMaterials/Substrate/GLints/dict_16_192_64_0p5_0p02_0031_0007" 5832
"../../../Engine/Content/EngineMaterials/Substrate/GLints/dict_16_192_64_0p5_0p02_0031_0004.uasset" 5833
"../../../Engine/Content/EngineMaterials/Substrate/GLints/dict_16_192_64_0p5_0p02_0030_0007.uasset" 5834
"../../../Engine/Content/EngineMaterials/Substrate/GLints/dict_16_192_64_0p5_0p02_0030_0006.uasset" 5835
"../../../Engine/Content/EngineMaterials/Substrate/GLints/dict_16_192_64_0p5_0p02_0030_0009.uasset" 5836
"/Engine/EngineMaterials/Substrate/GLints/dict_16_192_64_0p5_0p02_0030_0010" 5837
"../../../Engine/Content/EngineMaterials/Substrate/GLints/dict_16_192_64_0p5_0p02_0029_0014.uasset" 5838
"../../../Engine/Content/EngineMaterials/Substrate/GLints/dict_16_192_64_0p5_0p02_0030_0005.uasset" 5839
"../../../Engine/Content/EngineMaterials/Substrate/GLints/dict_16_192_64_0p5_0p02_0030_0004.uasset" 5840
"../../../Engine/Content/EngineMaterials/Substrate/GLints/dict_16_192_64_0p5_0p02_0030_0002.uasset" 5841
"/Engine/EngineMaterials/Substrate/GLints/dict_16_192_64_0p5_0p02_0030_0011" 5842
"../../../Engine/Content/EngineMaterials/Substrate/GLints/dict_16_192_64_0p5_0p02_0030_0001.uasset" 5843
"../../../Engine/Content/EngineMaterials/Substrate/GLints/dict_16_192_64_0p5_0p02_0030_0003.uasset" 5844
"../../../Engine/Content/EngineMaterials/Substrate/GLints/dict_16_192_64_0p5_0p02_0030_0000.uasset" 5845
"/Engine/EngineMaterials/Substrate/GLints/dict_16_192_64_0p5_0p02_0030_0012" 5846
"../../../Engine/Content/EngineMaterials/Substrate/GLints/dict_16_192_64_0p5_0p02_0029_0015.uasset" 5847
"/Engine/EngineMaterials/Substrate/GLints/dict_16_192_64_0p5_0p02_0030_0013" 5848
"/Engine/EngineMaterials/Substrate/GLints/dict_16_192_64_0p5_0p02_0030_0014" 5849
"/Engine/EngineMaterials/Substrate/GLints/dict_16_192_64_0p5_0p02_0030_0008" 5850
"/Engine/EngineMaterials/Substrate/GLints/dict_16_192_64_0p5_0p02_0030_0015" 5851
"/Engine/EngineMaterials/Substrate/GLints/dict_16_192_64_0p5_0p02_0031_0000" 5852
"/Engine/EngineMaterials/Substrate/GLints/dict_16_192_64_0p5_0p02_0031_0001" 5853
"/Engine/EngineMaterials/Substrate/GLints/dict_16_192_64_0p5_0p02_0029_0015" 5854
"../../../Engine/Content/EngineMaterials/Substrate/GLints/dict_16_192_64_0p5_0p02_0029_0009.uasset" 5855
"../../../Engine/Content/EngineMaterials/Substrate/GLints/dict_16_192_64_0p5_0p02_0029_0010.uasset" 5856
"/Engine/EngineMaterials/Substrate/GLints/dict_16_192_64_0p5_0p02_0030_0000" 5857
"../../../Engine/Content/EngineMaterials/Substrate/GLints/dict_16_192_64_0p5_0p02_0029_0012.uasset" 5858
"../../../Engine/Content/EngineMaterials/Substrate/GLints/dict_16_192_64_0p5_0p02_0029_0002.uasset" 5859
"../../../Engine/Content/EngineMaterials/Substrate/GLints/dict_16_192_64_0p5_0p02_0029_0013.uasset" 5860
"../../../Engine/Content/EngineMaterials/Substrate/GLints/dict_16_192_64_0p5_0p02_0028_0015.uasset" 5861
"/Engine/EngineMaterials/Substrate/GLints/dict_16_192_64_0p5_0p02_0031_0004" 5862
"../../../Engine/Content/EngineMaterials/Substrate/GLints/dict_16_192_64_0p5_0p02_0029_0001.uasset" 5863
"../../../Engine/Content/EngineMaterials/Substrate/GLints/dict_16_192_64_0p5_0p02_0029_0003.uasset" 5864
"../../../Engine/Content/EngineMaterials/Substrate/GLints/dict_16_192_64_0p5_0p02_0029_0000.uasset" 5865
"../../../Engine/Content/EngineMaterials/Substrate/GLints/dict_16_192_64_0p5_0p02_0029_0008.uasset" 5866
"../../../Engine/Content/EngineMaterials/Substrate/GLints/dict_16_192_64_0p5_0p02_0029_0006.uasset" 5867
"../../../Engine/Content/EngineMaterials/Substrate/GLints/dict_16_192_64_0p5_0p02_0029_0004.uasset" 5868
"../../../Engine/Content/EngineMaterials/Substrate/GLints/dict_16_192_64_0p5_0p02_0029_0011.uasset" 5869
"/Engine/EngineMaterials/Substrate/GLints/dict_16_192_64_0p5_0p02_0030_0001" 5870
"../../../Engine/Content/EngineMaterials/Substrate/GLints/dict_16_192_64_0p5_0p02_0029_0005.uasset" 5871
"/Engine/EngineMaterials/Substrate/GLints/dict_16_192_64_0p5_0p02_0030_0002" 5872
"/Engine/EngineMaterials/Substrate/GLints/dict_16_192_64_0p5_0p02_0030_0003" 5873
"/Engine/EngineMaterials/Substrate/GLints/dict_16_192_64_0p5_0p02_0030_0004" 5874
"/Engine/EngineMaterials/Substrate/GLints/dict_16_192_64_0p5_0p02_0030_0005" 5875
"/Engine/EngineMaterials/Substrate/GLints/dict_16_192_64_0p5_0p02_0030_0006" 5876
"/Engine/EngineMaterials/Substrate/GLints/dict_16_192_64_0p5_0p02_0030_0007" 5877
"/Engine/EngineMaterials/Substrate/GLints/dict_16_192_64_0p5_0p02_0029_0014" 5878
"../../../Engine/Content/EngineMaterials/Substrate/GLints/dict_16_192_64_0p5_0p02_0028_0012.uasset" 5879
"../../../Engine/Content/EngineMaterials/Substrate/GLints/dict_16_192_64_0p5_0p02_0029_0007.uasset" 5880
"/Engine/EngineMaterials/Substrate/GLints/dict_16_192_64_0p5_0p02_0030_0009" 5881
"../../../Engine/Content/EngineMaterials/Substrate/GLints/dict_16_192_64_0p5_0p02_0028_0011.uasset" 5882
"../../../Engine/Content/EngineMaterials/Substrate/GLints/dict_16_192_64_0p5_0p02_0028_0010.uasset" 5883
"../../../Engine/Content/EngineMaterials/Substrate/GLints/dict_16_192_64_0p5_0p02_0028_0013.uasset" 5884
"/Engine/EngineMaterials/Substrate/GLints/dict_16_192_64_0p5_0p02_0029_0004" 5885
"../../../Engine/Content/EngineMaterials/Substrate/GLints/dict_16_192_64_0p5_0p02_0028_0014.uasset" 5886
"/Engine/EngineMaterials/Substrate/GLints/dict_16_192_64_0p5_0p02_0029_0005" 5887
"../../../Engine/Content/EngineMaterials/Substrate/GLints/dict_16_192_64_0p5_0p02_0028_0006.uasset" 5888
"/Engine/EngineMaterials/Substrate/GLints/dict_16_192_64_0p5_0p02_0028_0010" 5889
"/Engine/EngineMaterials/Substrate/GLints/dict_16_192_64_0p5_0p02_0028_0011" 5890
"/Engine/EngineMaterials/Substrate/GLints/dict_16_192_64_0p5_0p02_0029_0006" 5891
"/Engine/EngineMaterials/Substrate/GLints/dict_16_192_64_0p5_0p02_0029_0007" 5892
"/Engine/EngineMaterials/Substrate/GLints/dict_16_192_64_0p5_0p02_0028_0012" 5893
"/Engine/EngineMaterials/Substrate/GLints/dict_16_192_64_0p5_0p02_0029_0008" 5894
"/Engine/EngineMaterials/Substrate/GLints/dict_16_192_64_0p5_0p02_0028_0013" 5895
"../../../Engine/Content/EngineMaterials/Substrate/GLints/dict_16_192_64_0p5_0p02_0028_0009.uasset" 5896
"/Engine/EngineMaterials/Substrate/GLints/dict_16_192_64_0p5_0p02_0029_0009" 5897
"../../../Engine/Content/EngineMaterials/Substrate/GLints/dict_16_192_64_0p5_0p02_0027_0015.uasset" 5898
"../../../Engine/Content/EngineMaterials/Substrate/GLints/dict_16_192_64_0p5_0p02_0028_0003.uasset" 5899
"../../../Engine/Content/EngineMaterials/Substrate/GLints/dict_16_192_64_0p5_0p02_0028_0005.uasset" 5900
"../../../Engine/Content/EngineMaterials/Substrate/GLints/dict_16_192_64_0p5_0p02_0028_0004.uasset" 5901
"/Engine/EngineMaterials/Substrate/GLints/dict_16_192_64_0p5_0p02_0029_0010" 5902
"../../../Engine/Content/EngineMaterials/Substrate/GLints/dict_16_192_64_0p5_0p02_0028_0007.uasset" 5903
"../../../Engine/Content/EngineMaterials/Substrate/GLints/dict_16_192_64_0p5_0p02_0028_0008.uasset" 5904
"../../../Engine/Content/EngineMaterials/Substrate/GLints/dict_16_192_64_0p5_0p02_0028_0001.uasset" 5905
"../../../Engine/Content/EngineMaterials/Substrate/GLints/dict_16_192_64_0p5_0p02_0027_0014.uasset" 5906
"../../../Engine/Content/EngineMaterials/Substrate/GLints/dict_16_192_64_0p5_0p02_0028_0002.uasset" 5907
"../../../Engine/Content/EngineMaterials/Substrate/GLints/dict_16_192_64_0p5_0p02_0028_0000.uasset" 5908
"/Engine/EngineMaterials/Substrate/GLints/dict_16_192_64_0p5_0p02_0029_0011" 5909
"/Engine/EngineMaterials/Substrate/GLints/dict_16_192_64_0p5_0p02_0029_0012" 5910
"/Engine/EngineMaterials/Substrate/GLints/dict_16_192_64_0p5_0p02_0029_0013" 5911
"/Engine/EngineMaterials/Substrate/GLints/dict_16_192_64_0p5_0p02_0028_0015" 5912
"/Engine/EngineMaterials/Substrate/GLints/dict_16_192_64_0p5_0p02_0029_0000" 5913
"/Engine/EngineMaterials/Substrate/GLints/dict_16_192_64_0p5_0p02_0029_0001" 5914
"/Engine/EngineMaterials/Substrate/GLints/dict_16_192_64_0p5_0p02_0029_0002" 5915
"/Engine/EngineMaterials/Substrate/GLints/dict_16_192_64_0p5_0p02_0029_0003" 5916
"/Engine/EngineMaterials/Substrate/GLints/dict_16_192_64_0p5_0p02_0027_0014" 5917
"/Engine/EngineMaterials/Substrate/GLints/dict_16_192_64_0p5_0p02_0027_0015" 5918
"/Engine/EngineMaterials/Substrate/GLints/dict_16_192_64_0p5_0p02_0028_0000" 5919
"../../../Engine/Content/EngineMaterials/Substrate/GLints/dict_16_192_64_0p5_0p02_0027_0010.uasset" 5920
"/Engine/EngineMaterials/Substrate/GLints/dict_16_192_64_0p5_0p02_0028_0001" 5921
"/Engine/EngineMaterials/Substrate/GLints/dict_16_192_64_0p5_0p02_0028_0002" 5922
"/Engine/EngineMaterials/Substrate/GLints/dict_16_192_64_0p5_0p02_0028_0003" 5923
"/Engine/EngineMaterials/Substrate/GLints/dict_16_192_64_0p5_0p02_0028_0004" 5924
"/Engine/EngineMaterials/Substrate/GLints/dict_16_192_64_0p5_0p02_0028_0005" 5925
"/Engine/EngineMaterials/Substrate/GLints/dict_16_192_64_0p5_0p02_0028_0006" 5926
"/Engine/EngineMaterials/Substrate/GLints/dict_16_192_64_0p5_0p02_0028_0014" 5927
"/Engine/EngineMaterials/Substrate/GLints/dict_16_192_64_0p5_0p02_0028_0007" 5928
"/Engine/EngineMaterials/Substrate/GLints/dict_16_192_64_0p5_0p02_0028_0008" 5929
"/Engine/EngineMaterials/Substrate/GLints/dict_16_192_64_0p5_0p02_0028_0009" 5930
"/Engine/EngineMaterials/Substrate/GLints/dict_16_192_64_0p5_0p02_0027_0010" 5931
"../../../Engine/Content/EngineMaterials/Substrate/GLints/dict_16_192_64_0p5_0p02_0027_0007.uasset" 5932
"../../../Engine/Content/EngineMaterials/Substrate/GLints/dict_16_192_64_0p5_0p02_0027_0012.uasset" 5933
"../../../Engine/Content/EngineMaterials/Substrate/GLints/dict_16_192_64_0p5_0p02_0027_0008.uasset" 5934
"../../../Engine/Content/EngineMaterials/Substrate/GLints/dict_16_192_64_0p5_0p02_0027_0011.uasset" 5935
"../../../Engine/Content/EngineMaterials/Substrate/GLints/dict_16_192_64_0p5_0p02_0027_0004.uasset" 5936
"../../../Engine/Content/EngineMaterials/Substrate/GLints/dict_16_192_64_0p5_0p02_0027_0005.uasset" 5937
"../../../Engine/Content/EngineMaterials/Substrate/GLints/dict_16_192_64_0p5_0p02_0027_0013.uasset" 5938
"../../../Engine/Content/EngineMaterials/Substrate/GLints/dict_16_192_64_0p5_0p02_0027_0006.uasset" 5939
"../../../Engine/Content/EngineMaterials/Substrate/GLints/dict_16_192_64_0p5_0p02_0026_0014.uasset" 5940
"../../../Engine/Content/EngineMaterials/Substrate/GLints/dict_16_192_64_0p5_0p02_0027_0003.uasset" 5941
"../../../Engine/Content/EngineMaterials/Substrate/GLints/dict_16_192_64_0p5_0p02_0026_0015.uasset" 5942
"../../../Engine/Content/EngineMaterials/Substrate/GLints/dict_16_192_64_0p5_0p02_0026_0012.uasset" 5943
"../../../Engine/Content/EngineMaterials/Substrate/GLints/dict_16_192_64_0p5_0p02_0027_0009.uasset" 5944
"../../../Engine/Content/EngineMaterials/Substrate/GLints/dict_16_192_64_0p5_0p02_0027_0000.uasset" 5945
"../../../Engine/Content/EngineMaterials/Substrate/GLints/dict_16_192_64_0p5_0p02_0027_0001.uasset" 5946
"../../../Engine/Content/EngineMaterials/Substrate/GLints/dict_16_192_64_0p5_0p02_0026_0013.uasset" 5947
"../../../Engine/Content/EngineMaterials/Substrate/GLints/dict_16_192_64_0p5_0p02_0027_0002.uasset" 5948
"../../../Engine/Content/EngineMaterials/Substrate/GLints/dict_16_192_64_0p5_0p02_0025_0014.uasset" 5949
"../../../Engine/Content/EngineMaterials/Substrate/GLints/dict_16_192_64_0p5_0p02_0026_0001.uasset" 5950
"../../../Engine/Content/EngineMaterials/Substrate/GLints/dict_16_192_64_0p5_0p02_0026_0011.uasset" 5951
"../../../Engine/Content/EngineMaterials/Substrate/GLints/dict_16_192_64_0p5_0p02_0026_0009.uasset" 5952
"../../../Engine/Content/EngineMaterials/Substrate/GLints/dict_16_192_64_0p5_0p02_0026_0010.uasset" 5953
"../../../Engine/Content/EngineMaterials/Substrate/GLints/dict_16_192_64_0p5_0p02_0026_0005.uasset" 5954
"../../../Engine/Content/EngineMaterials/Substrate/GLints/dict_16_192_64_0p5_0p02_0026_0007.uasset" 5955
"../../../Engine/Content/EngineMaterials/Substrate/GLints/dict_16_192_64_0p5_0p02_0026_0006.uasset" 5956
"../../../Engine/Content/EngineMaterials/Substrate/GLints/dict_16_192_64_0p5_0p02_0026_0002.uasset" 5957
"../../../Engine/Content/EngineMaterials/Substrate/GLints/dict_16_192_64_0p5_0p02_0026_0003.uasset" 5958
"../../../Engine/Content/EngineMaterials/Substrate/GLints/dict_16_192_64_0p5_0p02_0026_0004.uasset" 5959
"../../../Engine/Content/EngineMaterials/Substrate/GLints/dict_16_192_64_0p5_0p02_0026_0008.uasset" 5960
"../../../Engine/Content/EngineMaterials/Substrate/GLints/dict_16_192_64_0p5_0p02_0026_0000.uasset" 5961
"../../../Engine/Content/EngineMaterials/Substrate/GLints/dict_16_192_64_0p5_0p02_0025_0013.uasset" 5962
"../../../Engine/Content/EngineMaterials/Substrate/GLints/dict_16_192_64_0p5_0p02_0025_0015.uasset" 5963
"/Engine/EngineMaterials/Substrate/GLints/dict_16_192_64_0p5_0p02_0025_0014" 5964
"/Engine/EngineMaterials/Substrate/GLints/dict_16_192_64_0p5_0p02_0026_0011" 5965
"/Engine/EngineMaterials/Substrate/GLints/dict_16_192_64_0p5_0p02_0025_0015" 5966
"/Engine/EngineMaterials/Substrate/GLints/dict_16_192_64_0p5_0p02_0026_0000" 5967
"/Engine/EngineMaterials/Substrate/GLints/dict_16_192_64_0p5_0p02_0026_0001" 5968
"/Engine/EngineMaterials/Substrate/GLints/dict_16_192_64_0p5_0p02_0026_0012" 5969
"/Engine/EngineMaterials/Substrate/GLints/dict_16_192_64_0p5_0p02_0026_0013" 5970
"/Engine/EngineMaterials/Substrate/GLints/dict_16_192_64_0p5_0p02_0026_0002" 5971
"/Engine/EngineMaterials/Substrate/GLints/dict_16_192_64_0p5_0p02_0026_0003" 5972
"/Engine/EngineMaterials/Substrate/GLints/dict_16_192_64_0p5_0p02_0026_0014" 5973
"/Engine/EngineMaterials/Substrate/GLints/dict_16_192_64_0p5_0p02_0026_0015" 5974
"/Engine/EngineMaterials/Substrate/GLints/dict_16_192_64_0p5_0p02_0027_0000" 5975
"/Engine/EngineMaterials/Substrate/GLints/dict_16_192_64_0p5_0p02_0027_0001" 5976
"/Engine/EngineMaterials/Substrate/GLints/dict_16_192_64_0p5_0p02_0026_0004" 5977
"/Engine/EngineMaterials/Substrate/GLints/dict_16_192_64_0p5_0p02_0027_0002" 5978
"/Engine/EngineMaterials/Substrate/GLints/dict_16_192_64_0p5_0p02_0026_0005" 5979
"/Engine/EngineMaterials/Substrate/GLints/dict_16_192_64_0p5_0p02_0026_0006" 5980
"/Engine/EngineMaterials/Substrate/GLints/dict_16_192_64_0p5_0p02_0027_0003" 5981
"/Engine/EngineMaterials/Substrate/GLints/dict_16_192_64_0p5_0p02_0027_0004" 5982
"/Engine/EngineMaterials/Substrate/GLints/dict_16_192_64_0p5_0p02_0026_0007" 5983
"/Engine/EngineMaterials/Substrate/GLints/dict_16_192_64_0p5_0p02_0027_0005" 5984
"/Engine/EngineMaterials/Substrate/GLints/dict_16_192_64_0p5_0p02_0027_0006" 5985
"/Engine/EngineMaterials/Substrate/GLints/dict_16_192_64_0p5_0p02_0027_0007" 5986
"/Engine/EngineMaterials/Substrate/GLints/dict_16_192_64_0p5_0p02_0027_0008" 5987
"/Engine/EngineMaterials/Substrate/GLints/dict_16_192_64_0p5_0p02_0026_0008" 5988
"/Engine/EngineMaterials/Substrate/GLints/dict_16_192_64_0p5_0p02_0027_0009" 5989
"/Engine/EngineMaterials/Substrate/GLints/dict_16_192_64_0p5_0p02_0026_0009" 5990
"/Engine/EngineMaterials/Substrate/GLints/dict_16_192_64_0p5_0p02_0025_0013" 5991
"/Engine/EngineMaterials/Substrate/GLints/dict_16_192_64_0p5_0p02_0027_0011" 5992
"/Engine/EngineMaterials/Substrate/GLints/dict_16_192_64_0p5_0p02_0027_0012" 5993
"/Engine/EngineMaterials/Substrate/GLints/dict_16_192_64_0p5_0p02_0026_0010" 5994
"/Engine/EngineMaterials/Substrate/GLints/dict_16_192_64_0p5_0p02_0027_0013" 5995
"../../../Engine/Content/EngineMaterials/Substrate/GLints/dict_16_192_64_0p5_0p02_0025_0010.uasset" 5996
"../../../Engine/Content/EngineMaterials/Substrate/GLints/dict_16_192_64_0p5_0p02_0025_0012.uasset" 5997
"../../../Engine/Content/EngineMaterials/Substrate/GLints/dict_16_192_64_0p5_0p02_0025_0007.uasset" 5998
"../../../Engine/Content/EngineMaterials/Substrate/GLints/dict_16_192_64_0p5_0p02_0024_0009.uasset" 5999
"../../../Engine/Content/EngineMaterials/Substrate/GLints/dict_16_192_64_0p5_0p02_0024_0015.uasset" 6000
"../../../Engine/Content/EngineMaterials/Substrate/GLints/dict_16_192_64_0p5_0p02_0024_0014.uasset" 6001
"../../../Engine/Content/EngineMaterials/Substrate/GLints/dict_16_192_64_0p5_0p02_0025_0002.uasset" 6002
"../../../Engine/Content/EngineMaterials/Substrate/GLints/dict_16_192_64_0p5_0p02_0024_0012.uasset" 6003
"../../../Engine/Content/EngineMaterials/Substrate/GLints/dict_16_192_64_0p5_0p02_0025_0011.uasset" 6004
"../../../Engine/Content/EngineMaterials/Substrate/GLints/dict_16_192_64_0p5_0p02_0024_0013.uasset" 6005
"../../../Engine/Content/EngineMaterials/Substrate/GLints/dict_16_192_64_0p5_0p02_0025_0000.uasset" 6006
"../../../Engine/Content/EngineMaterials/Substrate/GLints/dict_16_192_64_0p5_0p02_0025_0006.uasset" 6007
"../../../Engine/Content/EngineMaterials/Substrate/GLints/dict_16_192_64_0p5_0p02_0025_0009.uasset" 6008
"../../../Engine/Content/EngineMaterials/Substrate/GLints/dict_16_192_64_0p5_0p02_0025_0005.uasset" 6009
"../../../Engine/Content/EngineMaterials/Substrate/GLints/dict_16_192_64_0p5_0p02_0025_0004.uasset" 6010
"../../../Engine/Content/EngineMaterials/Substrate/GLints/dict_16_192_64_0p5_0p02_0025_0001.uasset" 6011
"../../../Engine/Content/EngineMaterials/Substrate/GLints/dict_16_192_64_0p5_0p02_0024_0003.uasset" 6012
"../../../Engine/Content/EngineMaterials/Substrate/GLints/dict_16_192_64_0p5_0p02_0024_0008.uasset" 6013
"../../../Engine/Content/EngineMaterials/Substrate/GLints/dict_16_192_64_0p5_0p02_0024_0011.uasset" 6014
"../../../Engine/Content/EngineMaterials/Substrate/GLints/dict_16_192_64_0p5_0p02_0025_0003.uasset" 6015
"../../../Engine/Content/EngineMaterials/Substrate/GLints/dict_16_192_64_0p5_0p02_0024_0010.uasset" 6016
"../../../Engine/Content/EngineMaterials/Substrate/GLints/dict_16_192_64_0p5_0p02_0025_0008.uasset" 6017
"../../../Engine/Content/EngineMaterials/Substrate/GLints/dict_16_192_64_0p5_0p02_0024_0007.uasset" 6018
"../../../Engine/Content/EngineMaterials/Substrate/GLints/dict_16_192_64_0p5_0p02_0024_0006.uasset" 6019
"../../../Engine/Content/EngineMaterials/Substrate/GLints/dict_16_192_64_0p5_0p02_0024_0002.uasset" 6020
"../../../Engine/Content/EngineMaterials/Substrate/GLints/dict_16_192_64_0p5_0p02_0024_0004.uasset" 6021
"../../../Engine/Content/EngineMaterials/Substrate/GLints/dict_16_192_64_0p5_0p02_0024_0000.uasset" 6022
"../../../Engine/Content/EngineMaterials/Substrate/GLints/dict_16_192_64_0p5_0p02_0023_0014.uasset" 6023
"../../../Engine/Content/EngineMaterials/Substrate/GLints/dict_16_192_64_0p5_0p02_0023_0015.uasset" 6024
"../../../Engine/Content/EngineMaterials/Substrate/GLints/dict_16_192_64_0p5_0p02_0024_0001.uasset" 6025
"../../../Engine/Content/EngineMaterials/Substrate/GLints/dict_16_192_64_0p5_0p02_0024_0005.uasset" 6026
"../../../Engine/Content/EngineMaterials/Substrate/GLints/dict_16_192_64_0p5_0p02_0023_0013.uasset" 6027
"/Engine/EngineMaterials/Substrate/GLints/dict_16_192_64_0p5_0p02_0023_0013" 6028
"/Engine/EngineMaterials/Substrate/GLints/dict_16_192_64_0p5_0p02_0023_0014" 6029
"/Engine/EngineMaterials/Substrate/GLints/dict_16_192_64_0p5_0p02_0023_0015" 6030
"/Engine/EngineMaterials/Substrate/GLints/dict_16_192_64_0p5_0p02_0024_0000" 6031
"/Engine/EngineMaterials/Substrate/GLints/dict_16_192_64_0p5_0p02_0024_0001" 6032
"/Engine/EngineMaterials/Substrate/GLints/dict_16_192_64_0p5_0p02_0024_0002" 6033
"/Engine/EngineMaterials/Substrate/GLints/dict_16_192_64_0p5_0p02_0024_0003" 6034
"/Engine/EngineMaterials/Substrate/GLints/dict_16_192_64_0p5_0p02_0024_0004" 6035
"/Engine/EngineMaterials/Substrate/GLints/dict_16_192_64_0p5_0p02_0024_0005" 6036
"/Engine/EngineMaterials/Substrate/GLints/dict_16_192_64_0p5_0p02_0024_0006" 6037
"/Engine/EngineMaterials/Substrate/GLints/dict_16_192_64_0p5_0p02_0024_0007" 6038
"/Engine/EngineMaterials/Substrate/GLints/dict_16_192_64_0p5_0p02_0024_0008" 6039
"/Engine/EngineMaterials/Substrate/GLints/dict_16_192_64_0p5_0p02_0024_0009" 6040
"/Engine/EngineMaterials/Substrate/GLints/dict_16_192_64_0p5_0p02_0024_0010" 6041
"/Engine/EngineMaterials/Substrate/GLints/dict_16_192_64_0p5_0p02_0024_0011" 6042
"/Engine/EngineMaterials/Substrate/GLints/dict_16_192_64_0p5_0p02_0024_0012" 6043
"/Engine/EngineMaterials/Substrate/GLints/dict_16_192_64_0p5_0p02_0024_0013" 6044
"/Engine/EngineMaterials/Substrate/GLints/dict_16_192_64_0p5_0p02_0024_0014" 6045
"/Engine/EngineMaterials/Substrate/GLints/dict_16_192_64_0p5_0p02_0024_0015" 6046
"/Engine/EngineMaterials/Substrate/GLints/dict_16_192_64_0p5_0p02_0025_0000" 6047
"/Engine/EngineMaterials/Substrate/GLints/dict_16_192_64_0p5_0p02_0025_0001" 6048
"/Engine/EngineMaterials/Substrate/GLints/dict_16_192_64_0p5_0p02_0025_0002" 6049
"/Engine/EngineMaterials/Substrate/GLints/dict_16_192_64_0p5_0p02_0025_0003" 6050
"/Engine/EngineMaterials/Substrate/GLints/dict_16_192_64_0p5_0p02_0025_0004" 6051
"/Engine/EngineMaterials/Substrate/GLints/dict_16_192_64_0p5_0p02_0025_0005" 6052
"/Engine/EngineMaterials/Substrate/GLints/dict_16_192_64_0p5_0p02_0025_0006" 6053
"/Engine/EngineMaterials/Substrate/GLints/dict_16_192_64_0p5_0p02_0025_0007" 6054
"/Engine/EngineMaterials/Substrate/GLints/dict_16_192_64_0p5_0p02_0025_0008" 6055
"/Engine/EngineMaterials/Substrate/GLints/dict_16_192_64_0p5_0p02_0025_0009" 6056
"/Engine/EngineMaterials/Substrate/GLints/dict_16_192_64_0p5_0p02_0025_0010" 6057
"/Engine/EngineMaterials/Substrate/GLints/dict_16_192_64_0p5_0p02_0025_0011" 6058
"/Engine/EngineMaterials/Substrate/GLints/dict_16_192_64_0p5_0p02_0025_0012" 6059
"../../../Engine/Content/EngineMaterials/Substrate/GLints/dict_16_192_64_0p5_0p02_0023_0007.uasset" 6060
"../../../Engine/Content/EngineMaterials/Substrate/GLints/dict_16_192_64_0p5_0p02_0022_0013.uasset" 6061
"/Engine/EngineMaterials/Substrate/GLints/dict_16_192_64_0p5_0p02_0022_0013" 6062
"../../../Engine/Content/EngineMaterials/Substrate/GLints/dict_16_192_64_0p5_0p02_0023_0001.uasset" 6063
"../../../Engine/Content/EngineMaterials/Substrate/GLints/dict_16_192_64_0p5_0p02_0022_0014.uasset" 6064
"../../../Engine/Content/EngineMaterials/Substrate/GLints/dict_16_192_64_0p5_0p02_0022_0011.uasset" 6065
"../../../Engine/Content/EngineMaterials/Substrate/GLints/dict_16_192_64_0p5_0p02_0023_0004.uasset" 6066
"/Engine/EngineMaterials/Substrate/GLints/dict_16_192_64_0p5_0p02_0023_0007" 6067
"../../../Engine/Content/EngineMaterials/Substrate/GLints/dict_16_192_64_0p5_0p02_0023_0006.uasset" 6068
"../../../Engine/Content/EngineMaterials/Substrate/GLints/dict_16_192_64_0p5_0p02_0023_0009.uasset" 6069
"/Engine/EngineMaterials/Substrate/GLints/dict_16_192_64_0p5_0p02_0022_0011" 6070
"../../../Engine/Content/EngineMaterials/Substrate/GLints/dict_16_192_64_0p5_0p02_0023_0003.uasset" 6071
"../../../Engine/Content/EngineMaterials/Substrate/GLints/dict_16_192_64_0p5_0p02_0023_0011.uasset" 6072
"/Engine/EngineMaterials/Substrate/GLints/dict_16_192_64_0p5_0p02_0022_0014" 6073
"../../../Engine/Content/EngineMaterials/Substrate/GLints/dict_16_192_64_0p5_0p02_0023_0005.uasset" 6074
"/Engine/EngineMaterials/Substrate/GLints/dict_16_192_64_0p5_0p02_0023_0001" 6075
"../../../Engine/Content/EngineMaterials/Substrate/GLints/dict_16_192_64_0p5_0p02_0023_0000.uasset" 6076
"/Engine/EngineMaterials/Substrate/GLints/dict_16_192_64_0p5_0p02_0023_0004" 6077
"../../../Engine/Content/EngineMaterials/Substrate/GLints/dict_16_192_64_0p5_0p02_0023_0010.uasset" 6078
"../../../Engine/Content/EngineMaterials/Substrate/GLints/dict_16_192_64_0p5_0p02_0022_0001.uasset" 6079
"../../../Engine/Content/EngineMaterials/Substrate/GLints/dict_16_192_64_0p5_0p02_0022_0012.uasset" 6080
"/Engine/EngineMaterials/Substrate/GLints/dict_16_192_64_0p5_0p02_0022_0001" 6081
"../../../Engine/Content/EngineMaterials/Substrate/GLints/dict_16_192_64_0p5_0p02_0023_0012.uasset" 6082
"../../../Engine/Content/EngineMaterials/Substrate/GLints/dict_16_192_64_0p5_0p02_0023_0002.uasset" 6083
"/Engine/EngineMaterials/Substrate/GLints/dict_16_192_64_0p5_0p02_0022_0012" 6084
"../../../Engine/Content/EngineMaterials/Substrate/GLints/dict_16_192_64_0p5_0p02_0022_0008.uasset" 6085
"../../../Engine/Content/EngineMaterials/Substrate/GLints/dict_16_192_64_0p5_0p02_0023_0008.uasset" 6086
"../../../Engine/Content/EngineMaterials/Substrate/GLints/dict_16_192_64_0p5_0p02_0022_0015.uasset" 6087
"/Engine/EngineMaterials/Substrate/GLints/dict_16_192_64_0p5_0p02_0023_0000" 6088
"/Engine/EngineMaterials/Substrate/GLints/dict_16_192_64_0p5_0p02_0023_0003" 6089
"/Engine/EngineMaterials/Substrate/GLints/dict_16_192_64_0p5_0p02_0023_0005" 6090
"/Engine/EngineMaterials/Substrate/GLints/dict_16_192_64_0p5_0p02_0023_0006" 6091
"../../../Engine/Content/EngineMaterials/Substrate/GLints/dict_16_192_64_0p5_0p02_0022_0010.uasset" 6092
"/Engine/EngineMaterials/Substrate/GLints/dict_16_192_64_0p5_0p02_0023_0009" 6093
"../../../Engine/Content/EngineMaterials/Substrate/GLints/dict_16_192_64_0p5_0p02_0021_0015.uasset" 6094
"../../../Engine/Content/EngineMaterials/Substrate/GLints/dict_16_192_64_0p5_0p02_0021_0007.uasset" 6095
"/Engine/EngineMaterials/Substrate/GLints/dict_16_192_64_0p5_0p02_0023_0010" 6096
"../../../Engine/Content/EngineMaterials/Substrate/GLints/dict_16_192_64_0p5_0p02_0022_0002.uasset" 6097
"../../../Engine/Content/EngineMaterials/Substrate/GLints/dict_16_192_64_0p5_0p02_0022_0009.uasset" 6098
"../../../Engine/Content/EngineMaterials/Substrate/GLints/dict_16_192_64_0p5_0p02_0022_0005.uasset" 6099
"/Engine/EngineMaterials/Substrate/GLints/dict_16_192_64_0p5_0p02_0023_0011" 6100
"../../../Engine/Content/EngineMaterials/Substrate/GLints/dict_16_192_64_0p5_0p02_0022_0004.uasset" 6101
"../../../Engine/Content/EngineMaterials/Substrate/GLints/dict_16_192_64_0p5_0p02_0022_0007.uasset" 6102
"../../../Engine/Content/EngineMaterials/Substrate/GLints/dict_16_192_64_0p5_0p02_0022_0006.uasset" 6103
"/Engine/EngineMaterials/Substrate/GLints/dict_16_192_64_0p5_0p02_0021_0015" 6104
"/Engine/EngineMaterials/Substrate/GLints/dict_16_192_64_0p5_0p02_0022_0002" 6105
"../../../Engine/Content/EngineMaterials/Substrate/GLints/dict_16_192_64_0p5_0p02_0022_0003.uasset" 6106
"/Engine/EngineMaterials/Substrate/GLints/dict_16_192_64_0p5_0p02_0022_0004" 6107
"../../../Engine/Content/EngineMaterials/Substrate/GLints/dict_16_192_64_0p5_0p02_0021_0014.uasset" 6108
"/Engine/EngineMaterials/Substrate/GLints/dict_16_192_64_0p5_0p02_0022_0005" 6109
"../../../Engine/Content/EngineMaterials/Substrate/GLints/dict_16_192_64_0p5_0p02_0022_0000.uasset" 6110
"/Engine/EngineMaterials/Substrate/GLints/dict_16_192_64_0p5_0p02_0022_0007" 6111
"/Engine/EngineMaterials/Substrate/GLints/dict_16_192_64_0p5_0p02_0022_0008" 6112
"/Engine/EngineMaterials/Substrate/GLints/dict_16_192_64_0p5_0p02_0022_0009" 6113
"../../../Engine/Content/EngineMaterials/Substrate/GLints/dict_16_192_64_0p5_0p02_0021_0012.uasset" 6114
"../../../Engine/Content/EngineMaterials/Substrate/GLints/dict_16_192_64_0p5_0p02_0021_0009.uasset" 6115
"../../../Engine/Content/EngineMaterials/Substrate/GLints/dict_16_192_64_0p5_0p02_0021_0013.uasset" 6116
"../../../Engine/Content/EngineMaterials/Substrate/GLints/dict_16_192_64_0p5_0p02_0020_0015.uasset" 6117
"/Engine/EngineMaterials/Substrate/GLints/dict_16_192_64_0p5_0p02_0022_0010" 6118
"../../../Engine/Content/EngineMaterials/Substrate/GLints/dict_16_192_64_0p5_0p02_0021_0011.uasset" 6119
"/Engine/EngineMaterials/Substrate/GLints/dict_16_192_64_0p5_0p02_0021_0007" 6120
"../../../Engine/Content/EngineMaterials/Substrate/GLints/dict_16_192_64_0p5_0p02_0021_0010.uasset" 6121
"/Engine/EngineMaterials/Substrate/GLints/dict_16_192_64_0p5_0p02_0022_0015" 6122
"/Engine/EngineMaterials/Substrate/GLints/dict_16_192_64_0p5_0p02_0023_0002" 6123
"/Engine/EngineMaterials/Substrate/GLints/dict_16_192_64_0p5_0p02_0023_0008" 6124
"../../../Engine/Content/EngineMaterials/Substrate/GLints/dict_16_192_64_0p5_0p02_0021_0006.uasset" 6125
"/Engine/EngineMaterials/Substrate/GLints/dict_16_192_64_0p5_0p02_0023_0012" 6126
"../../../Engine/Content/EngineMaterials/Substrate/GLints/dict_16_192_64_0p5_0p02_0021_0004.uasset" 6127
"/Engine/EngineMaterials/Substrate/GLints/dict_16_192_64_0p5_0p02_0021_0013" 6128
"../../../Engine/Content/EngineMaterials/Substrate/GLints/dict_16_192_64_0p5_0p02_0021_0003.uasset" 6129
"../../../Engine/Content/EngineMaterials/Substrate/GLints/dict_16_192_64_0p5_0p02_0021_0005.uasset" 6130
"/Engine/EngineMaterials/Substrate/GLints/dict_16_192_64_0p5_0p02_0021_0014" 6131
"/Engine/EngineMaterials/Substrate/GLints/dict_16_192_64_0p5_0p02_0022_0000" 6132
"/Engine/EngineMaterials/Substrate/GLints/dict_16_192_64_0p5_0p02_0022_0003" 6133
"/Engine/EngineMaterials/Substrate/GLints/dict_16_192_64_0p5_0p02_0022_0006" 6134
"../../../Engine/Content/EngineMaterials/Substrate/GLints/dict_16_192_64_0p5_0p02_0021_0002.uasset" 6135
"../../../Engine/Content/EngineMaterials/Substrate/GLints/dict_16_192_64_0p5_0p02_0020_0014.uasset" 6136
"../../../Engine/Content/EngineMaterials/Substrate/GLints/dict_16_192_64_0p5_0p02_0021_0000.uasset" 6137
"/Engine/EngineMaterials/Substrate/GLints/dict_16_192_64_0p5_0p02_0020_0015" 6138
"/Engine/EngineMaterials/Substrate/GLints/dict_16_192_64_0p5_0p02_0021_0011" 6139
"../../../Engine/Content/EngineMaterials/Substrate/GLints/dict_16_192_64_0p5_0p02_0021_0001.uasset" 6140
"/Engine/EngineMaterials/Substrate/GLints/dict_16_192_64_0p5_0p02_0021_0009" 6141
"../../../Engine/Content/EngineMaterials/Substrate/GLints/dict_16_192_64_0p5_0p02_0020_0011.uasset" 6142
"../../../Engine/Content/EngineMaterials/Substrate/GLints/dict_16_192_64_0p5_0p02_0021_0008.uasset" 6143
"/Engine/EngineMaterials/Substrate/GLints/dict_16_192_64_0p5_0p02_0021_0010" 6144
"/Engine/EngineMaterials/Substrate/GLints/dict_16_192_64_0p5_0p02_0021_0012" 6145
"/Engine/EngineMaterials/Substrate/GLints/dict_16_192_64_0p5_0p02_0021_0004" 6146
"/Engine/EngineMaterials/Substrate/GLints/dict_16_192_64_0p5_0p02_0021_0006" 6147
"/Engine/EngineMaterials/Substrate/GLints/dict_16_192_64_0p5_0p02_0020_0014" 6148
"../../../Engine/Content/EngineMaterials/Substrate/GLints/dict_16_192_64_0p5_0p02_0020_0009.uasset" 6149
"/Engine/EngineMaterials/Substrate/GLints/dict_16_192_64_0p5_0p02_0021_0008" 6150
"../../../Engine/Content/EngineMaterials/Substrate/GLints/dict_16_192_64_0p5_0p02_0020_0006.uasset" 6151
"../../../Engine/Content/EngineMaterials/Substrate/GLints/dict_16_192_64_0p5_0p02_0020_0012.uasset" 6152
"../../../Engine/Content/EngineMaterials/Substrate/GLints/dict_16_192_64_0p5_0p02_0020_0013.uasset" 6153
"../../../Engine/Content/EngineMaterials/Substrate/GLints/dict_16_192_64_0p5_0p02_0020_0005.uasset" 6154
"../../../Engine/Content/EngineMaterials/Substrate/GLints/dict_16_192_64_0p5_0p02_0020_0004.uasset" 6155
"../../../Engine/Content/EngineMaterials/Substrate/GLints/dict_16_192_64_0p5_0p02_0020_0000.uasset" 6156
"/Engine/EngineMaterials/Substrate/GLints/dict_16_192_64_0p5_0p02_0021_0000" 6157
"../../../Engine/Content/EngineMaterials/Substrate/GLints/dict_16_192_64_0p5_0p02_0020_0008.uasset" 6158
"../../../Engine/Content/EngineMaterials/Substrate/GLints/dict_16_192_64_0p5_0p02_0020_0001.uasset" 6159
"../../../Engine/Content/EngineMaterials/Substrate/GLints/dict_16_192_64_0p5_0p02_0020_0010.uasset" 6160
"../../../Engine/Content/EngineMaterials/Substrate/GLints/dict_16_192_64_0p5_0p02_0020_0002.uasset" 6161
"../../../Engine/Content/EngineMaterials/Substrate/GLints/dict_16_192_64_0p5_0p02_0020_0003.uasset" 6162
"/Engine/EngineMaterials/Substrate/GLints/dict_16_192_64_0p5_0p02_0020_0011" 6163
"/Engine/EngineMaterials/Substrate/GLints/dict_16_192_64_0p5_0p02_0021_0001" 6164
"../../../Engine/Content/EngineMaterials/Substrate/GLints/dict_16_192_64_0p5_0p02_0020_0007.uasset" 6165
"/Engine/EngineMaterials/Substrate/GLints/dict_16_192_64_0p5_0p02_0021_0002" 6166
"/Engine/EngineMaterials/Substrate/GLints/dict_16_192_64_0p5_0p02_0021_0003" 6167
"/Engine/EngineMaterials/Substrate/GLints/dict_16_192_64_0p5_0p02_0021_0005" 6168
"/Engine/EngineMaterials/Substrate/GLints/dict_16_192_64_0p5_0p02_0020_0001" 6169
"/Engine/EngineMaterials/Substrate/GLints/dict_16_192_64_0p5_0p02_0020_0002" 6170
"/Engine/EngineMaterials/Substrate/GLints/dict_16_192_64_0p5_0p02_0020_0003" 6171
"/Engine/EngineMaterials/Substrate/GLints/dict_16_192_64_0p5_0p02_0020_0004" 6172
"/Engine/EngineMaterials/Substrate/GLints/dict_16_192_64_0p5_0p02_0020_0005" 6173
"/Engine/EngineMaterials/Substrate/GLints/dict_16_192_64_0p5_0p02_0020_0006" 6174
"../../../Engine/Content/EngineMaterials/Substrate/GLints/dict_16_192_64_0p5_0p02_0019_0013.uasset" 6175
"../../../Engine/Content/EngineMaterials/Substrate/GLints/dict_16_192_64_0p5_0p02_0019_0012.uasset" 6176
"/Engine/EngineMaterials/Substrate/GLints/dict_16_192_64_0p5_0p02_0020_0007" 6177
"../../../Engine/Content/EngineMaterials/Substrate/GLints/dict_16_192_64_0p5_0p02_0019_0010.uasset" 6178
"../../../Engine/Content/EngineMaterials/Substrate/GLints/dict_16_192_64_0p5_0p02_0019_0009.uasset" 6179
"../../../Engine/Content/EngineMaterials/Substrate/GLints/dict_16_192_64_0p5_0p02_0019_0011.uasset" 6180
"../../../Engine/Content/EngineMaterials/Substrate/GLints/dict_16_192_64_0p5_0p02_0019_0014.uasset" 6181
"../../../Engine/Content/EngineMaterials/Substrate/GLints/dict_16_192_64_0p5_0p02_0019_0015.uasset" 6182
"/Engine/EngineMaterials/Substrate/GLints/dict_16_192_64_0p5_0p02_0020_0008" 6183
"../../../Engine/Content/EngineMaterials/Substrate/GLints/dict_16_192_64_0p5_0p02_0019_0008.uasset" 6184
"../../../Engine/Content/EngineMaterials/Substrate/GLints/dict_16_192_64_0p5_0p02_0019_0006.uasset" 6185
"/Engine/EngineMaterials/Substrate/GLints/dict_16_192_64_0p5_0p02_0020_0009" 6186
"../../../Engine/Content/EngineMaterials/Substrate/GLints/dict_16_192_64_0p5_0p02_0019_0007.uasset" 6187
"../../../Engine/Content/EngineMaterials/Substrate/GLints/dict_16_192_64_0p5_0p02_0019_0005.uasset" 6188
"/Engine/EngineMaterials/Substrate/GLints/dict_16_192_64_0p5_0p02_0020_0010" 6189
"/Engine/EngineMaterials/Substrate/GLints/dict_16_192_64_0p5_0p02_0020_0012" 6190
"/Engine/EngineMaterials/Substrate/GLints/dict_16_192_64_0p5_0p02_0020_0000" 6191
"/Engine/EngineMaterials/Substrate/GLints/dict_16_192_64_0p5_0p02_0020_0013" 6192
"../../../Engine/Content/EngineMaterials/Substrate/GLints/dict_16_192_64_0p5_0p02_0019_0001.uasset" 6193
"/Engine/EngineMaterials/Substrate/GLints/dict_16_192_64_0p5_0p02_0019_0005" 6194
"/Engine/EngineMaterials/Substrate/GLints/dict_16_192_64_0p5_0p02_0019_0006" 6195
"/Engine/EngineMaterials/Substrate/GLints/dict_16_192_64_0p5_0p02_0019_0007" 6196
"../../../Engine/Content/EngineMaterials/Substrate/GLints/dict_16_192_64_0p5_0p02_0019_0004.uasset" 6197
"../../../Engine/Content/EngineMaterials/Substrate/GLints/dict_16_192_64_0p5_0p02_0018_0014.uasset" 6198
"../../../Engine/Content/EngineMaterials/Substrate/GLints/dict_16_192_64_0p5_0p02_0018_0010.uasset" 6199
"../../../Engine/Content/EngineMaterials/Substrate/GLints/dict_16_192_64_0p5_0p02_0018_0012.uasset" 6200
"../../../Engine/Content/EngineMaterials/Substrate/GLints/dict_16_192_64_0p5_0p02_0019_0000.uasset" 6201
"../../../Engine/Content/EngineMaterials/Substrate/GLints/dict_16_192_64_0p5_0p02_0019_0003.uasset" 6202
"/Engine/EngineMaterials/Substrate/GLints/dict_16_192_64_0p5_0p02_0019_0008" 6203
"../../../Engine/Content/EngineMaterials/Substrate/GLints/dict_16_192_64_0p5_0p02_0018_0015.uasset" 6204
"../../../Engine/Content/EngineMaterials/Substrate/GLints/dict_16_192_64_0p5_0p02_0019_0002.uasset" 6205
"/Engine/EngineMaterials/Substrate/GLints/dict_16_192_64_0p5_0p02_0019_0009" 6206
"../../../Engine/Content/EngineMaterials/Substrate/GLints/dict_16_192_64_0p5_0p02_0018_0005.uasset" 6207
"/Engine/EngineMaterials/Substrate/GLints/dict_16_192_64_0p5_0p02_0019_0010" 6208
"/Engine/EngineMaterials/Substrate/GLints/dict_16_192_64_0p5_0p02_0019_0011" 6209
"/Engine/EngineMaterials/Substrate/GLints/dict_16_192_64_0p5_0p02_0019_0012" 6210
"/Engine/EngineMaterials/Substrate/GLints/dict_16_192_64_0p5_0p02_0019_0013" 6211
"../../../Engine/Content/EngineMaterials/Substrate/GLints/dict_16_192_64_0p5_0p02_0018_0013.uasset" 6212
"/Engine/EngineMaterials/Substrate/GLints/dict_16_192_64_0p5_0p02_0019_0014" 6213
"/Engine/EngineMaterials/Substrate/GLints/dict_16_192_64_0p5_0p02_0019_0015" 6214
"/Engine/EngineMaterials/Substrate/GLints/dict_16_192_64_0p5_0p02_0018_0013" 6215
"/Engine/EngineMaterials/Substrate/GLints/dict_16_192_64_0p5_0p02_0018_0005" 6216
"../../../Engine/Content/EngineMaterials/Substrate/GLints/dict_16_192_64_0p5_0p02_0018_0008.uasset" 6217
"/Engine/EngineMaterials/Substrate/GLints/dict_16_192_64_0p5_0p02_0018_0014" 6218
"../../../Engine/Content/EngineMaterials/Substrate/GLints/dict_16_192_64_0p5_0p02_0018_0003.uasset" 6219
"../../../Engine/Content/EngineMaterials/Substrate/GLints/dict_16_192_64_0p5_0p02_0017_0008.uasset" 6220
"/Engine/EngineMaterials/Substrate/GLints/dict_16_192_64_0p5_0p02_0018_0015" 6221
"../../../Engine/Content/EngineMaterials/Substrate/GLints/dict_16_192_64_0p5_0p02_0018_0006.uasset" 6222
"../../../Engine/Content/EngineMaterials/Substrate/GLints/dict_16_192_64_0p5_0p02_0018_0002.uasset" 6223
"/Engine/EngineMaterials/Substrate/GLints/dict_16_192_64_0p5_0p02_0019_0000" 6224
"../../../Engine/Content/EngineMaterials/Substrate/GLints/dict_16_192_64_0p5_0p02_0018_0009.uasset" 6225
"../../../Engine/Content/EngineMaterials/Substrate/GLints/dict_16_192_64_0p5_0p02_0018_0004.uasset" 6226
"../../../Engine/Content/EngineMaterials/Substrate/GLints/dict_16_192_64_0p5_0p02_0018_0011.uasset" 6227
"../../../Engine/Content/EngineMaterials/Substrate/GLints/dict_16_192_64_0p5_0p02_0018_0001.uasset" 6228
"/Engine/EngineMaterials/Substrate/GLints/dict_16_192_64_0p5_0p02_0019_0001" 6229
"../../../Engine/Content/EngineMaterials/Substrate/GLints/dict_16_192_64_0p5_0p02_0017_0012.uasset" 6230
"/Engine/EngineMaterials/Substrate/GLints/dict_16_192_64_0p5_0p02_0019_0002" 6231
"/Engine/EngineMaterials/Substrate/GLints/dict_16_192_64_0p5_0p02_0019_0003" 6232
"../../../Engine/Content/EngineMaterials/Substrate/GLints/dict_16_192_64_0p5_0p02_0018_0007.uasset" 6233
"/Engine/EngineMaterials/Substrate/GLints/dict_16_192_64_0p5_0p02_0018_0010" 6234
"/Engine/EngineMaterials/Substrate/GLints/dict_16_192_64_0p5_0p02_0019_0004" 6235
"../../../Engine/Content/EngineMaterials/Substrate/GLints/dict_16_192_64_0p5_0p02_0018_0000.uasset" 6236
"/Engine/EngineMaterials/Substrate/GLints/dict_16_192_64_0p5_0p02_0018_0012" 6237
"/Engine/EngineMaterials/Substrate/GLints/dict_16_192_64_0p5_0p02_0018_0000" 6238
"/Engine/EngineMaterials/Substrate/GLints/dict_16_192_64_0p5_0p02_0018_0001" 6239
"/Engine/EngineMaterials/Substrate/GLints/dict_16_192_64_0p5_0p02_0017_0008" 6240
"../../../Engine/Content/EngineMaterials/Substrate/GLints/dict_16_192_64_0p5_0p02_0017_0011.uasset" 6241
"../../../Engine/Content/EngineMaterials/Substrate/GLints/dict_16_192_64_0p5_0p02_0017_0013.uasset" 6242
"../../../Engine/Content/EngineMaterials/Substrate/GLints/dict_16_192_64_0p5_0p02_0017_0010.uasset" 6243
"../../../Engine/Content/EngineMaterials/Substrate/GLints/dict_16_192_64_0p5_0p02_0017_0015.uasset" 6244
"../../../Engine/Content/EngineMaterials/Substrate/GLints/dict_16_192_64_0p5_0p02_0017_0009.uasset" 6245
"/Engine/EngineMaterials/Substrate/GLints/dict_16_192_64_0p5_0p02_0018_0002" 6246
"../../../Engine/Content/EngineMaterials/Substrate/GLints/dict_16_192_64_0p5_0p02_0017_0007.uasset" 6247
"../../../Engine/Content/EngineMaterials/Substrate/GLints/dict_16_192_64_0p5_0p02_0017_0014.uasset" 6248
"/Engine/EngineMaterials/Substrate/GLints/dict_16_192_64_0p5_0p02_0018_0003" 6249
"/Engine/EngineMaterials/Substrate/GLints/dict_16_192_64_0p5_0p02_0018_0004" 6250
"../../../Engine/Content/EngineMaterials/Substrate/GLints/dict_16_192_64_0p5_0p02_0017_0006.uasset" 6251
"../../../Engine/Content/EngineMaterials/Substrate/GLints/dict_16_192_64_0p5_0p02_0017_0005.uasset" 6252
"/Engine/EngineMaterials/Substrate/GLints/dict_16_192_64_0p5_0p02_0018_0006" 6253
"/Engine/EngineMaterials/Substrate/GLints/dict_16_192_64_0p5_0p02_0018_0007" 6254
"/Engine/EngineMaterials/Substrate/GLints/dict_16_192_64_0p5_0p02_0018_0008" 6255
"/Engine/EngineMaterials/Substrate/GLints/dict_16_192_64_0p5_0p02_0018_0009" 6256
"/Engine/EngineMaterials/Substrate/GLints/dict_16_192_64_0p5_0p02_0017_0012" 6257
"/Engine/EngineMaterials/Substrate/GLints/dict_16_192_64_0p5_0p02_0018_0011" 6258
"/Engine/EngineMaterials/Substrate/GLints/dict_16_192_64_0p5_0p02_0017_0005" 6259
"/Engine/EngineMaterials/Substrate/GLints/dict_16_192_64_0p5_0p02_0017_0006" 6260
"/Engine/EngineMaterials/Substrate/GLints/dict_16_192_64_0p5_0p02_0017_0007" 6261
"../../../Engine/Content/EngineMaterials/Substrate/GLints/dict_16_192_64_0p5_0p02_0016_0014.uasset" 6262
"../../../Engine/Content/EngineMaterials/Substrate/GLints/dict_16_192_64_0p5_0p02_0017_0000.uasset" 6263
"../../../Engine/Content/EngineMaterials/Substrate/GLints/dict_16_192_64_0p5_0p02_0016_0012.uasset" 6264
"/Engine/EngineMaterials/Substrate/GLints/dict_16_192_64_0p5_0p02_0017_0009" 6265
"../../../Engine/Content/EngineMaterials/Substrate/GLints/dict_16_192_64_0p5_0p02_0016_0004.uasset" 6266
"../../../Engine/Content/EngineMaterials/Substrate/GLints/dict_16_192_64_0p5_0p02_0016_0003.uasset" 6267
"/Engine/EngineMaterials/Substrate/GLints/dict_16_192_64_0p5_0p02_0017_0010" 6268
"../../../Engine/Content/EngineMaterials/Substrate/GLints/dict_16_192_64_0p5_0p02_0016_0013.uasset" 6269
"/Engine/EngineMaterials/Substrate/GLints/dict_16_192_64_0p5_0p02_0017_0011" 6270
"../../../Engine/Content/EngineMaterials/Substrate/GLints/dict_16_192_64_0p5_0p02_0016_0010.uasset" 6271
"../../../Engine/Content/EngineMaterials/Substrate/GLints/dict_16_192_64_0p5_0p02_0017_0004.uasset" 6272
"/Engine/EngineMaterials/Substrate/GLints/dict_16_192_64_0p5_0p02_0017_0013" 6273
"../../../Engine/Content/EngineMaterials/Substrate/GLints/dict_16_192_64_0p5_0p02_0017_0001.uasset" 6274
"../../../Engine/Content/EngineMaterials/Substrate/GLints/dict_16_192_64_0p5_0p02_0017_0002.uasset" 6275
"../../../Engine/Content/EngineMaterials/Substrate/GLints/dict_16_192_64_0p5_0p02_0016_0001.uasset" 6276
"/Engine/EngineMaterials/Substrate/GLints/dict_16_192_64_0p5_0p02_0017_0014" 6277
"../../../Engine/Content/EngineMaterials/Substrate/GLints/dict_16_192_64_0p5_0p02_0016_0011.uasset" 6278
"/Engine/EngineMaterials/Substrate/GLints/dict_16_192_64_0p5_0p02_0017_0015" 6279
"../../../Engine/Content/EngineMaterials/Substrate/GLints/dict_16_192_64_0p5_0p02_0016_0015.uasset" 6280
"/Engine/EngineMaterials/Substrate/GLints/dict_16_192_64_0p5_0p02_0016_0010" 6281
"../../../Engine/Content/EngineMaterials/Substrate/GLints/dict_16_192_64_0p5_0p02_0017_0003.uasset" 6282
"/Engine/EngineMaterials/Substrate/GLints/dict_16_192_64_0p5_0p02_0016_0001" 6283
"/Engine/EngineMaterials/Substrate/GLints/dict_16_192_64_0p5_0p02_0016_0003" 6284
"../../../Engine/Content/EngineMaterials/Substrate/GLints/dict_16_192_64_0p5_0p02_0015_0007.uasset" 6285
"../../../Engine/Content/EngineMaterials/Substrate/GLints/dict_16_192_64_0p5_0p02_0015_0013.uasset" 6286
"/Engine/EngineMaterials/Substrate/GLints/dict_16_192_64_0p5_0p02_0016_0011" 6287
"/Engine/EngineMaterials/Substrate/GLints/dict_16_192_64_0p5_0p02_0016_0004" 6288
"../../../Engine/Content/EngineMaterials/Substrate/GLints/dict_16_192_64_0p5_0p02_0016_0006.uasset" 6289
"../../../Engine/Content/EngineMaterials/Substrate/GLints/dict_16_192_64_0p5_0p02_0016_0009.uasset" 6290
"../../../Engine/Content/EngineMaterials/Substrate/GLints/dict_16_192_64_0p5_0p02_0016_0008.uasset" 6291
"/Engine/EngineMaterials/Substrate/GLints/dict_16_192_64_0p5_0p02_0016_0012" 6292
"../../../Engine/Content/EngineMaterials/Substrate/GLints/dict_16_192_64_0p5_0p02_0016_0007.uasset" 6293
"/Engine/EngineMaterials/Substrate/GLints/dict_16_192_64_0p5_0p02_0016_0013" 6294
"/Engine/EngineMaterials/Substrate/GLints/dict_16_192_64_0p5_0p02_0016_0014" 6295
"../../../Engine/Content/EngineMaterials/Substrate/GLints/dict_16_192_64_0p5_0p02_0016_0002.uasset" 6296
"../../../Engine/Content/EngineMaterials/Substrate/GLints/dict_16_192_64_0p5_0p02_0016_0005.uasset" 6297
"/Engine/EngineMaterials/Substrate/GLints/dict_16_192_64_0p5_0p02_0016_0015" 6298
"../../../Engine/Content/EngineMaterials/Substrate/GLints/dict_16_192_64_0p5_0p02_0016_0000.uasset" 6299
"/Engine/EngineMaterials/Substrate/GLints/dict_16_192_64_0p5_0p02_0017_0000" 6300
"../../../Engine/Content/EngineMaterials/Substrate/GLints/dict_16_192_64_0p5_0p02_0015_0015.uasset" 6301
"../../../Engine/Content/EngineMaterials/Substrate/GLints/dict_16_192_64_0p5_0p02_0015_0014.uasset" 6302
"/Engine/EngineMaterials/Substrate/GLints/dict_16_192_64_0p5_0p02_0017_0001" 6303
"/Engine/EngineMaterials/Substrate/GLints/dict_16_192_64_0p5_0p02_0017_0002" 6304
"/Engine/EngineMaterials/Substrate/GLints/dict_16_192_64_0p5_0p02_0017_0004" 6305
"../../../Engine/Content/EngineMaterials/Substrate/GLints/dict_16_192_64_0p5_0p02_0015_0012.uasset" 6306
"../../../Engine/Content/EngineMaterials/Substrate/GLints/dict_16_192_64_0p5_0p02_0015_0006.uasset" 6307
"/Engine/EngineMaterials/Substrate/GLints/dict_16_192_64_0p5_0p02_0015_0014" 6308
"../../../Engine/Content/EngineMaterials/Substrate/GLints/dict_16_192_64_0p5_0p02_0015_0011.uasset" 6309
"../../../Engine/Content/EngineMaterials/Substrate/GLints/dict_16_192_64_0p5_0p02_0015_0008.uasset" 6310
"/Engine/EngineMaterials/Substrate/GLints/dict_16_192_64_0p5_0p02_0015_0007" 6311
"/Engine/EngineMaterials/Substrate/GLints/dict_16_192_64_0p5_0p02_0015_0015" 6312
"../../../Engine/Content/EngineMaterials/Substrate/GLints/dict_16_192_64_0p5_0p02_0015_0009.uasset" 6313
"/Engine/EngineMaterials/Substrate/GLints/dict_16_192_64_0p5_0p02_0016_0000" 6314
"../../../Engine/Content/EngineMaterials/Substrate/GLints/dict_16_192_64_0p5_0p02_0014_0009.uasset" 6315
"/Engine/EngineMaterials/Substrate/GLints/dict_16_192_64_0p5_0p02_0016_0002" 6316
"../../../Engine/Content/EngineMaterials/Substrate/GLints/dict_16_192_64_0p5_0p02_0014_0013.uasset" 6317
"../../../Engine/Content/EngineMaterials/Substrate/GLints/dict_16_192_64_0p5_0p02_0015_0005.uasset" 6318
"/Engine/EngineMaterials/Substrate/GLints/dict_16_192_64_0p5_0p02_0016_0005" 6319
"/Engine/EngineMaterials/Substrate/GLints/dict_16_192_64_0p5_0p02_0016_0006" 6320
"../../../Engine/Content/EngineMaterials/Substrate/GLints/dict_16_192_64_0p5_0p02_0015_0010.uasset" 6321
"/Engine/EngineMaterials/Substrate/GLints/dict_16_192_64_0p5_0p02_0016_0007" 6322
"/Engine/EngineMaterials/Substrate/GLints/dict_16_192_64_0p5_0p02_0016_0008" 6323
"/Engine/EngineMaterials/Substrate/GLints/dict_16_192_64_0p5_0p02_0015_0012" 6324
"/Engine/EngineMaterials/Substrate/GLints/dict_16_192_64_0p5_0p02_0015_0013" 6325
"/Engine/EngineMaterials/Substrate/GLints/dict_16_192_64_0p5_0p02_0017_0003" 6326
"/Engine/EngineMaterials/Substrate/GLints/dict_16_192_64_0p5_0p02_0016_0009" 6327
"../../../Engine/Content/EngineMaterials/Substrate/GLints/dict_16_192_64_0p5_0p02_0015_0001.uasset" 6328
"../../../Engine/Content/EngineMaterials/Substrate/GLints/dict_16_192_64_0p5_0p02_0014_0008.uasset" 6329
"/Engine/EngineMaterials/Substrate/GLints/dict_16_192_64_0p5_0p02_0015_0005" 6330
"../../../Engine/Content/EngineMaterials/Substrate/GLints/dict_16_192_64_0p5_0p02_0014_0015.uasset" 6331
"../../../Engine/Content/EngineMaterials/Substrate/GLints/dict_16_192_64_0p5_0p02_0014_0011.uasset" 6332
"../../../Engine/Content/EngineMaterials/Substrate/GLints/dict_16_192_64_0p5_0p02_0015_0002.uasset" 6333
"/Engine/EngineMaterials/Substrate/GLints/dict_16_192_64_0p5_0p02_0015_0006" 6334
"../../../Engine/Content/EngineMaterials/Substrate/GLints/dict_16_192_64_0p5_0p02_0014_0010.uasset" 6335
"../../../Engine/Content/EngineMaterials/Substrate/GLints/dict_16_192_64_0p5_0p02_0015_0004.uasset" 6336
"/Engine/EngineMaterials/Substrate/GLints/dict_16_192_64_0p5_0p02_0014_0008" 6337
"../../../Engine/Content/EngineMaterials/Substrate/GLints/dict_16_192_64_0p5_0p02_0014_0003.uasset" 6338
"../../../Engine/Content/EngineMaterials/Substrate/GLints/dict_16_192_64_0p5_0p02_0015_0000.uasset" 6339
"../../../Engine/Content/EngineMaterials/Substrate/GLints/dict_16_192_64_0p5_0p02_0014_0014.uasset" 6340
"../../../Engine/Content/EngineMaterials/Substrate/GLints/dict_16_192_64_0p5_0p02_0014_0012.uasset" 6341
"../../../Engine/Content/EngineMaterials/Substrate/GLints/dict_16_192_64_0p5_0p02_0015_0003.uasset" 6342
"../../../Engine/Content/EngineMaterials/Substrate/GLints/dict_16_192_64_0p5_0p02_0014_0000.uasset" 6343
"/Engine/EngineMaterials/Substrate/GLints/dict_16_192_64_0p5_0p02_0014_0009" 6344
"../../../Engine/Content/EngineMaterials/Substrate/GLints/dict_16_192_64_0p5_0p02_0013_0013.uasset" 6345
"/Engine/EngineMaterials/Substrate/GLints/dict_16_192_64_0p5_0p02_0015_0008" 6346
"/Engine/EngineMaterials/Substrate/GLints/dict_16_192_64_0p5_0p02_0015_0009" 6347
"/Engine/EngineMaterials/Substrate/GLints/dict_16_192_64_0p5_0p02_0015_0010" 6348
"/Engine/EngineMaterials/Substrate/GLints/dict_16_192_64_0p5_0p02_0014_0013" 6349
"/Engine/EngineMaterials/Substrate/GLints/dict_16_192_64_0p5_0p02_0015_0011" 6350
"/Engine/EngineMaterials/Substrate/GLints/dict_16_192_64_0p5_0p02_0015_0001" 6351
"/Engine/EngineMaterials/Substrate/GLints/dict_16_192_64_0p5_0p02_0013_0013" 6352
"/Engine/EngineMaterials/Substrate/GLints/dict_16_192_64_0p5_0p02_0014_0010" 6353
"/Engine/EngineMaterials/Substrate/GLints/dict_16_192_64_0p5_0p02_0014_0011" 6354
"../../../Engine/Content/EngineMaterials/Substrate/GLints/dict_16_192_64_0p5_0p02_0013_0012.uasset" 6355
"../../../Engine/Content/EngineMaterials/Substrate/GLints/dict_16_192_64_0p5_0p02_0013_0006.uasset" 6356
"/Engine/EngineMaterials/Substrate/GLints/dict_16_192_64_0p5_0p02_0014_0012" 6357
"../../../Engine/Content/EngineMaterials/Substrate/GLints/dict_16_192_64_0p5_0p02_0014_0001.uasset" 6358
"../../../Engine/Content/EngineMaterials/Substrate/GLints/dict_16_192_64_0p5_0p02_0014_0005.uasset" 6359
"../../../Engine/Content/EngineMaterials/Substrate/GLints/dict_16_192_64_0p5_0p02_0014_0007.uasset" 6360
"../../../Engine/Content/EngineMaterials/Substrate/GLints/dict_16_192_64_0p5_0p02_0014_0006.uasset" 6361
"../../../Engine/Content/EngineMaterials/Substrate/GLints/dict_16_192_64_0p5_0p02_0013_0015.uasset" 6362
"/Engine/EngineMaterials/Substrate/GLints/dict_16_192_64_0p5_0p02_0014_0000" 6363
"../../../Engine/Content/EngineMaterials/Substrate/GLints/dict_16_192_64_0p5_0p02_0013_0014.uasset" 6364
"../../../Engine/Content/EngineMaterials/Substrate/GLints/dict_16_192_64_0p5_0p02_0014_0004.uasset" 6365
"../../../Engine/Content/EngineMaterials/Substrate/GLints/dict_16_192_64_0p5_0p02_0014_0002.uasset" 6366
"../../../Engine/Content/EngineMaterials/Substrate/GLints/dict_16_192_64_0p5_0p02_0013_0011.uasset" 6367
"/Engine/EngineMaterials/Substrate/GLints/dict_16_192_64_0p5_0p02_0014_0014" 6368
"../../../Engine/Content/EngineMaterials/Substrate/GLints/dict_16_192_64_0p5_0p02_0013_0001.uasset" 6369
"/Engine/EngineMaterials/Substrate/GLints/dict_16_192_64_0p5_0p02_0014_0003" 6370
"/Engine/EngineMaterials/Substrate/GLints/dict_16_192_64_0p5_0p02_0014_0015" 6371
"/Engine/EngineMaterials/Substrate/GLints/dict_16_192_64_0p5_0p02_0015_0000" 6372
"/Engine/EngineMaterials/Substrate/GLints/dict_16_192_64_0p5_0p02_0015_0002" 6373
"/Engine/EngineMaterials/Substrate/GLints/dict_16_192_64_0p5_0p02_0015_0003" 6374
"/Engine/EngineMaterials/Substrate/GLints/dict_16_192_64_0p5_0p02_0015_0004" 6375
"/Engine/EngineMaterials/Substrate/GLints/dict_16_192_64_0p5_0p02_0013_0001" 6376
"/Engine/EngineMaterials/Substrate/GLints/dict_16_192_64_0p5_0p02_0013_0011" 6377
"/Engine/EngineMaterials/Substrate/GLints/dict_16_192_64_0p5_0p02_0013_0012" 6378
"../../../Engine/Content/EngineMaterials/Substrate/GLints/dict_16_192_64_0p5_0p02_0013_0010.uasset" 6379
"../../../Engine/Content/EngineMaterials/Substrate/GLints/dict_16_192_64_0p5_0p02_0013_0004.uasset" 6380
"../../../Engine/Content/EngineMaterials/Substrate/GLints/dict_16_192_64_0p5_0p02_0013_0009.uasset" 6381
"../../../Engine/Content/EngineMaterials/Substrate/GLints/dict_16_192_64_0p5_0p02_0013_0005.uasset" 6382
"../../../Engine/Content/EngineMaterials/Substrate/GLints/dict_16_192_64_0p5_0p02_0013_0003.uasset" 6383
"../../../Engine/Content/EngineMaterials/Substrate/GLints/dict_16_192_64_0p5_0p02_0012_0008.uasset" 6384
"/Engine/EngineMaterials/Substrate/GLints/dict_16_192_64_0p5_0p02_0013_0014" 6385
"../../../Engine/Content/EngineMaterials/Substrate/GLints/dict_16_192_64_0p5_0p02_0012_0012.uasset" 6386
"../../../Engine/Content/EngineMaterials/Substrate/GLints/dict_16_192_64_0p5_0p02_0013_0002.uasset" 6387
"../../../Engine/Content/EngineMaterials/Substrate/GLints/dict_16_192_64_0p5_0p02_0013_0007.uasset" 6388
"/Engine/EngineMaterials/Substrate/GLints/dict_16_192_64_0p5_0p02_0013_0015" 6389
"/Engine/EngineMaterials/Substrate/GLints/dict_16_192_64_0p5_0p02_0014_0001" 6390
"/Engine/EngineMaterials/Substrate/GLints/dict_16_192_64_0p5_0p02_0013_0006" 6391
"/Engine/EngineMaterials/Substrate/GLints/dict_16_192_64_0p5_0p02_0014_0002" 6392
"../../../Engine/Content/EngineMaterials/Substrate/GLints/dict_16_192_64_0p5_0p02_0013_0008.uasset" 6393
"/Engine/EngineMaterials/Substrate/GLints/dict_16_192_64_0p5_0p02_0014_0004" 6394
"/Engine/EngineMaterials/Substrate/GLints/dict_16_192_64_0p5_0p02_0014_0005" 6395
"/Engine/EngineMaterials/Substrate/GLints/dict_16_192_64_0p5_0p02_0014_0006" 6396
"/Engine/EngineMaterials/Substrate/GLints/dict_16_192_64_0p5_0p02_0014_0007" 6397
"../../../Engine/Content/EngineMaterials/Substrate/GLints/dict_16_192_64_0p5_0p02_0012_0013.uasset" 6398
"/Engine/EngineMaterials/Substrate/GLints/dict_16_192_64_0p5_0p02_0013_0002" 6399
"../../../Engine/Content/EngineMaterials/Substrate/GLints/dict_16_192_64_0p5_0p02_0012_0009.uasset" 6400
"/Engine/EngineMaterials/Substrate/GLints/dict_16_192_64_0p5_0p02_0013_0003" 6401
"../../../Engine/Content/EngineMaterials/Substrate/GLints/dict_16_192_64_0p5_0p02_0012_0007.uasset" 6402
"../../../Engine/Content/EngineMaterials/Substrate/GLints/dict_16_192_64_0p5_0p02_0012_0014.uasset" 6403
"../../../Engine/Content/EngineMaterials/Substrate/GLints/dict_16_192_64_0p5_0p02_0012_0011.uasset" 6404
"../../../Engine/Content/EngineMaterials/Substrate/GLints/dict_16_192_64_0p5_0p02_0012_0015.uasset" 6405
"/Engine/EngineMaterials/Substrate/GLints/dict_16_192_64_0p5_0p02_0013_0004" 6406
"../../../Engine/Content/EngineMaterials/Substrate/GLints/dict_16_192_64_0p5_0p02_0012_0010.uasset" 6407
"../../../Engine/Content/EngineMaterials/Substrate/GLints/dict_16_192_64_0p5_0p02_0011_0014.uasset" 6408
"/Engine/EngineMaterials/Substrate/GLints/dict_16_192_64_0p5_0p02_0013_0005" 6409
"../../../Engine/Content/EngineMaterials/Substrate/GLints/dict_16_192_64_0p5_0p02_0011_0015.uasset" 6410
"../../../Engine/Content/EngineMaterials/Substrate/GLints/dict_16_192_64_0p5_0p02_0013_0000.uasset" 6411
"/Engine/EngineMaterials/Substrate/GLints/dict_16_192_64_0p5_0p02_0012_0008" 6412
"/Engine/EngineMaterials/Substrate/GLints/dict_16_192_64_0p5_0p02_0013_0007" 6413
"/Engine/EngineMaterials/Substrate/GLints/dict_16_192_64_0p5_0p02_0013_0008" 6414
"../../../Engine/Content/EngineMaterials/Substrate/GLints/dict_16_192_64_0p5_0p02_0012_0006.uasset" 6415
"../../../Engine/Content/EngineMaterials/Substrate/GLints/dict_16_192_64_0p5_0p02_0012_0005.uasset" 6416
"/Engine/EngineMaterials/Substrate/GLints/dict_16_192_64_0p5_0p02_0012_0012" 6417
"/Engine/EngineMaterials/Substrate/GLints/dict_16_192_64_0p5_0p02_0013_0009" 6418
"/Engine/EngineMaterials/Substrate/GLints/dict_16_192_64_0p5_0p02_0013_0010" 6419
"/Engine/EngineMaterials/Substrate/GLints/dict_16_192_64_0p5_0p02_0012_0005" 6420
"/Engine/EngineMaterials/Substrate/GLints/dict_16_192_64_0p5_0p02_0012_0006" 6421
"/Engine/EngineMaterials/Substrate/GLints/dict_16_192_64_0p5_0p02_0012_0007" 6422
"../../../Engine/Content/EngineMaterials/Substrate/GLints/dict_16_192_64_0p5_0p02_0012_0003.uasset" 6423
"/Engine/EngineMaterials/Substrate/GLints/dict_16_192_64_0p5_0p02_0012_0009" 6424
"../../../Engine/Content/EngineMaterials/Substrate/GLints/dict_16_192_64_0p5_0p02_0012_0001.uasset" 6425
"../../../Engine/Content/EngineMaterials/Substrate/GLints/dict_16_192_64_0p5_0p02_0011_0001.uasset" 6426
"/Engine/EngineMaterials/Substrate/GLints/dict_16_192_64_0p5_0p02_0011_0014" 6427
"/Engine/EngineMaterials/Substrate/GLints/dict_16_192_64_0p5_0p02_0011_0015" 6428
"../../../Engine/Content/EngineMaterials/Substrate/GLints/dict_16_192_64_0p5_0p02_0012_0004.uasset" 6429
"/Engine/EngineMaterials/Substrate/GLints/dict_16_192_64_0p5_0p02_0012_0010" 6430
"../../../Engine/Content/EngineMaterials/Substrate/GLints/dict_16_192_64_0p5_0p02_0012_0002.uasset" 6431
"../../../Engine/Content/EngineMaterials/Substrate/GLints/dict_16_192_64_0p5_0p02_0011_0011.uasset" 6432
"../../../Engine/Content/EngineMaterials/Substrate/GLints/dict_16_192_64_0p5_0p02_0011_0012.uasset" 6433
"../../../Engine/Content/EngineMaterials/Substrate/GLints/dict_16_192_64_0p5_0p02_0011_0010.uasset" 6434
"/Engine/EngineMaterials/Substrate/GLints/dict_16_192_64_0p5_0p02_0012_0011" 6435
"../../../Engine/Content/EngineMaterials/Substrate/GLints/dict_16_192_64_0p5_0p02_0012_0000.uasset" 6436
"/Engine/EngineMaterials/Substrate/GLints/dict_16_192_64_0p5_0p02_0012_0013" 6437
"../../../Engine/Content/EngineMaterials/Substrate/GLints/dict_16_192_64_0p5_0p02_0011_0013.uasset" 6438
"/Engine/EngineMaterials/Substrate/GLints/dict_16_192_64_0p5_0p02_0012_0014" 6439
"../../../Engine/Content/EngineMaterials/Substrate/GLints/dict_16_192_64_0p5_0p02_0011_0009.uasset" 6440
"/Engine/EngineMaterials/Substrate/GLints/dict_16_192_64_0p5_0p02_0012_0015" 6441
"/Engine/EngineMaterials/Substrate/GLints/dict_16_192_64_0p5_0p02_0013_0000" 6442
"/Engine/EngineMaterials/Substrate/GLints/dict_16_192_64_0p5_0p02_0011_0009" 6443
"/Engine/EngineMaterials/Substrate/GLints/dict_16_192_64_0p5_0p02_0011_0010" 6444
"/Engine/EngineMaterials/Substrate/GLints/dict_16_192_64_0p5_0p02_0011_0011" 6445
"/Engine/EngineMaterials/Substrate/GLints/dict_16_192_64_0p5_0p02_0011_0012" 6446
"../../../Engine/Content/EngineMaterials/Substrate/GLints/dict_16_192_64_0p5_0p02_0010_0010.uasset" 6447
"../../../Engine/Content/EngineMaterials/Substrate/GLints/dict_16_192_64_0p5_0p02_0010_0007.uasset" 6448
"../../../Engine/Content/EngineMaterials/Substrate/GLints/dict_16_192_64_0p5_0p02_0010_0008.uasset" 6449
"../../../Engine/Content/EngineMaterials/Substrate/GLints/dict_16_192_64_0p5_0p02_0011_0006.uasset" 6450
"../../../Engine/Content/EngineMaterials/Substrate/GLints/dict_16_192_64_0p5_0p02_0011_0008.uasset" 6451
"../../../Engine/Content/EngineMaterials/Substrate/GLints/dict_16_192_64_0p5_0p02_0011_0007.uasset" 6452
"/Engine/EngineMaterials/Substrate/GLints/dict_16_192_64_0p5_0p02_0011_0001" 6453
"../../../Engine/Content/EngineMaterials/Substrate/GLints/dict_16_192_64_0p5_0p02_0011_0004.uasset" 6454
"/Engine/EngineMaterials/Substrate/GLints/dict_16_192_64_0p5_0p02_0011_0013" 6455
"../../../Engine/Content/EngineMaterials/Substrate/GLints/dict_16_192_64_0p5_0p02_0011_0003.uasset" 6456
"../../../Engine/Content/EngineMaterials/Substrate/GLints/dict_16_192_64_0p5_0p02_0011_0005.uasset" 6457
"/Engine/EngineMaterials/Substrate/GLints/dict_16_192_64_0p5_0p02_0012_0000" 6458
"/Engine/EngineMaterials/Substrate/GLints/dict_16_192_64_0p5_0p02_0012_0001" 6459
"/Engine/EngineMaterials/Substrate/GLints/dict_16_192_64_0p5_0p02_0012_0002" 6460
"../../../Engine/Content/EngineMaterials/Substrate/GLints/dict_16_192_64_0p5_0p02_0011_0000.uasset" 6461
"../../../Engine/Content/EngineMaterials/Substrate/GLints/dict_16_192_64_0p5_0p02_0011_0002.uasset" 6462
"/Engine/EngineMaterials/Substrate/GLints/dict_16_192_64_0p5_0p02_0012_0003" 6463
"/Engine/EngineMaterials/Substrate/GLints/dict_16_192_64_0p5_0p02_0012_0004" 6464
"../../../Engine/Content/EngineMaterials/Substrate/GLints/dict_16_192_64_0p5_0p02_0010_0015.uasset" 6465
"/Engine/EngineMaterials/Substrate/GLints/dict_16_192_64_0p5_0p02_0010_0015" 6466
"/Engine/EngineMaterials/Substrate/GLints/dict_16_192_64_0p5_0p02_0011_0000" 6467
"../../../Engine/Content/EngineMaterials/Substrate/GLints/dict_16_192_64_0p5_0p02_0010_0012.uasset" 6468
"/Engine/EngineMaterials/Substrate/GLints/dict_16_192_64_0p5_0p02_0011_0002" 6469
"../../../Engine/Content/EngineMaterials/Substrate/GLints/dict_16_192_64_0p5_0p02_0010_0006.uasset" 6470
"../../../Engine/Content/EngineMaterials/Substrate/GLints/dict_16_192_64_0p5_0p02_0009_0013.uasset" 6471
"/Engine/EngineMaterials/Substrate/GLints/dict_16_192_64_0p5_0p02_0011_0003" 6472
"../../../Engine/Content/EngineMaterials/Substrate/GLints/dict_16_192_64_0p5_0p02_0010_0013.uasset" 6473
"/Engine/EngineMaterials/Substrate/GLints/dict_16_192_64_0p5_0p02_0010_0007" 6474
"/Engine/EngineMaterials/Substrate/GLints/dict_16_192_64_0p5_0p02_0010_0008" 6475
"/Engine/EngineMaterials/Substrate/GLints/dict_16_192_64_0p5_0p02_0011_0004" 6476
"../../../Engine/Content/EngineMaterials/Substrate/GLints/dict_16_192_64_0p5_0p02_0010_0014.uasset" 6477
"../../../Engine/Content/EngineMaterials/Substrate/GLints/dict_16_192_64_0p5_0p02_0010_0011.uasset" 6478
"../../../Engine/Content/EngineMaterials/Substrate/GLints/dict_16_192_64_0p5_0p02_0010_0004.uasset" 6479
"/Engine/EngineMaterials/Substrate/GLints/dict_16_192_64_0p5_0p02_0011_0005" 6480
"../../../Engine/Content/EngineMaterials/Substrate/GLints/dict_16_192_64_0p5_0p02_0010_0009.uasset" 6481
"/Engine/EngineMaterials/Substrate/GLints/dict_16_192_64_0p5_0p02_0010_0010" 6482
"../../../Engine/Content/EngineMaterials/Substrate/GLints/dict_16_192_64_0p5_0p02_0010_0005.uasset" 6483
"/Engine/EngineMaterials/Substrate/GLints/dict_16_192_64_0p5_0p02_0011_0006" 6484
"../../../Engine/Content/EngineMaterials/Substrate/GLints/dict_16_192_64_0p5_0p02_0010_0003.uasset" 6485
"/Engine/EngineMaterials/Substrate/GLints/dict_16_192_64_0p5_0p02_0011_0007" 6486
"/Engine/EngineMaterials/Substrate/GLints/dict_16_192_64_0p5_0p02_0011_0008" 6487
"/Engine/EngineMaterials/Substrate/GLints/dict_16_192_64_0p5_0p02_0010_0003" 6488
"../../../Engine/Content/EngineMaterials/Substrate/GLints/dict_16_192_64_0p5_0p02_0009_0010.uasset" 6489
"/Engine/EngineMaterials/Substrate/GLints/dict_16_192_64_0p5_0p02_0009_0013" 6490
"../../../Engine/Content/EngineMaterials/Substrate/GLints/dict_16_192_64_0p5_0p02_0009_0015.uasset" 6491
"/Engine/EngineMaterials/Substrate/GLints/dict_16_192_64_0p5_0p02_0010_0004" 6492
"/Engine/EngineMaterials/Substrate/GLints/dict_16_192_64_0p5_0p02_0010_0005" 6493
"../../../Engine/Content/EngineMaterials/Substrate/GLints/dict_16_192_64_0p5_0p02_0009_0014.uasset" 6494
"../../../Engine/Content/EngineMaterials/Substrate/GLints/dict_16_192_64_0p5_0p02_0009_0011.uasset" 6495
"/Engine/EngineMaterials/Substrate/GLints/dict_16_192_64_0p5_0p02_0010_0006" 6496
"../../../Engine/Content/EngineMaterials/Substrate/GLints/dict_16_192_64_0p5_0p02_0010_0001.uasset" 6497
"/Engine/EngineMaterials/Substrate/GLints/dict_16_192_64_0p5_0p02_0010_0009" 6498
"/Engine/EngineMaterials/Substrate/GLints/dict_16_192_64_0p5_0p02_0010_0011" 6499
"../../../Engine/Content/EngineMaterials/Substrate/GLints/dict_16_192_64_0p5_0p02_0009_0012.uasset" 6500
"../../../Engine/Content/EngineMaterials/Substrate/GLints/dict_16_192_64_0p5_0p02_0010_0002.uasset" 6501
"/Engine/EngineMaterials/Substrate/GLints/dict_16_192_64_0p5_0p02_0010_0012" 6502
"../../../Engine/Content/EngineMaterials/Substrate/GLints/dict_16_192_64_0p5_0p02_0009_0005.uasset" 6503
"/Engine/EngineMaterials/Substrate/GLints/dict_16_192_64_0p5_0p02_0010_0013" 6504
"../../../Engine/Content/EngineMaterials/Substrate/GLints/dict_16_192_64_0p5_0p02_0009_0009.uasset" 6505
"/Engine/EngineMaterials/Substrate/GLints/dict_16_192_64_0p5_0p02_0010_0014" 6506
"../../../Engine/Content/EngineMaterials/Substrate/GLints/dict_16_192_64_0p5_0p02_0009_0008.uasset" 6507
"../../../Engine/Content/EngineMaterials/Substrate/GLints/dict_16_192_64_0p5_0p02_0010_0000.uasset" 6508
"/Engine/EngineMaterials/Substrate/GLints/dict_16_192_64_0p5_0p02_0009_0008" 6509
"/Engine/EngineMaterials/Substrate/GLints/dict_16_192_64_0p5_0p02_0009_0009" 6510
"/Engine/EngineMaterials/Substrate/GLints/dict_16_192_64_0p5_0p02_0009_0010" 6511
"../../../Engine/Content/EngineMaterials/Substrate/GLints/dict_16_192_64_0p5_0p02_0008_0005.uasset" 6512
"/Engine/EngineMaterials/Substrate/GLints/dict_16_192_64_0p5_0p02_0009_0011" 6513
"../../../Engine/Content/EngineMaterials/Substrate/GLints/dict_16_192_64_0p5_0p02_0009_0002.uasset" 6514
"/Engine/EngineMaterials/Substrate/GLints/dict_16_192_64_0p5_0p02_0009_0012" 6515
"../../../Engine/Content/EngineMaterials/Substrate/GLints/dict_16_192_64_0p5_0p02_0009_0007.uasset" 6516
"../../../Engine/Content/EngineMaterials/Substrate/GLints/dict_16_192_64_0p5_0p02_0008_0014.uasset" 6517
"../../../Engine/Content/EngineMaterials/Substrate/GLints/dict_16_192_64_0p5_0p02_0008_0015.uasset" 6518
"/Engine/EngineMaterials/Substrate/GLints/dict_16_192_64_0p5_0p02_0009_0014" 6519
"../../../Engine/Content/EngineMaterials/Substrate/GLints/dict_16_192_64_0p5_0p02_0009_0006.uasset" 6520
"../../../Engine/Content/EngineMaterials/Substrate/GLints/dict_16_192_64_0p5_0p02_0008_0012.uasset" 6521
"../../../Engine/Content/EngineMaterials/Substrate/GLints/dict_16_192_64_0p5_0p02_0009_0001.uasset" 6522
"../../../Engine/Content/EngineMaterials/Substrate/GLints/dict_16_192_64_0p5_0p02_0008_0013.uasset" 6523
"../../../Engine/Content/EngineMaterials/Substrate/GLints/dict_16_192_64_0p5_0p02_0009_0004.uasset" 6524
"/Engine/EngineMaterials/Substrate/GLints/dict_16_192_64_0p5_0p02_0009_0005" 6525
"../../../Engine/Content/EngineMaterials/Substrate/GLints/dict_16_192_64_0p5_0p02_0009_0003.uasset" 6526
"/Engine/EngineMaterials/Substrate/GLints/dict_16_192_64_0p5_0p02_0009_0015" 6527
"/Engine/EngineMaterials/Substrate/GLints/dict_16_192_64_0p5_0p02_0010_0000" 6528
"../../../Engine/Content/EngineMaterials/Substrate/GLints/dict_16_192_64_0p5_0p02_0009_0000.uasset" 6529
"/Engine/EngineMaterials/Substrate/GLints/dict_16_192_64_0p5_0p02_0010_0001" 6530
"/Engine/EngineMaterials/Substrate/GLints/dict_16_192_64_0p5_0p02_0010_0002" 6531
"/Engine/EngineMaterials/Substrate/GLints/dict_16_192_64_0p5_0p02_0008_0012" 6532
"../../../Engine/Content/EngineMaterials/Substrate/GLints/dict_16_192_64_0p5_0p02_0008_0009.uasset" 6533
"/Engine/EngineMaterials/Substrate/GLints/dict_16_192_64_0p5_0p02_0008_0013" 6534
"../../../Engine/Content/EngineMaterials/Substrate/GLints/dict_16_192_64_0p5_0p02_0008_0011.uasset" 6535
"/Engine/EngineMaterials/Substrate/GLints/dict_16_192_64_0p5_0p02_0008_0014" 6536
"/Engine/EngineMaterials/Substrate/GLints/dict_16_192_64_0p5_0p02_0008_0005" 6537
"../../../Engine/Content/EngineMaterials/Substrate/GLints/dict_16_192_64_0p5_0p02_0007_0009.uasset" 6538
"../../../Engine/Content/EngineMaterials/Substrate/GLints/dict_16_192_64_0p5_0p02_0007_0008.uasset" 6539
"../../../Engine/Content/EngineMaterials/Substrate/GLints/dict_16_192_64_0p5_0p02_0008_0003.uasset" 6540
"/Engine/EngineMaterials/Substrate/GLints/dict_16_192_64_0p5_0p02_0008_0015" 6541
"../../../Engine/Content/EngineMaterials/Substrate/GLints/dict_16_192_64_0p5_0p02_0008_0007.uasset" 6542
"../../../Engine/Content/EngineMaterials/Substrate/GLints/dict_16_192_64_0p5_0p02_0008_0006.uasset" 6543
"/Engine/EngineMaterials/Substrate/GLints/dict_16_192_64_0p5_0p02_0009_0000" 6544
"/Engine/EngineMaterials/Substrate/GLints/dict_16_192_64_0p5_0p02_0009_0001" 6545
"/Engine/EngineMaterials/Substrate/GLints/dict_16_192_64_0p5_0p02_0009_0002" 6546
"../../../Engine/Content/EngineMaterials/Substrate/GLints/dict_16_192_64_0p5_0p02_0008_0004.uasset" 6547
"/Engine/EngineMaterials/Substrate/GLints/dict_16_192_64_0p5_0p02_0009_0003" 6548
"/Engine/EngineMaterials/Substrate/GLints/dict_16_192_64_0p5_0p02_0009_0004" 6549
"/Engine/EngineMaterials/Substrate/GLints/dict_16_192_64_0p5_0p02_0009_0006" 6550
"../../../Engine/Content/EngineMaterials/Substrate/GLints/dict_16_192_64_0p5_0p02_0008_0002.uasset" 6551
"/Engine/EngineMaterials/Substrate/GLints/dict_16_192_64_0p5_0p02_0009_0007" 6552
"/Engine/EngineMaterials/Substrate/GLints/dict_16_192_64_0p5_0p02_0007_0008" 6553
"/Engine/EngineMaterials/Substrate/GLints/dict_16_192_64_0p5_0p02_0007_0009" 6554
"../../../Engine/Content/EngineMaterials/Substrate/GLints/dict_16_192_64_0p5_0p02_0007_0015.uasset" 6555
"../../../Engine/Content/EngineMaterials/Substrate/GLints/dict_16_192_64_0p5_0p02_0008_0001.uasset" 6556
"../../../Engine/Content/EngineMaterials/Substrate/GLints/dict_16_192_64_0p5_0p02_0008_0000.uasset" 6557
"../../../Engine/Content/EngineMaterials/Substrate/GLints/dict_16_192_64_0p5_0p02_0007_0014.uasset" 6558
"../../../Engine/Content/EngineMaterials/Substrate/GLints/dict_16_192_64_0p5_0p02_0007_0012.uasset" 6559
"../../../Engine/Content/EngineMaterials/Substrate/GLints/dict_16_192_64_0p5_0p02_0007_0013.uasset" 6560
"/Engine/EngineMaterials/Substrate/GLints/dict_16_192_64_0p5_0p02_0008_0002" 6561
"/Engine/EngineMaterials/Substrate/GLints/dict_16_192_64_0p5_0p02_0008_0003" 6562
"../../../Engine/Content/EngineMaterials/Substrate/GLints/dict_16_192_64_0p5_0p02_0007_0004.uasset" 6563
"../../../Engine/Content/EngineMaterials/Substrate/GLints/dict_16_192_64_0p5_0p02_0007_0007.uasset" 6564
"../../../Engine/Content/EngineMaterials/Substrate/GLints/dict_16_192_64_0p5_0p02_0007_0010.uasset" 6565
"/Engine/EngineMaterials/Substrate/GLints/dict_16_192_64_0p5_0p02_0008_0004" 6566
"../../../Engine/Content/EngineMaterials/Substrate/GLints/dict_16_192_64_0p5_0p02_0007_0011.uasset" 6567
"/Engine/EngineMaterials/Substrate/GLints/dict_16_192_64_0p5_0p02_0008_0006" 6568
"/Engine/EngineMaterials/Substrate/GLints/dict_16_192_64_0p5_0p02_0008_0007" 6569
"/Engine/EngineMaterials/Substrate/GLints/dict_16_192_64_0p5_0p02_0008_0009" 6570
"/Engine/EngineMaterials/Substrate/GLints/dict_16_192_64_0p5_0p02_0008_0011" 6571
"/Engine/EngineMaterials/Substrate/GLints/dict_16_192_64_0p5_0p02_0007_0007" 6572
"/Engine/EngineMaterials/Substrate/GLints/dict_16_192_64_0p5_0p02_0007_0010" 6573
"/Engine/EngineMaterials/Substrate/GLints/dict_16_192_64_0p5_0p02_0007_0011" 6574
"/Engine/EngineMaterials/Substrate/GLints/dict_16_192_64_0p5_0p02_0007_0012" 6575
"/Engine/EngineMaterials/Substrate/GLints/dict_16_192_64_0p5_0p02_0007_0004" 6576
"../../../Engine/Content/EngineMaterials/Substrate/GLints/dict_16_192_64_0p5_0p02_0007_0005.uasset" 6577
"/Engine/EngineMaterials/Substrate/GLints/dict_16_192_64_0p5_0p02_0007_0013" 6578
"../../../Engine/Content/EngineMaterials/Substrate/GLints/dict_16_192_64_0p5_0p02_0007_0003.uasset" 6579
"../../../Engine/Content/EngineMaterials/Substrate/GLints/dict_16_192_64_0p5_0p02_0007_0002.uasset" 6580
"../../../Engine/Content/EngineMaterials/Substrate/GLints/dict_16_192_64_0p5_0p02_0007_0006.uasset" 6581
"../../../Engine/Content/EngineMaterials/Substrate/GLints/dict_16_192_64_0p5_0p02_0006_0011.uasset" 6582
"../../../Engine/Content/EngineMaterials/Substrate/GLints/dict_16_192_64_0p5_0p02_0006_0006.uasset" 6583
"../../../Engine/Content/EngineMaterials/Substrate/GLints/dict_16_192_64_0p5_0p02_0007_0000.uasset" 6584
"../../../Engine/Content/EngineMaterials/Substrate/GLints/dict_16_192_64_0p5_0p02_0006_0014.uasset" 6585
"/Engine/EngineMaterials/Substrate/GLints/dict_16_192_64_0p5_0p02_0007_0014" 6586
"../../../Engine/Content/EngineMaterials/Substrate/GLints/dict_16_192_64_0p5_0p02_0006_0013.uasset" 6587
"../../../Engine/Content/EngineMaterials/Substrate/GLints/dict_16_192_64_0p5_0p02_0006_0012.uasset" 6588
"../../../Engine/Content/EngineMaterials/Substrate/GLints/dict_16_192_64_0p5_0p02_0006_0015.uasset" 6589
"../../../Engine/Content/EngineMaterials/Substrate/GLints/dict_16_192_64_0p5_0p02_0007_0001.uasset" 6590
"/Engine/EngineMaterials/Substrate/GLints/dict_16_192_64_0p5_0p02_0007_0015" 6591
"../../../Engine/Content/EngineMaterials/Substrate/GLints/dict_16_192_64_0p5_0p02_0008_0010.uasset" 6592
"../../../Engine/Content/EngineMaterials/Substrate/GLints/dict_16_192_64_0p5_0p02_0008_0008.uasset" 6593
"/Engine/EngineMaterials/Substrate/GLints/dict_16_192_64_0p5_0p02_0008_0000" 6594
"/Engine/EngineMaterials/Substrate/GLints/dict_16_192_64_0p5_0p02_0008_0001" 6595
"/Engine/EngineMaterials/Substrate/GLints/dict_16_192_64_0p5_0p02_0006_0011" 6596
"/Engine/EngineMaterials/Substrate/GLints/dict_16_192_64_0p5_0p02_0006_0012" 6597
"../../../Engine/Content/EngineMaterials/Substrate/GLints/dict_16_192_64_0p5_0p02_0006_0007.uasset" 6598
"../../../Engine/Content/EngineMaterials/Substrate/GLints/dict_16_192_64_0p5_0p02_0006_0009.uasset" 6599
"../../../Engine/Content/EngineMaterials/Substrate/GLints/dict_16_192_64_0p5_0p02_0006_0008.uasset" 6600
"/Engine/EngineMaterials/Substrate/GLints/dict_16_192_64_0p5_0p02_0006_0013" 6601
"../../../Engine/Content/EngineMaterials/Substrate/GLints/dict_16_192_64_0p5_0p02_0005_0015.uasset" 6602
"../../../Engine/Content/EngineMaterials/Substrate/GLints/dict_16_192_64_0p5_0p02_0006_0010.uasset" 6603
"/Engine/EngineMaterials/Substrate/GLints/dict_16_192_64_0p5_0p02_0006_0006" 6604
"/Engine/EngineMaterials/Substrate/GLints/dict_16_192_64_0p5_0p02_0006_0014" 6605
"/Engine/EngineMaterials/Substrate/GLints/dict_16_192_64_0p5_0p02_0006_0015" 6606
"../../../Engine/Content/EngineMaterials/Substrate/GLints/dict_16_192_64_0p5_0p02_0006_0005.uasset" 6607
"../../../Engine/Content/EngineMaterials/Substrate/GLints/dict_16_192_64_0p5_0p02_0006_0003.uasset" 6608
"../../../Engine/Content/EngineMaterials/Substrate/GLints/dict_16_192_64_0p5_0p02_0006_0004.uasset" 6609
"../../../Engine/Content/EngineMaterials/Substrate/GLints/dict_16_192_64_0p5_0p02_0006_0002.uasset" 6610
"/Engine/EngineMaterials/Substrate/GLints/dict_16_192_64_0p5_0p02_0007_0000" 6611
"/Engine/EngineMaterials/Substrate/GLints/dict_16_192_64_0p5_0p02_0007_0001" 6612
"/Engine/EngineMaterials/Substrate/GLints/dict_16_192_64_0p5_0p02_0007_0002" 6613
"/Engine/EngineMaterials/Substrate/GLints/dict_16_192_64_0p5_0p02_0007_0003" 6614
"/Engine/EngineMaterials/Substrate/GLints/dict_16_192_64_0p5_0p02_0008_0008" 6615
"../../../Engine/Content/EngineMaterials/Substrate/GLints/dict_16_192_64_0p5_0p02_0005_0014.uasset" 6616
"/Engine/EngineMaterials/Substrate/GLints/dict_16_192_64_0p5_0p02_0007_0005" 6617
"../../../Engine/Content/EngineMaterials/Substrate/GLints/dict_16_192_64_0p5_0p02_0006_0000.uasset" 6618
"../../../Engine/Content/EngineMaterials/Substrate/GLints/dict_16_192_64_0p5_0p02_0005_0012.uasset" 6619
"../../../Engine/Content/EngineMaterials/Substrate/GLints/dict_16_192_64_0p5_0p02_0005_0011.uasset" 6620
"/Engine/EngineMaterials/Substrate/GLints/dict_16_192_64_0p5_0p02_0007_0006" 6621
"../../../Engine/Content/EngineMaterials/Substrate/GLints/dict_16_192_64_0p5_0p02_0005_0010.uasset" 6622
"/Engine/EngineMaterials/Substrate/GLints/dict_16_192_64_0p5_0p02_0008_0010" 6623
"../../../Engine/Content/EngineMaterials/Substrate/GLints/dict_16_192_64_0p5_0p02_0005_0008.uasset" 6624
"/Engine/EngineMaterials/Substrate/GLints/dict_16_192_64_0p5_0p02_0005_0008" 6625
"/Engine/EngineMaterials/Substrate/GLints/dict_16_192_64_0p5_0p02_0006_0002" 6626
"/Engine/EngineMaterials/Substrate/GLints/dict_16_192_64_0p5_0p02_0006_0003" 6627
"../../../Engine/Content/EngineMaterials/Substrate/GLints/dict_16_192_64_0p5_0p02_0005_0005.uasset" 6628
"../../../Engine/Content/EngineMaterials/Substrate/GLints/dict_16_192_64_0p5_0p02_0005_0006.uasset" 6629
"/Engine/EngineMaterials/Substrate/GLints/dict_16_192_64_0p5_0p02_0006_0004" 6630
"/Engine/EngineMaterials/Substrate/GLints/dict_16_192_64_0p5_0p02_0005_0010" 6631
"../../../Engine/Content/EngineMaterials/Substrate/GLints/dict_16_192_64_0p5_0p02_0005_0013.uasset" 6632
"../../../Engine/Content/EngineMaterials/Substrate/GLints/dict_16_192_64_0p5_0p02_0005_0009.uasset" 6633
"../../../Engine/Content/EngineMaterials/Substrate/GLints/dict_16_192_64_0p5_0p02_0006_0001.uasset" 6634
"/Engine/EngineMaterials/Substrate/GLints/dict_16_192_64_0p5_0p02_0006_0005" 6635
"/Engine/EngineMaterials/Substrate/GLints/dict_16_192_64_0p5_0p02_0006_0007" 6636
"/Engine/EngineMaterials/Substrate/GLints/dict_16_192_64_0p5_0p02_0005_0011" 6637
"/Engine/EngineMaterials/Substrate/GLints/dict_16_192_64_0p5_0p02_0006_0008" 6638
"/Engine/EngineMaterials/Substrate/GLints/dict_16_192_64_0p5_0p02_0005_0012" 6639
"/Engine/EngineMaterials/Substrate/GLints/dict_16_192_64_0p5_0p02_0006_0009" 6640
"/Engine/EngineMaterials/Substrate/GLints/dict_16_192_64_0p5_0p02_0005_0014" 6641
"/Engine/EngineMaterials/Substrate/GLints/dict_16_192_64_0p5_0p02_0005_0015" 6642
"/Engine/EngineMaterials/Substrate/GLints/dict_16_192_64_0p5_0p02_0006_0000" 6643
"../../../Engine/Content/EngineMaterials/Substrate/GLints/dict_16_192_64_0p5_0p02_0005_0003.uasset" 6644
"../../../Engine/Content/EngineMaterials/Substrate/GLints/dict_16_192_64_0p5_0p02_0004_0012.uasset" 6645
"../../../Engine/Content/EngineMaterials/Substrate/GLints/dict_16_192_64_0p5_0p02_0005_0007.uasset" 6646
"/Engine/EngineMaterials/Substrate/GLints/dict_16_192_64_0p5_0p02_0006_0010" 6647
"../../../Engine/Content/EngineMaterials/Substrate/GLints/dict_16_192_64_0p5_0p02_0004_0013.uasset" 6648
"../../../Engine/Content/EngineMaterials/Substrate/GLints/dict_16_192_64_0p5_0p02_0004_0015.uasset" 6649
"../../../Engine/Content/EngineMaterials/Substrate/GLints/dict_16_192_64_0p5_0p02_0004_0014.uasset" 6650
"../../../Engine/Content/EngineMaterials/Substrate/GLints/dict_16_192_64_0p5_0p02_0005_0002.uasset" 6651
"../../../Engine/Content/EngineMaterials/Substrate/GLints/dict_16_192_64_0p5_0p02_0004_0010.uasset" 6652
"../../../Engine/Content/EngineMaterials/Substrate/GLints/dict_16_192_64_0p5_0p02_0005_0000.uasset" 6653
"../../../Engine/Content/EngineMaterials/Substrate/GLints/dict_16_192_64_0p5_0p02_0004_0011.uasset" 6654
"../../../Engine/Content/EngineMaterials/Substrate/GLints/dict_16_192_64_0p5_0p02_0005_0004.uasset" 6655
"/Engine/EngineMaterials/Substrate/GLints/dict_16_192_64_0p5_0p02_0005_0009" 6656
"../../../Engine/Content/EngineMaterials/Substrate/GLints/dict_16_192_64_0p5_0p02_0005_0001.uasset" 6657
"/Engine/EngineMaterials/Substrate/GLints/dict_16_192_64_0p5_0p02_0004_0012" 6658
"/Engine/EngineMaterials/Substrate/GLints/dict_16_192_64_0p5_0p02_0004_0013" 6659
"../../../Engine/Content/EngineMaterials/Substrate/GLints/dict_16_192_64_0p5_0p02_0004_0008.uasset" 6660
"/Engine/EngineMaterials/Substrate/GLints/dict_16_192_64_0p5_0p02_0004_0014" 6661
"../../../Engine/Content/EngineMaterials/Substrate/GLints/dict_16_192_64_0p5_0p02_0003_0012.uasset" 6662
"/Engine/EngineMaterials/Substrate/GLints/dict_16_192_64_0p5_0p02_0004_0015" 6663
"/Engine/EngineMaterials/Substrate/GLints/dict_16_192_64_0p5_0p02_0005_0002" 6664
"/Engine/EngineMaterials/Substrate/GLints/dict_16_192_64_0p5_0p02_0005_0003" 6665
"/Engine/EngineMaterials/Substrate/GLints/dict_16_192_64_0p5_0p02_0005_0013" 6666
"/Engine/EngineMaterials/Substrate/GLints/dict_16_192_64_0p5_0p02_0005_0005" 6667
"/Engine/EngineMaterials/Substrate/GLints/dict_16_192_64_0p5_0p02_0005_0006" 6668
"/Engine/EngineMaterials/Substrate/GLints/dict_16_192_64_0p5_0p02_0005_0007" 6669
"/Engine/EngineMaterials/Substrate/GLints/dict_16_192_64_0p5_0p02_0006_0001" 6670
"../../../Engine/Content/EngineMaterials/Substrate/GLints/dict_16_192_64_0p5_0p02_0004_0005.uasset" 6671
"/Engine/EngineMaterials/Substrate/GLints/dict_16_192_64_0p5_0p02_0004_0010" 6672
"../../../Engine/Content/EngineMaterials/Substrate/GLints/dict_16_192_64_0p5_0p02_0004_0002.uasset" 6673
"../../../Engine/Content/EngineMaterials/Substrate/GLints/dict_16_192_64_0p5_0p02_0003_0015.uasset" 6674
"../../../Engine/Content/EngineMaterials/Substrate/GLints/dict_16_192_64_0p5_0p02_0004_0001.uasset" 6675
"../../../Engine/Content/EngineMaterials/Substrate/GLints/dict_16_192_64_0p5_0p02_0004_0006.uasset" 6676
"../../../Engine/Content/EngineMaterials/Substrate/GLints/dict_16_192_64_0p5_0p02_0004_0009.uasset" 6677
"/Engine/EngineMaterials/Substrate/GLints/dict_16_192_64_0p5_0p02_0003_0012" 6678
"../../../Engine/Content/EngineMaterials/Substrate/GLints/dict_16_192_64_0p5_0p02_0003_0014.uasset" 6679
"../../../Engine/Content/EngineMaterials/Substrate/GLints/dict_16_192_64_0p5_0p02_0004_0003.uasset" 6680
"../../../Engine/Content/EngineMaterials/Substrate/GLints/dict_16_192_64_0p5_0p02_0004_0004.uasset" 6681
"../../../Engine/Content/EngineMaterials/Substrate/GLints/dict_16_192_64_0p5_0p02_0004_0000.uasset" 6682
"../../../Engine/Content/EngineMaterials/Substrate/GLints/dict_16_192_64_0p5_0p02_0003_0013.uasset" 6683
"/Engine/EngineMaterials/Substrate/GLints/dict_16_192_64_0p5_0p02_0004_0011" 6684
"../../../Engine/Content/EngineMaterials/Substrate/GLints/dict_16_192_64_0p5_0p02_0003_0003.uasset" 6685
"/Engine/EngineMaterials/Substrate/GLints/dict_16_192_64_0p5_0p02_0005_0000" 6686
"/Engine/EngineMaterials/Substrate/GLints/dict_16_192_64_0p5_0p02_0005_0001" 6687
"../../../Engine/Content/EngineMaterials/Substrate/GLints/dict_16_192_64_0p5_0p02_0003_0011.uasset" 6688
"/Engine/EngineMaterials/Substrate/GLints/dict_16_192_64_0p5_0p02_0005_0004" 6689
"/Engine/EngineMaterials/Substrate/GLints/dict_16_192_64_0p5_0p02_0004_0008" 6690
"/Engine/EngineMaterials/Substrate/GLints/dict_16_192_64_0p5_0p02_0003_0011" 6691
"/Engine/EngineMaterials/Substrate/GLints/dict_16_192_64_0p5_0p02_0003_0013" 6692
"../../../Engine/Content/EngineMaterials/Substrate/GLints/dict_16_192_64_0p5_0p02_0002_0011.uasset" 6693
"/Engine/EngineMaterials/Substrate/GLints/dict_16_192_64_0p5_0p02_0003_0014" 6694
"/Engine/EngineMaterials/Substrate/GLints/dict_16_192_64_0p5_0p02_0003_0015" 6695
"/Engine/EngineMaterials/Substrate/GLints/dict_16_192_64_0p5_0p02_0004_0000" 6696
"../../../Engine/Content/EngineMaterials/Substrate/GLints/dict_16_192_64_0p5_0p02_0003_0010.uasset" 6697
"../../../Engine/Content/EngineMaterials/Substrate/GLints/dict_16_192_64_0p5_0p02_0003_0008.uasset" 6698
"../../../Engine/Content/EngineMaterials/Substrate/GLints/dict_16_192_64_0p5_0p02_0003_0005.uasset" 6699
"../../../Engine/Content/EngineMaterials/Substrate/GLints/dict_16_192_64_0p5_0p02_0003_0009.uasset" 6700
"../../../Engine/Content/EngineMaterials/Substrate/GLints/dict_16_192_64_0p5_0p02_0002_0015.uasset" 6701
"../../../Engine/Content/EngineMaterials/Substrate/GLints/dict_16_192_64_0p5_0p02_0003_0004.uasset" 6702
"/Engine/EngineMaterials/Substrate/GLints/dict_16_192_64_0p5_0p02_0003_0003" 6703
"../../../Engine/Content/EngineMaterials/Substrate/GLints/dict_16_192_64_0p5_0p02_0003_0007.uasset" 6704
"../../../Engine/Content/EngineMaterials/Substrate/GLints/dict_16_192_64_0p5_0p02_0003_0006.uasset" 6705
"../../../Engine/Content/EngineMaterials/Substrate/GLints/dict_16_192_64_0p5_0p02_0003_0001.uasset" 6706
"/Engine/EngineMaterials/Substrate/GLints/dict_16_192_64_0p5_0p02_0004_0001" 6707
"../../../Engine/Content/EngineMaterials/Substrate/GLints/dict_16_192_64_0p5_0p02_0003_0002.uasset" 6708
"/Engine/EngineMaterials/Substrate/GLints/dict_16_192_64_0p5_0p02_0004_0002" 6709
"../../../Engine/Content/EngineMaterials/Substrate/GLints/dict_16_192_64_0p5_0p02_0003_0000.uasset" 6710
"/Engine/EngineMaterials/Substrate/GLints/dict_16_192_64_0p5_0p02_0004_0003" 6711
"/Engine/EngineMaterials/Substrate/GLints/dict_16_192_64_0p5_0p02_0004_0004" 6712
"/Engine/EngineMaterials/Substrate/GLints/dict_16_192_64_0p5_0p02_0004_0005" 6713
"/Engine/EngineMaterials/Substrate/GLints/dict_16_192_64_0p5_0p02_0004_0006" 6714
"../../../Engine/Content/EngineMaterials/Substrate/GLints/dict_16_192_64_0p5_0p02_0002_0013.uasset" 6715
"../../../Engine/Content/EngineMaterials/Substrate/GLints/dict_16_192_64_0p5_0p02_0002_0014.uasset" 6716
"../../../Engine/Content/EngineMaterials/Substrate/GLints/dict_16_192_64_0p5_0p02_0002_0009.uasset" 6717
"/Engine/EngineMaterials/Substrate/GLints/dict_16_192_64_0p5_0p02_0004_0009" 6718
"../../../Engine/Content/EngineMaterials/Substrate/GLints/dict_16_192_64_0p5_0p02_0002_0012.uasset" 6719
"../../../Engine/Content/EngineMaterials/Substrate/GLints/dict_16_192_64_0p5_0p02_0002_0010.uasset" 6720
"/Engine/EngineMaterials/Substrate/GLints/dict_16_192_64_0p5_0p02_0002_0009" 6721
"/Engine/EngineMaterials/Substrate/GLints/dict_16_192_64_0p5_0p02_0002_0010" 6722
"../../../Engine/Content/EngineMaterials/Substrate/GLints/dict_16_192_64_0p5_0p02_0002_0008.uasset" 6723
"/Engine/EngineMaterials/Substrate/GLints/dict_16_192_64_0p5_0p02_0002_0015" 6724
"/Engine/EngineMaterials/Substrate/GLints/dict_16_192_64_0p5_0p02_0003_0000" 6725
"../../../Engine/Content/EngineMaterials/Substrate/GLints/dict_16_192_64_0p5_0p02_0002_0000.uasset" 6726
"/Engine/EngineMaterials/Substrate/GLints/dict_16_192_64_0p5_0p02_0003_0001" 6727
"/Engine/EngineMaterials/Substrate/GLints/dict_16_192_64_0p5_0p02_0003_0002" 6728
"/Engine/EngineMaterials/Substrate/GLints/dict_16_192_64_0p5_0p02_0002_0011" 6729
"/Engine/EngineMaterials/Substrate/GLints/dict_16_192_64_0p5_0p02_0002_0012" 6730
"/Engine/EngineMaterials/Substrate/GLints/dict_16_192_64_0p5_0p02_0003_0004" 6731
"/Engine/EngineMaterials/Substrate/GLints/dict_16_192_64_0p5_0p02_0003_0005" 6732
"/Engine/EngineMaterials/Substrate/GLints/dict_16_192_64_0p5_0p02_0003_0006" 6733
"/Engine/EngineMaterials/Substrate/GLints/dict_16_192_64_0p5_0p02_0002_0013" 6734
"../../../Engine/Content/EngineMaterials/Substrate/GLints/dict_16_192_64_0p5_0p02_0002_0007.uasset" 6735
"/Engine/EngineMaterials/Substrate/GLints/dict_16_192_64_0p5_0p02_0003_0007" 6736
"../../../Engine/Content/EngineMaterials/Substrate/GLints/dict_16_192_64_0p5_0p02_0002_0006.uasset" 6737
"../../../Engine/Content/EngineMaterials/Substrate/GLints/dict_16_192_64_0p5_0p02_0002_0004.uasset" 6738
"/Engine/EngineMaterials/Substrate/GLints/dict_16_192_64_0p5_0p02_0003_0008" 6739
"../../../Engine/Content/EngineMaterials/Substrate/GLints/dict_16_192_64_0p5_0p02_0002_0002.uasset" 6740
"../../../Engine/Content/EngineMaterials/Substrate/GLints/dict_16_192_64_0p5_0p02_0002_0001.uasset" 6741
"../../../Engine/Content/EngineMaterials/Substrate/GLints/dict_16_192_64_0p5_0p02_0002_0003.uasset" 6742
"../../../Engine/Content/EngineMaterials/Substrate/GLints/dict_16_192_64_0p5_0p02_0001_0014.uasset" 6743
"../../../Engine/Content/EngineMaterials/Substrate/GLints/dict_16_192_64_0p5_0p02_0001_0013.uasset" 6744
"../../../Engine/Content/EngineMaterials/Substrate/GLints/dict_16_192_64_0p5_0p02_0001_0012.uasset" 6745
"/Engine/EngineMaterials/Substrate/GLints/dict_16_192_64_0p5_0p02_0003_0009" 6746
"/Engine/EngineMaterials/Substrate/GLints/dict_16_192_64_0p5_0p02_0002_0014" 6747
"../../../Engine/Content/EngineMaterials/Substrate/GLints/dict_16_192_64_0p5_0p02_0001_0011.uasset" 6748
"../../../Engine/Content/EngineMaterials/Substrate/GLints/dict_16_192_64_0p5_0p02_0001_0015.uasset" 6749
"../../../Engine/Content/EngineMaterials/Substrate/GLints/dict_16_192_64_0p5_0p02_0002_0005.uasset" 6750
"/Engine/EngineMaterials/Substrate/GLints/dict_16_192_64_0p5_0p02_0003_0010" 6751
"/Engine/EngineMaterials/Substrate/GLints/dict_16_192_64_0p5_0p02_0001_0011" 6752
"/Engine/EngineMaterials/Substrate/GLints/dict_16_192_64_0p5_0p02_0002_0008" 6753
"/Engine/EngineMaterials/Substrate/GLints/dict_16_192_64_0p5_0p02_0001_0012" 6754
"/Engine/EngineMaterials/Substrate/GLints/dict_16_192_64_0p5_0p02_0001_0013" 6755
"/Engine/EngineMaterials/Substrate/GLints/dict_16_192_64_0p5_0p02_0001_0014" 6756
"/Engine/EngineMaterials/Substrate/GLints/dict_16_192_64_0p5_0p02_0001_0015" 6757
"../../../Engine/Content/EngineMaterials/Substrate/GLints/dict_16_192_64_0p5_0p02_0004_0007.uasset" 6758
"/Engine/EngineMaterials/Substrate/GLints/dict_16_192_64_0p5_0p02_0002_0000" 6759
"/Engine/EngineMaterials/Substrate/GLints/dict_16_192_64_0p5_0p02_0002_0001" 6760
"/Engine/EngineMaterials/Substrate/GLints/dict_16_192_64_0p5_0p02_0002_0002" 6761
"/Engine/EngineMaterials/Substrate/GLints/dict_16_192_64_0p5_0p02_0002_0003" 6762
"/Engine/EngineMaterials/Substrate/GLints/dict_16_192_64_0p5_0p02_0002_0004" 6763
"/Engine/EngineMaterials/Substrate/GLints/dict_16_192_64_0p5_0p02_0002_0005" 6764
"/Engine/EngineMaterials/Substrate/GLints/dict_16_192_64_0p5_0p02_0002_0006" 6765
"../../../Engine/Content/EngineMaterials/Substrate/GLints/dict_16_192_64_0p5_0p02_0001_0006.uasset" 6766
"../../../Engine/Content/EngineMaterials/Substrate/GLints/dict_16_192_64_0p5_0p02_0001_0009.uasset" 6767
"../../../Engine/Content/EngineMaterials/Substrate/GLints/dict_16_192_64_0p5_0p02_0000_0010.uasset" 6768
"../../../Engine/Content/EngineMaterials/Substrate/GLints/dict_16_192_64_0p5_0p02_0001_0008.uasset" 6769
"../../../Engine/Content/EngineMaterials/Substrate/GLints/dict_16_192_64_0p5_0p02_0001_0010.uasset" 6770
"../../../Engine/Content/EngineMaterials/Substrate/GLints/dict_16_192_64_0p5_0p02_0001_0003.uasset" 6771
"/Engine/EngineMaterials/Substrate/GLints/dict_16_192_64_0p5_0p02_0002_0007" 6772
"../../../Engine/Content/EngineMaterials/Substrate/GLints/dict_16_192_64_0p5_0p02_0001_0005.uasset" 6773
"../../../Engine/Content/EngineMaterials/Substrate/GLints/dict_16_192_64_0p5_0p02_0000_0012.uasset" 6774
"../../../Engine/Content/EngineMaterials/Substrate/GLints/dict_16_192_64_0p5_0p02_0001_0004.uasset" 6775
"/Engine/EngineMaterials/Substrate/GLints/dict_16_192_64_0p5_0p02_0000_0010" 6776
"../../../Engine/Content/EngineMaterials/Substrate/GLints/dict_16_192_64_0p5_0p02_0000_0014.uasset" 6777
"/Engine/EngineMaterials/Substrate/GLints/dict_16_192_64_0p5_0p02_0000_0012" 6778
"../../../Engine/Content/EngineMaterials/Substrate/GLints/dict_16_192_64_0p5_0p02_0001_0001.uasset" 6779
"../../../Engine/Content/EngineMaterials/Substrate/GLints/dict_16_192_64_0p5_0p02_0001_0007.uasset" 6780
"../../../Engine/Content/EngineMaterials/Substrate/Glints2/dict_0007_0255.uasset" 6781
"../../../Engine/Content/EngineMaterials/Substrate/GLints/dict_16_192_64_0p5_0p02_0001_0000.uasset" 6782
"../../../Engine/Content/EngineMaterials/Substrate/GLints/dict_16_192_64_0p5_0p02_0000_0002.uasset" 6783
"/Engine/EngineMaterials/Substrate/GLints/dict_16_192_64_0p5_0p02_0001_0003" 6784
"../../../Engine/Content/EngineMaterials/Substrate/Glints2/dict_0007_0254.uasset" 6785
"../../../Engine/Content/EngineMaterials/Substrate/GLints/dict_16_192_64_0p5_0p02_0000_0015.uasset" 6786
"../../../Engine/Content/EngineMaterials/Substrate/Glints2/dict_0007_0253.uasset" 6787
"../../../Engine/Content/EngineMaterials/Substrate/GLints/dict_16_192_64_0p5_0p02_0000_0011.uasset" 6788
"../../../Engine/Content/EngineMaterials/Substrate/GLints/dict_16_192_64_0p5_0p02_0000_0003.uasset" 6789
"/Engine/EngineMaterials/Substrate/GLints/dict_16_192_64_0p5_0p02_0001_0005" 6790
"../../../Engine/Content/EngineMaterials/Substrate/GLints/dict_16_192_64_0p5_0p02_0001_0002.uasset" 6791
"/Engine/EngineMaterials/Substrate/GLints/dict_16_192_64_0p5_0p02_0001_0006" 6792
"../../../Engine/Content/EngineMaterials/Substrate/GLints/dict_16_192_64_0p5_0p02_0000_0013.uasset" 6793
"/Engine/EngineMaterials/Substrate/GLints/dict_16_192_64_0p5_0p02_0001_0008" 6794
"/Engine/EngineMaterials/Substrate/GLints/dict_16_192_64_0p5_0p02_0004_0007" 6795
"/Engine/EngineMaterials/Substrate/GLints/dict_16_192_64_0p5_0p02_0001_0009" 6796
"/Engine/EngineMaterials/Substrate/GLints/dict_16_192_64_0p5_0p02_0001_0010" 6797
"/Engine/EngineMaterials/Substrate/Glints2/dict_0007_0253" 6798
"../../../Engine/Content/EngineMaterials/Substrate/Glints2/dict_0007_0251.uasset" 6799
"../../../Engine/Content/EngineMaterials/Substrate/Glints2/dict_0007_0250.uasset" 6800
"../../../Engine/Content/EngineMaterials/Substrate/Glints2/dict_0007_0252.uasset" 6801
"../../../Engine/Content/EngineMaterials/Substrate/Glints2/dict_0007_0245.uasset" 6802
"../../../Engine/Content/EngineMaterials/Substrate/Glints2/dict_0007_0249.uasset" 6803
"/Engine/EngineMaterials/Substrate/Glints2/dict_0007_0254" 6804
"../../../Engine/Content/EngineMaterials/Substrate/Glints2/dict_0007_0247.uasset" 6805
"../../../Engine/Content/EngineMaterials/Substrate/Glints2/dict_0007_0246.uasset" 6806
"../../../Engine/Content/EngineMaterials/Substrate/Glints2/dict_0007_0244.uasset" 6807
"../../../Engine/Content/EngineMaterials/Substrate/Glints2/dict_0007_0248.uasset" 6808
"../../../Engine/Content/EngineMaterials/Substrate/GLints/dict_16_192_64_0p5_0p02_0000_0007.uasset" 6809
"/Engine/EngineMaterials/Substrate/Glints2/dict_0007_0255" 6810
"../../../Engine/Content/EngineMaterials/Substrate/GLints/dict_16_192_64_0p5_0p02_0000_0009.uasset" 6811
"/Engine/EngineMaterials/Substrate/GLints/dict_16_192_64_0p5_0p02_0000_0011" 6812
"../../../Engine/Content/EngineMaterials/Substrate/GLints/dict_16_192_64_0p5_0p02_0000_0006.uasset" 6813
"../../../Engine/Content/EngineMaterials/Substrate/GLints/dict_16_192_64_0p5_0p02_0000_0001.uasset" 6814
"/Engine/EngineMaterials/Substrate/GLints/dict_16_192_64_0p5_0p02_0000_0013" 6815
"../../../Engine/Content/EngineMaterials/Substrate/GLints/dict_16_192_64_0p5_0p02_0000_0004.uasset" 6816
"../../../Engine/Content/EngineMaterials/Substrate/GLints/AGlintTex2dArray.uasset" 6817
"../../../Engine/Content/EngineMaterials/Substrate/GLints/dict_16_192_64_0p5_0p02_0000_0008.uasset" 6818
"../../../Engine/Content/EngineMaterials/Substrate/GLints/dict_16_192_64_0p5_0p02_0000_0005.uasset" 6819
"../../../Engine/Content/EngineMaterials/Substrate/GLints/dict_16_192_64_0p5_0p02_0000_0000.uasset" 6820
"/Engine/EngineMaterials/Substrate/GLints/dict_16_192_64_0p5_0p02_0000_0014" 6821
"/Engine/EngineMaterials/Substrate/GLints/dict_16_192_64_0p5_0p02_0000_0015" 6822
"/Engine/EngineMaterials/Substrate/GLints/dict_16_192_64_0p5_0p02_0000_0002" 6823
"/Engine/EngineMaterials/Substrate/GLints/dict_16_192_64_0p5_0p02_0000_0003" 6824
"/Engine/EngineMaterials/Substrate/GLints/dict_16_192_64_0p5_0p02_0001_0000" 6825
"/Engine/EngineMaterials/Substrate/GLints/dict_16_192_64_0p5_0p02_0001_0001" 6826
"/Engine/EngineMaterials/Substrate/GLints/dict_16_192_64_0p5_0p02_0001_0002" 6827
"/Engine/EngineMaterials/Substrate/GLints/dict_16_192_64_0p5_0p02_0001_0004" 6828
"/Engine/EngineMaterials/Substrate/GLints/dict_16_192_64_0p5_0p02_0001_0007" 6829
"/Engine/EngineMaterials/Substrate/Glints2/dict_0007_0244" 6830
"../../../Engine/Content/EngineMaterials/Substrate/Glints2/dict_0007_0242.uasset" 6831
"../../../Engine/Content/EngineMaterials/Substrate/Glints2/dict_0007_0241.uasset" 6832
"../../../Engine/Content/EngineMaterials/Substrate/Glints2/dict_0007_0240.uasset" 6833
"../../../Engine/Content/EngineMaterials/Substrate/Glints2/dict_0007_0243.uasset" 6834
"../../../Engine/Content/EngineMaterials/Substrate/Glints2/dict_0007_0239.uasset" 6835
"../../../Engine/Content/EngineMaterials/Substrate/Glints2/dict_0007_0237.uasset" 6836
"../../../Engine/Content/EngineMaterials/Substrate/Glints2/dict_0007_0232.uasset" 6837
"/Engine/EngineMaterials/Substrate/GLints/AGlintTex2dArray" 6838
"../../../Engine/Content/EngineMaterials/Substrate/Glints2/dict_0007_0233.uasset" 6839
"../../../Engine/Content/EngineMaterials/Substrate/Glints2/dict_0007_0236.uasset" 6840
"../../../Engine/Content/EngineMaterials/Substrate/Glints2/dict_0007_0234.uasset" 6841
"../../../Engine/Content/EngineMaterials/Substrate/Glints2/dict_0007_0230.uasset" 6842
"../../../Engine/Content/EngineMaterials/Substrate/Glints2/dict_0007_0231.uasset" 6843
"../../../Engine/Content/EngineMaterials/Substrate/Glints2/dict_0007_0235.uasset" 6844
"../../../Engine/Content/EngineMaterials/Substrate/Glints2/dict_0007_0238.uasset" 6845
"/Engine/EngineMaterials/Substrate/Glints2/dict_0007_0245" 6846
"/Engine/EngineMaterials/Substrate/Glints2/dict_0007_0246" 6847
"/Engine/EngineMaterials/Substrate/Glints2/dict_0007_0247" 6848
"/Engine/EngineMaterials/Substrate/Glints2/dict_0007_0248" 6849
"/Engine/EngineMaterials/Substrate/Glints2/dict_0007_0249" 6850
"/Engine/EngineMaterials/Substrate/Glints2/dict_0007_0250" 6851
"/Engine/EngineMaterials/Substrate/Glints2/dict_0007_0251" 6852
"/Engine/EngineMaterials/Substrate/Glints2/dict_0007_0252" 6853
"/Engine/EngineMaterials/Substrate/Glints2/dict_0007_0230" 6854
"../../../Engine/Content/EngineMaterials/Substrate/Glints2/dict_0007_0229.uasset" 6855
"../../../Engine/Content/EngineMaterials/Substrate/Glints2/dict_0007_0222.uasset" 6856
"../../../Engine/Content/EngineMaterials/Substrate/Glints2/dict_0007_0227.uasset" 6857
"../../../Engine/Content/EngineMaterials/Substrate/Glints2/dict_0007_0223.uasset" 6858
"../../../Engine/Content/EngineMaterials/Substrate/Glints2/dict_0007_0228.uasset" 6859
"../../../Engine/Content/EngineMaterials/Substrate/Glints2/dict_0007_0224.uasset" 6860
"../../../Engine/Content/EngineMaterials/Substrate/Glints2/dict_0007_0226.uasset" 6861
"/Engine/EngineMaterials/Substrate/Glints2/dict_0007_0231" 6862
"../../../Engine/Content/EngineMaterials/Substrate/Glints2/dict_0007_0220.uasset" 6863
"../../../Engine/Content/EngineMaterials/Substrate/Glints2/dict_0007_0215.uasset" 6864
"../../../Engine/Content/EngineMaterials/Substrate/Glints2/dict_0007_0216.uasset" 6865
"../../../Engine/Content/EngineMaterials/Substrate/Glints2/dict_0007_0225.uasset" 6866
"../../../Engine/Content/EngineMaterials/Substrate/Glints2/dict_0007_0217.uasset" 6867
"../../../Engine/Content/EngineMaterials/Substrate/Glints2/dict_0007_0213.uasset" 6868
"../../../Engine/Content/EngineMaterials/Substrate/Glints2/dict_0007_0214.uasset" 6869
"../../../Engine/Content/EngineMaterials/Substrate/Glints2/dict_0007_0221.uasset" 6870
"../../../Engine/Content/EngineMaterials/Substrate/Glints2/dict_0007_0212.uasset" 6871
"../../../Engine/Content/EngineMaterials/Substrate/Glints2/dict_0007_0219.uasset" 6872
"../../../Engine/Content/EngineMaterials/Substrate/Glints2/dict_0007_0218.uasset" 6873
"/Engine/EngineMaterials/Substrate/Glints2/dict_0007_0232" 6874
"/Engine/EngineMaterials/Substrate/Glints2/dict_0007_0233" 6875
"/Engine/EngineMaterials/Substrate/Glints2/dict_0007_0234" 6876
"/Engine/EngineMaterials/Substrate/Glints2/dict_0007_0235" 6877
"/Engine/EngineMaterials/Substrate/Glints2/dict_0007_0236" 6878
"/Engine/EngineMaterials/Substrate/Glints2/dict_0007_0237" 6879
"/Engine/EngineMaterials/Substrate/Glints2/dict_0007_0238" 6880
"/Engine/EngineMaterials/Substrate/Glints2/dict_0007_0239" 6881
"/Engine/EngineMaterials/Substrate/Glints2/dict_0007_0240" 6882
"/Engine/EngineMaterials/Substrate/Glints2/dict_0007_0241" 6883
"/Engine/EngineMaterials/Substrate/Glints2/dict_0007_0242" 6884
"/Engine/EngineMaterials/Substrate/Glints2/dict_0007_0243" 6885
"/Engine/EngineMaterials/Substrate/Glints2/dict_0007_0212" 6886
"../../../Engine/Content/EngineMaterials/Substrate/Glints2/dict_0007_0211.uasset" 6887
"../../../Engine/Content/EngineMaterials/Substrate/Glints2/dict_0007_0210.uasset" 6888
"../../../Engine/Content/EngineMaterials/Substrate/Glints2/dict_0007_0206.uasset" 6889
"../../../Engine/Content/EngineMaterials/Substrate/Glints2/dict_0007_0209.uasset" 6890
"../../../Engine/Content/EngineMaterials/Substrate/Glints2/dict_0007_0208.uasset" 6891
"../../../Engine/Content/EngineMaterials/Substrate/Glints2/dict_0007_0207.uasset" 6892
"../../../Engine/Content/EngineMaterials/Substrate/Glints2/dict_0007_0205.uasset" 6893
"/Engine/EngineMaterials/Substrate/Glints2/dict_0007_0213" 6894
"../../../Engine/Content/EngineMaterials/Substrate/Glints2/dict_0007_0204.uasset" 6895
"../../../Engine/Content/EngineMaterials/Substrate/Glints2/dict_0007_0202.uasset" 6896
"../../../Engine/Content/EngineMaterials/Substrate/Glints2/dict_0007_0198.uasset" 6897
"../../../Engine/Content/EngineMaterials/Substrate/Glints2/dict_0007_0203.uasset" 6898
"../../../Engine/Content/EngineMaterials/Substrate/Glints2/dict_0007_0201.uasset" 6899
"../../../Engine/Content/EngineMaterials/Substrate/Glints2/dict_0007_0199.uasset" 6900
"../../../Engine/Content/EngineMaterials/Substrate/Glints2/dict_0007_0200.uasset" 6901
"/Engine/EngineMaterials/Substrate/Glints2/dict_0007_0214" 6902
"/Engine/EngineMaterials/Substrate/Glints2/dict_0007_0215" 6903
"/Engine/EngineMaterials/Substrate/Glints2/dict_0007_0216" 6904
"/Engine/EngineMaterials/Substrate/Glints2/dict_0007_0217" 6905
"/Engine/EngineMaterials/Substrate/Glints2/dict_0007_0218" 6906
"/Engine/EngineMaterials/Substrate/Glints2/dict_0007_0219" 6907
"/Engine/EngineMaterials/Substrate/Glints2/dict_0007_0220" 6908
"/Engine/EngineMaterials/Substrate/Glints2/dict_0007_0221" 6909
"/Engine/EngineMaterials/Substrate/Glints2/dict_0007_0222" 6910
"/Engine/EngineMaterials/Substrate/Glints2/dict_0007_0223" 6911
"/Engine/EngineMaterials/Substrate/Glints2/dict_0007_0224" 6912
"/Engine/EngineMaterials/Substrate/Glints2/dict_0007_0225" 6913
"/Engine/EngineMaterials/Substrate/Glints2/dict_0007_0226" 6914
"/Engine/EngineMaterials/Substrate/Glints2/dict_0007_0227" 6915
"/Engine/EngineMaterials/Substrate/Glints2/dict_0007_0228" 6916
"/Engine/EngineMaterials/Substrate/Glints2/dict_0007_0229" 6917
"/Engine/EngineMaterials/Substrate/Glints2/dict_0007_0198" 6918
"../../../Engine/Content/EngineMaterials/Substrate/Glints2/dict_0007_0195.uasset" 6919
"../../../Engine/Content/EngineMaterials/Substrate/Glints2/dict_0007_0197.uasset" 6920
"../../../Engine/Content/EngineMaterials/Substrate/Glints2/dict_0007_0192.uasset" 6921
"/Engine/EngineMaterials/Substrate/Glints2/dict_0007_0199" 6922
"../../../Engine/Content/EngineMaterials/Substrate/Glints2/dict_0007_0188.uasset" 6923
"../../../Engine/Content/EngineMaterials/Substrate/Glints2/dict_0007_0194.uasset" 6924
"../../../Engine/Content/EngineMaterials/Substrate/Glints2/dict_0007_0193.uasset" 6925
"../../../Engine/Content/EngineMaterials/Substrate/Glints2/dict_0007_0190.uasset" 6926
"/Engine/EngineMaterials/Substrate/Glints2/dict_0007_0200" 6927
"../../../Engine/Content/EngineMaterials/Substrate/Glints2/dict_0007_0187.uasset" 6928
"../../../Engine/Content/EngineMaterials/Substrate/Glints2/dict_0007_0186.uasset" 6929
"../../../Engine/Content/EngineMaterials/Substrate/Glints2/dict_0007_0180.uasset" 6930
"../../../Engine/Content/EngineMaterials/Substrate/Glints2/dict_0007_0184.uasset" 6931
"../../../Engine/Content/EngineMaterials/Substrate/Glints2/dict_0007_0183.uasset" 6932
"../../../Engine/Content/EngineMaterials/Substrate/Glints2/dict_0007_0196.uasset" 6933
"/Engine/EngineMaterials/Substrate/Glints2/dict_0007_0201" 6934
"../../../Engine/Content/EngineMaterials/Substrate/Glints2/dict_0007_0181.uasset" 6935
"../../../Engine/Content/EngineMaterials/Substrate/Glints2/dict_0007_0182.uasset" 6936
"../../../Engine/Content/EngineMaterials/Substrate/Glints2/dict_0007_0185.uasset" 6937
"../../../Engine/Content/EngineMaterials/Substrate/Glints2/dict_0007_0189.uasset" 6938
"../../../Engine/Content/EngineMaterials/Substrate/Glints2/dict_0007_0191.uasset" 6939
"/Engine/EngineMaterials/Substrate/Glints2/dict_0007_0202" 6940
"/Engine/EngineMaterials/Substrate/Glints2/dict_0007_0203" 6941
"/Engine/EngineMaterials/Substrate/Glints2/dict_0007_0204" 6942
"/Engine/EngineMaterials/Substrate/Glints2/dict_0007_0205" 6943
"/Engine/EngineMaterials/Substrate/Glints2/dict_0007_0206" 6944
"/Engine/EngineMaterials/Substrate/Glints2/dict_0007_0207" 6945
"/Engine/EngineMaterials/Substrate/Glints2/dict_0007_0208" 6946
"/Engine/EngineMaterials/Substrate/Glints2/dict_0007_0209" 6947
"/Engine/EngineMaterials/Substrate/Glints2/dict_0007_0210" 6948
"/Engine/EngineMaterials/Substrate/Glints2/dict_0007_0211" 6949
"/Engine/EngineMaterials/Substrate/Glints2/dict_0007_0180" 6950
"../../../Engine/Content/EngineMaterials/Substrate/Glints2/dict_0007_0176.uasset" 6951
"../../../Engine/Content/EngineMaterials/Substrate/Glints2/dict_0007_0179.uasset" 6952
"../../../Engine/Content/EngineMaterials/Substrate/Glints2/dict_0007_0177.uasset" 6953
"../../../Engine/Content/EngineMaterials/Substrate/Glints2/dict_0007_0173.uasset" 6954
"/Engine/EngineMaterials/Substrate/Glints2/dict_0007_0181" 6955
"../../../Engine/Content/EngineMaterials/Substrate/Glints2/dict_0007_0172.uasset" 6956
"../../../Engine/Content/EngineMaterials/Substrate/Glints2/dict_0007_0175.uasset" 6957
"../../../Engine/Content/EngineMaterials/Substrate/Glints2/dict_0007_0170.uasset" 6958
"../../../Engine/Content/EngineMaterials/Substrate/Glints2/dict_0007_0178.uasset" 6959
"../../../Engine/Content/EngineMaterials/Substrate/Glints2/dict_0007_0169.uasset" 6960
"../../../Engine/Content/EngineMaterials/Substrate/Glints2/dict_0007_0174.uasset" 6961
"../../../Engine/Content/EngineMaterials/Substrate/Glints2/dict_0007_0171.uasset" 6962
"../../../Engine/Content/EngineMaterials/Substrate/Glints2/dict_0007_0168.uasset" 6963
"../../../Engine/Content/EngineMaterials/Substrate/Glints2/dict_0007_0166.uasset" 6964
"../../../Engine/Content/EngineMaterials/Substrate/Glints2/dict_0007_0167.uasset" 6965
"/Engine/EngineMaterials/Substrate/Glints2/dict_0007_0182" 6966
"/Engine/EngineMaterials/Substrate/Glints2/dict_0007_0183" 6967
"/Engine/EngineMaterials/Substrate/Glints2/dict_0007_0184" 6968
"/Engine/EngineMaterials/Substrate/Glints2/dict_0007_0185" 6969
"/Engine/EngineMaterials/Substrate/Glints2/dict_0007_0186" 6970
"/Engine/EngineMaterials/Substrate/Glints2/dict_0007_0187" 6971
"/Engine/EngineMaterials/Substrate/Glints2/dict_0007_0188" 6972
"/Engine/EngineMaterials/Substrate/Glints2/dict_0007_0189" 6973
"/Engine/EngineMaterials/Substrate/Glints2/dict_0007_0190" 6974
"/Engine/EngineMaterials/Substrate/Glints2/dict_0007_0191" 6975
"/Engine/EngineMaterials/Substrate/Glints2/dict_0007_0192" 6976
"/Engine/EngineMaterials/Substrate/Glints2/dict_0007_0193" 6977
"/Engine/EngineMaterials/Substrate/Glints2/dict_0007_0194" 6978
"/Engine/EngineMaterials/Substrate/Glints2/dict_0007_0195" 6979
"/Engine/EngineMaterials/Substrate/Glints2/dict_0007_0196" 6980
"/Engine/EngineMaterials/Substrate/Glints2/dict_0007_0197" 6981
"/Engine/EngineMaterials/Substrate/Glints2/dict_0007_0166" 6982
"../../../Engine/Content/EngineMaterials/Substrate/Glints2/dict_0007_0164.uasset" 6983
"../../../Engine/Content/EngineMaterials/Substrate/Glints2/dict_0007_0163.uasset" 6984
"../../../Engine/Content/EngineMaterials/Substrate/Glints2/dict_0007_0162.uasset" 6985
"../../../Engine/Content/EngineMaterials/Substrate/Glints2/dict_0007_0159.uasset" 6986
"../../../Engine/Content/EngineMaterials/Substrate/Glints2/dict_0007_0155.uasset" 6987
"../../../Engine/Content/EngineMaterials/Substrate/Glints2/dict_0007_0161.uasset" 6988
"../../../Engine/Content/EngineMaterials/Substrate/Glints2/dict_0007_0165.uasset" 6989
"../../../Engine/Content/EngineMaterials/Substrate/Glints2/dict_0007_0150.uasset" 6990
"/Engine/EngineMaterials/Substrate/Glints2/dict_0007_0167" 6991
"../../../Engine/Content/EngineMaterials/Substrate/Glints2/dict_0007_0157.uasset" 6992
"../../../Engine/Content/EngineMaterials/Substrate/Glints2/dict_0007_0156.uasset" 6993
"../../../Engine/Content/EngineMaterials/Substrate/Glints2/dict_0007_0148.uasset" 6994
"../../../Engine/Content/EngineMaterials/Substrate/Glints2/dict_0007_0152.uasset" 6995
"../../../Engine/Content/EngineMaterials/Substrate/Glints2/dict_0007_0149.uasset" 6996
"../../../Engine/Content/EngineMaterials/Substrate/Glints2/dict_0007_0154.uasset" 6997
"../../../Engine/Content/EngineMaterials/Substrate/Glints2/dict_0007_0160.uasset" 6998
"../../../Engine/Content/EngineMaterials/Substrate/Glints2/dict_0007_0153.uasset" 6999
"../../../Engine/Content/EngineMaterials/Substrate/Glints2/dict_0007_0158.uasset" 7000
"../../../Engine/Content/EngineMaterials/Substrate/Glints2/dict_0007_0151.uasset" 7001
"/Engine/EngineMaterials/Substrate/Glints2/dict_0007_0168" 7002
"/Engine/EngineMaterials/Substrate/Glints2/dict_0007_0169" 7003
"/Engine/EngineMaterials/Substrate/Glints2/dict_0007_0170" 7004
"/Engine/EngineMaterials/Substrate/Glints2/dict_0007_0171" 7005
"/Engine/EngineMaterials/Substrate/Glints2/dict_0007_0172" 7006
"/Engine/EngineMaterials/Substrate/Glints2/dict_0007_0173" 7007
"/Engine/EngineMaterials/Substrate/Glints2/dict_0007_0174" 7008
"/Engine/EngineMaterials/Substrate/Glints2/dict_0007_0175" 7009
"/Engine/EngineMaterials/Substrate/Glints2/dict_0007_0176" 7010
"/Engine/EngineMaterials/Substrate/Glints2/dict_0007_0177" 7011
"/Engine/EngineMaterials/Substrate/Glints2/dict_0007_0178" 7012
"/Engine/EngineMaterials/Substrate/Glints2/dict_0007_0179" 7013
"/Engine/EngineMaterials/Substrate/Glints2/dict_0007_0148" 7014
"../../../Engine/Content/EngineMaterials/Substrate/Glints2/dict_0007_0144.uasset" 7015
"../../../Engine/Content/EngineMaterials/Substrate/Glints2/dict_0007_0141.uasset" 7016
"../../../Engine/Content/EngineMaterials/Substrate/Glints2/dict_0007_0146.uasset" 7017
"../../../Engine/Content/EngineMaterials/Substrate/Glints2/dict_0007_0145.uasset" 7018
"../../../Engine/Content/EngineMaterials/Substrate/Glints2/dict_0007_0147.uasset" 7019
"../../../Engine/Content/EngineMaterials/Substrate/Glints2/dict_0007_0142.uasset" 7020
"../../../Engine/Content/EngineMaterials/Substrate/Glints2/dict_0007_0137.uasset" 7021
"../../../Engine/Content/EngineMaterials/Substrate/Glints2/dict_0007_0134.uasset" 7022
"../../../Engine/Content/EngineMaterials/Substrate/Glints2/dict_0007_0143.uasset" 7023
"../../../Engine/Content/EngineMaterials/Substrate/Glints2/dict_0007_0135.uasset" 7024
"../../../Engine/Content/EngineMaterials/Substrate/Glints2/dict_0007_0139.uasset" 7025
"/Engine/EngineMaterials/Substrate/Glints2/dict_0007_0149" 7026
"../../../Engine/Content/EngineMaterials/Substrate/Glints2/dict_0007_0140.uasset" 7027
"../../../Engine/Content/EngineMaterials/Substrate/Glints2/dict_0007_0138.uasset" 7028
"../../../Engine/Content/EngineMaterials/Substrate/Glints2/dict_0007_0136.uasset" 7029
"/Engine/EngineMaterials/Substrate/Glints2/dict_0007_0150" 7030
"/Engine/EngineMaterials/Substrate/Glints2/dict_0007_0151" 7031
"/Engine/EngineMaterials/Substrate/Glints2/dict_0007_0152" 7032
"/Engine/EngineMaterials/Substrate/Glints2/dict_0007_0153" 7033
"/Engine/EngineMaterials/Substrate/Glints2/dict_0007_0154" 7034
"/Engine/EngineMaterials/Substrate/Glints2/dict_0007_0155" 7035
"/Engine/EngineMaterials/Substrate/Glints2/dict_0007_0156" 7036
"/Engine/EngineMaterials/Substrate/Glints2/dict_0007_0157" 7037
"/Engine/EngineMaterials/Substrate/Glints2/dict_0007_0158" 7038
"/Engine/EngineMaterials/Substrate/Glints2/dict_0007_0159" 7039
"/Engine/EngineMaterials/Substrate/Glints2/dict_0007_0160" 7040
"/Engine/EngineMaterials/Substrate/Glints2/dict_0007_0161" 7041
"/Engine/EngineMaterials/Substrate/Glints2/dict_0007_0162" 7042
"/Engine/EngineMaterials/Substrate/Glints2/dict_0007_0163" 7043
"/Engine/EngineMaterials/Substrate/Glints2/dict_0007_0164" 7044
"/Engine/EngineMaterials/Substrate/Glints2/dict_0007_0165" 7045
"/Engine/EngineMaterials/Substrate/Glints2/dict_0007_0134" 7046
"../../../Engine/Content/EngineMaterials/Substrate/Glints2/dict_0007_0131.uasset" 7047
"../../../Engine/Content/EngineMaterials/Substrate/Glints2/dict_0007_0132.uasset" 7048
"../../../Engine/Content/EngineMaterials/Substrate/Glints2/dict_0007_0128.uasset" 7049
"../../../Engine/Content/EngineMaterials/Substrate/Glints2/dict_0007_0121.uasset" 7050
"../../../Engine/Content/EngineMaterials/Substrate/Glints2/dict_0007_0120.uasset" 7051
"../../../Engine/Content/EngineMaterials/Substrate/Glints2/dict_0007_0130.uasset" 7052
"../../../Engine/Content/EngineMaterials/Substrate/Glints2/dict_0007_0133.uasset" 7053
"../../../Engine/Content/EngineMaterials/Substrate/Glints2/dict_0007_0129.uasset" 7054
"../../../Engine/Content/EngineMaterials/Substrate/Glints2/dict_0007_0125.uasset" 7055
"../../../Engine/Content/EngineMaterials/Substrate/Glints2/dict_0007_0124.uasset" 7056
"/Engine/EngineMaterials/Substrate/Glints2/dict_0007_0135" 7057
"../../../Engine/Content/EngineMaterials/Substrate/Glints2/dict_0007_0117.uasset" 7058
"../../../Engine/Content/EngineMaterials/Substrate/Glints2/dict_0007_0119.uasset" 7059
"../../../Engine/Content/EngineMaterials/Substrate/Glints2/dict_0007_0127.uasset" 7060
"../../../Engine/Content/EngineMaterials/Substrate/Glints2/dict_0007_0126.uasset" 7061
"../../../Engine/Content/EngineMaterials/Substrate/Glints2/dict_0007_0123.uasset" 7062
"../../../Engine/Content/EngineMaterials/Substrate/Glints2/dict_0007_0122.uasset" 7063
"../../../Engine/Content/EngineMaterials/Substrate/Glints2/dict_0007_0116.uasset" 7064
"../../../Engine/Content/EngineMaterials/Substrate/Glints2/dict_0007_0118.uasset" 7065
"/Engine/EngineMaterials/Substrate/Glints2/dict_0007_0136" 7066
"/Engine/EngineMaterials/Substrate/Glints2/dict_0007_0137" 7067
"/Engine/EngineMaterials/Substrate/Glints2/dict_0007_0138" 7068
"/Engine/EngineMaterials/Substrate/Glints2/dict_0007_0139" 7069
"/Engine/EngineMaterials/Substrate/Glints2/dict_0007_0140" 7070
"/Engine/EngineMaterials/Substrate/Glints2/dict_0007_0141" 7071
"/Engine/EngineMaterials/Substrate/Glints2/dict_0007_0142" 7072
"/Engine/EngineMaterials/Substrate/Glints2/dict_0007_0143" 7073
"/Engine/EngineMaterials/Substrate/Glints2/dict_0007_0144" 7074
"/Engine/EngineMaterials/Substrate/Glints2/dict_0007_0145" 7075
"/Engine/EngineMaterials/Substrate/Glints2/dict_0007_0146" 7076
"/Engine/EngineMaterials/Substrate/Glints2/dict_0007_0147" 7077
"/Engine/EngineMaterials/Substrate/Glints2/dict_0007_0116" 7078
"../../../Engine/Content/EngineMaterials/Substrate/Glints2/dict_0007_0115.uasset" 7079
"../../../Engine/Content/EngineMaterials/Substrate/Glints2/dict_0007_0114.uasset" 7080
"../../../Engine/Content/EngineMaterials/Substrate/Glints2/dict_0007_0113.uasset" 7081
"../../../Engine/Content/EngineMaterials/Substrate/Glints2/dict_0007_0109.uasset" 7082
"../../../Engine/Content/EngineMaterials/Substrate/Glints2/dict_0007_0108.uasset" 7083
"../../../Engine/Content/EngineMaterials/Substrate/Glints2/dict_0007_0107.uasset" 7084
"/Engine/EngineMaterials/Substrate/Glints2/dict_0007_0117" 7085
"../../../Engine/Content/EngineMaterials/Substrate/Glints2/dict_0007_0106.uasset" 7086
"../../../Engine/Content/EngineMaterials/Substrate/Glints2/dict_0007_0110.uasset" 7087
"../../../Engine/Content/EngineMaterials/Substrate/Glints2/dict_0007_0111.uasset" 7088
"../../../Engine/Content/EngineMaterials/Substrate/Glints2/dict_0007_0102.uasset" 7089
"../../../Engine/Content/EngineMaterials/Substrate/Glints2/dict_0007_0104.uasset" 7090
"../../../Engine/Content/EngineMaterials/Substrate/Glints2/dict_0007_0105.uasset" 7091
"../../../Engine/Content/EngineMaterials/Substrate/Glints2/dict_0007_0103.uasset" 7092
"../../../Engine/Content/EngineMaterials/Substrate/Glints2/dict_0007_0112.uasset" 7093
"/Engine/EngineMaterials/Substrate/Glints2/dict_0007_0118" 7094
"/Engine/EngineMaterials/Substrate/Glints2/dict_0007_0119" 7095
"/Engine/EngineMaterials/Substrate/Glints2/dict_0007_0120" 7096
"/Engine/EngineMaterials/Substrate/Glints2/dict_0007_0121" 7097
"/Engine/EngineMaterials/Substrate/Glints2/dict_0007_0122" 7098
"/Engine/EngineMaterials/Substrate/Glints2/dict_0007_0123" 7099
"/Engine/EngineMaterials/Substrate/Glints2/dict_0007_0124" 7100
"/Engine/EngineMaterials/Substrate/Glints2/dict_0007_0125" 7101
"/Engine/EngineMaterials/Substrate/Glints2/dict_0007_0126" 7102
"/Engine/EngineMaterials/Substrate/Glints2/dict_0007_0127" 7103
"/Engine/EngineMaterials/Substrate/Glints2/dict_0007_0128" 7104
"/Engine/EngineMaterials/Substrate/Glints2/dict_0007_0129" 7105
"/Engine/EngineMaterials/Substrate/Glints2/dict_0007_0130" 7106
"/Engine/EngineMaterials/Substrate/Glints2/dict_0007_0131" 7107
"/Engine/EngineMaterials/Substrate/Glints2/dict_0007_0132" 7108
"/Engine/EngineMaterials/Substrate/Glints2/dict_0007_0133" 7109
"/Engine/EngineMaterials/Substrate/Glints2/dict_0007_0102" 7110
"../../../Engine/Content/EngineMaterials/Substrate/Glints2/dict_0007_0100.uasset" 7111
"../../../Engine/Content/EngineMaterials/Substrate/Glints2/dict_0007_0098.uasset" 7112
"../../../Engine/Content/EngineMaterials/Substrate/Glints2/dict_0007_0092.uasset" 7113
"../../../Engine/Content/EngineMaterials/Substrate/Glints2/dict_0007_0101.uasset" 7114
"../../../Engine/Content/EngineMaterials/Substrate/Glints2/dict_0007_0099.uasset" 7115
"../../../Engine/Content/EngineMaterials/Substrate/Glints2/dict_0007_0096.uasset" 7116
"../../../Engine/Content/EngineMaterials/Substrate/Glints2/dict_0007_0088.uasset" 7117
"../../../Engine/Content/EngineMaterials/Substrate/Glints2/dict_0007_0091.uasset" 7118
"../../../Engine/Content/EngineMaterials/Substrate/Glints2/dict_0007_0087.uasset" 7119
"../../../Engine/Content/EngineMaterials/Substrate/Glints2/dict_0007_0097.uasset" 7120
"../../../Engine/Content/EngineMaterials/Substrate/Glints2/dict_0007_0089.uasset" 7121
"../../../Engine/Content/EngineMaterials/Substrate/Glints2/dict_0007_0094.uasset" 7122
"../../../Engine/Content/EngineMaterials/Substrate/Glints2/dict_0007_0093.uasset" 7123
"../../../Engine/Content/EngineMaterials/Substrate/Glints2/dict_0007_0085.uasset" 7124
"/Engine/EngineMaterials/Substrate/Glints2/dict_0007_0103" 7125
"../../../Engine/Content/EngineMaterials/Substrate/Glints2/dict_0007_0095.uasset" 7126
"../../../Engine/Content/EngineMaterials/Substrate/Glints2/dict_0007_0090.uasset" 7127
"../../../Engine/Content/EngineMaterials/Substrate/Glints2/dict_0007_0084.uasset" 7128
"../../../Engine/Content/EngineMaterials/Substrate/Glints2/dict_0007_0086.uasset" 7129
"/Engine/EngineMaterials/Substrate/Glints2/dict_0007_0104" 7130
"/Engine/EngineMaterials/Substrate/Glints2/dict_0007_0105" 7131
"/Engine/EngineMaterials/Substrate/Glints2/dict_0007_0106" 7132
"/Engine/EngineMaterials/Substrate/Glints2/dict_0007_0107" 7133
"/Engine/EngineMaterials/Substrate/Glints2/dict_0007_0108" 7134
"/Engine/EngineMaterials/Substrate/Glints2/dict_0007_0109" 7135
"/Engine/EngineMaterials/Substrate/Glints2/dict_0007_0110" 7136
"/Engine/EngineMaterials/Substrate/Glints2/dict_0007_0111" 7137
"/Engine/EngineMaterials/Substrate/Glints2/dict_0007_0112" 7138
"/Engine/EngineMaterials/Substrate/Glints2/dict_0007_0113" 7139
"/Engine/EngineMaterials/Substrate/Glints2/dict_0007_0114" 7140
"/Engine/EngineMaterials/Substrate/Glints2/dict_0007_0115" 7141
"../../../Engine/Content/EngineMaterials/Substrate/Glints2/dict_0007_0081.uasset" 7142
"/Engine/EngineMaterials/Substrate/Glints2/dict_0007_0084" 7143
"../../../Engine/Content/EngineMaterials/Substrate/Glints2/dict_0007_0079.uasset" 7144
"../../../Engine/Content/EngineMaterials/Substrate/Glints2/dict_0007_0082.uasset" 7145
"../../../Engine/Content/EngineMaterials/Substrate/Glints2/dict_0007_0076.uasset" 7146
"../../../Engine/Content/EngineMaterials/Substrate/Glints2/dict_0007_0083.uasset" 7147
"../../../Engine/Content/EngineMaterials/Substrate/Glints2/dict_0007_0078.uasset" 7148
"../../../Engine/Content/EngineMaterials/Substrate/Glints2/dict_0007_0077.uasset" 7149
"../../../Engine/Content/EngineMaterials/Substrate/Glints2/dict_0007_0080.uasset" 7150
"../../../Engine/Content/EngineMaterials/Substrate/Glints2/dict_0007_0071.uasset" 7151
"../../../Engine/Content/EngineMaterials/Substrate/Glints2/dict_0007_0075.uasset" 7152
"../../../Engine/Content/EngineMaterials/Substrate/Glints2/dict_0007_0072.uasset" 7153
"../../../Engine/Content/EngineMaterials/Substrate/Glints2/dict_0007_0070.uasset" 7154
"/Engine/EngineMaterials/Substrate/Glints2/dict_0007_0085" 7155
"../../../Engine/Content/EngineMaterials/Substrate/Glints2/dict_0007_0073.uasset" 7156
"../../../Engine/Content/EngineMaterials/Substrate/Glints2/dict_0007_0074.uasset" 7157
"/Engine/EngineMaterials/Substrate/Glints2/dict_0007_0086" 7158
"/Engine/EngineMaterials/Substrate/Glints2/dict_0007_0087" 7159
"/Engine/EngineMaterials/Substrate/Glints2/dict_0007_0088" 7160
"/Engine/EngineMaterials/Substrate/Glints2/dict_0007_0089" 7161
"/Engine/EngineMaterials/Substrate/Glints2/dict_0007_0090" 7162
"/Engine/EngineMaterials/Substrate/Glints2/dict_0007_0091" 7163
"/Engine/EngineMaterials/Substrate/Glints2/dict_0007_0092" 7164
"/Engine/EngineMaterials/Substrate/Glints2/dict_0007_0093" 7165
"/Engine/EngineMaterials/Substrate/Glints2/dict_0007_0094" 7166
"/Engine/EngineMaterials/Substrate/Glints2/dict_0007_0095" 7167
"/Engine/EngineMaterials/Substrate/Glints2/dict_0007_0096" 7168
"/Engine/EngineMaterials/Substrate/Glints2/dict_0007_0097" 7169
"/Engine/EngineMaterials/Substrate/Glints2/dict_0007_0098" 7170
"/Engine/EngineMaterials/Substrate/Glints2/dict_0007_0099" 7171
"/Engine/EngineMaterials/Substrate/Glints2/dict_0007_0100" 7172
"/Engine/EngineMaterials/Substrate/Glints2/dict_0007_0101" 7173
"/Engine/EngineMaterials/Substrate/Glints2/dict_0007_0070" 7174
"../../../Engine/Content/EngineMaterials/Substrate/Glints2/dict_0007_0066.uasset" 7175
"../../../Engine/Content/EngineMaterials/Substrate/Glints2/dict_0007_0067.uasset" 7176
"../../../Engine/Content/EngineMaterials/Substrate/Glints2/dict_0007_0068.uasset" 7177
"../../../Engine/Content/EngineMaterials/Substrate/Glints2/dict_0007_0062.uasset" 7178
"../../../Engine/Content/EngineMaterials/Substrate/Glints2/dict_0007_0060.uasset" 7179
"../../../Engine/Content/EngineMaterials/Substrate/Glints2/dict_0007_0069.uasset" 7180
"../../../Engine/Content/EngineMaterials/Substrate/Glints2/dict_0007_0065.uasset" 7181
"../../../Engine/Content/EngineMaterials/Substrate/Glints2/dict_0007_0054.uasset" 7182
"../../../Engine/Content/EngineMaterials/Substrate/Glints2/dict_0007_0061.uasset" 7183
"../../../Engine/Content/EngineMaterials/Substrate/Glints2/dict_0007_0064.uasset" 7184
"/Engine/EngineMaterials/Substrate/Glints2/dict_0007_0071" 7185
"../../../Engine/Content/EngineMaterials/Substrate/Glints2/dict_0007_0058.uasset" 7186
"../../../Engine/Content/EngineMaterials/Substrate/Glints2/dict_0007_0056.uasset" 7187
"../../../Engine/Content/EngineMaterials/Substrate/Glints2/dict_0007_0055.uasset" 7188
"../../../Engine/Content/EngineMaterials/Substrate/Glints2/dict_0007_0063.uasset" 7189
"../../../Engine/Content/EngineMaterials/Substrate/Glints2/dict_0007_0053.uasset" 7190
"../../../Engine/Content/EngineMaterials/Substrate/Glints2/dict_0007_0059.uasset" 7191
"../../../Engine/Content/EngineMaterials/Substrate/Glints2/dict_0007_0052.uasset" 7192
"../../../Engine/Content/EngineMaterials/Substrate/Glints2/dict_0007_0057.uasset" 7193
"/Engine/EngineMaterials/Substrate/Glints2/dict_0007_0072" 7194
"/Engine/EngineMaterials/Substrate/Glints2/dict_0007_0073" 7195
"/Engine/EngineMaterials/Substrate/Glints2/dict_0007_0074" 7196
"/Engine/EngineMaterials/Substrate/Glints2/dict_0007_0075" 7197
"/Engine/EngineMaterials/Substrate/Glints2/dict_0007_0076" 7198
"/Engine/EngineMaterials/Substrate/Glints2/dict_0007_0077" 7199
"/Engine/EngineMaterials/Substrate/Glints2/dict_0007_0078" 7200
"/Engine/EngineMaterials/Substrate/Glints2/dict_0007_0079" 7201
"/Engine/EngineMaterials/Substrate/Glints2/dict_0007_0080" 7202
"/Engine/EngineMaterials/Substrate/Glints2/dict_0007_0081" 7203
"/Engine/EngineMaterials/Substrate/Glints2/dict_0007_0082" 7204
"/Engine/EngineMaterials/Substrate/Glints2/dict_0007_0083" 7205
"/Engine/EngineMaterials/Substrate/Glints2/dict_0007_0052" 7206
"../../../Engine/Content/EngineMaterials/Substrate/Glints2/dict_0007_0049.uasset" 7207
"../../../Engine/Content/EngineMaterials/Substrate/Glints2/dict_0007_0051.uasset" 7208
"../../../Engine/Content/EngineMaterials/Substrate/Glints2/dict_0007_0048.uasset" 7209
"../../../Engine/Content/EngineMaterials/Substrate/Glints2/dict_0007_0050.uasset" 7210
"/Engine/EngineMaterials/Substrate/Glints2/dict_0007_0053" 7211
"../../../Engine/Content/EngineMaterials/Substrate/Glints2/dict_0007_0040.uasset" 7212
"../../../Engine/Content/EngineMaterials/Substrate/Glints2/dict_0007_0041.uasset" 7213
"../../../Engine/Content/EngineMaterials/Substrate/Glints2/dict_0007_0045.uasset" 7214
"../../../Engine/Content/EngineMaterials/Substrate/Glints2/dict_0007_0038.uasset" 7215
"../../../Engine/Content/EngineMaterials/Substrate/Glints2/dict_0007_0047.uasset" 7216
"../../../Engine/Content/EngineMaterials/Substrate/Glints2/dict_0007_0044.uasset" 7217
"../../../Engine/Content/EngineMaterials/Substrate/Glints2/dict_0007_0046.uasset" 7218
"../../../Engine/Content/EngineMaterials/Substrate/Glints2/dict_0007_0043.uasset" 7219
"../../../Engine/Content/EngineMaterials/Substrate/Glints2/dict_0007_0039.uasset" 7220
"/Engine/EngineMaterials/Substrate/Glints2/dict_0007_0054" 7221
"../../../Engine/Content/EngineMaterials/Substrate/Glints2/dict_0007_0042.uasset" 7222
"/Engine/EngineMaterials/Substrate/Glints2/dict_0007_0055" 7223
"/Engine/EngineMaterials/Substrate/Glints2/dict_0007_0056" 7224
"/Engine/EngineMaterials/Substrate/Glints2/dict_0007_0057" 7225
"/Engine/EngineMaterials/Substrate/Glints2/dict_0007_0058" 7226
"/Engine/EngineMaterials/Substrate/Glints2/dict_0007_0059" 7227
"/Engine/EngineMaterials/Substrate/Glints2/dict_0007_0060" 7228
"/Engine/EngineMaterials/Substrate/Glints2/dict_0007_0061" 7229
"/Engine/EngineMaterials/Substrate/Glints2/dict_0007_0062" 7230
"/Engine/EngineMaterials/Substrate/Glints2/dict_0007_0063" 7231
"/Engine/EngineMaterials/Substrate/Glints2/dict_0007_0064" 7232
"/Engine/EngineMaterials/Substrate/Glints2/dict_0007_0065" 7233
"/Engine/EngineMaterials/Substrate/Glints2/dict_0007_0066" 7234
"/Engine/EngineMaterials/Substrate/Glints2/dict_0007_0067" 7235
"/Engine/EngineMaterials/Substrate/Glints2/dict_0007_0068" 7236
"/Engine/EngineMaterials/Substrate/Glints2/dict_0007_0069" 7237
"/Engine/EngineMaterials/Substrate/Glints2/dict_0007_0038" 7238
"../../../Engine/Content/EngineMaterials/Substrate/Glints2/dict_0007_0037.uasset" 7239
"../../../Engine/Content/EngineMaterials/Substrate/Glints2/dict_0007_0036.uasset" 7240
"../../../Engine/Content/EngineMaterials/Substrate/Glints2/dict_0007_0034.uasset" 7241
"../../../Engine/Content/EngineMaterials/Substrate/Glints2/dict_0007_0030.uasset" 7242
"../../../Engine/Content/EngineMaterials/Substrate/Glints2/dict_0007_0035.uasset" 7243
"../../../Engine/Content/EngineMaterials/Substrate/Glints2/dict_0007_0029.uasset" 7244
"../../../Engine/Content/EngineMaterials/Substrate/Glints2/dict_0007_0033.uasset" 7245
"/Engine/EngineMaterials/Substrate/Glints2/dict_0007_0039" 7246
"../../../Engine/Content/EngineMaterials/Substrate/Glints2/dict_0007_0031.uasset" 7247
"../../../Engine/Content/EngineMaterials/Substrate/Glints2/dict_0007_0025.uasset" 7248
"../../../Engine/Content/EngineMaterials/Substrate/Glints2/dict_0007_0021.uasset" 7249
"../../../Engine/Content/EngineMaterials/Substrate/Glints2/dict_0007_0024.uasset" 7250
"../../../Engine/Content/EngineMaterials/Substrate/Glints2/dict_0007_0027.uasset" 7251
"../../../Engine/Content/EngineMaterials/Substrate/Glints2/dict_0007_0023.uasset" 7252
"../../../Engine/Content/EngineMaterials/Substrate/Glints2/dict_0007_0022.uasset" 7253
"../../../Engine/Content/EngineMaterials/Substrate/Glints2/dict_0007_0028.uasset" 7254
"../../../Engine/Content/EngineMaterials/Substrate/Glints2/dict_0007_0026.uasset" 7255
"../../../Engine/Content/EngineMaterials/Substrate/Glints2/dict_0007_0032.uasset" 7256
"../../../Engine/Content/EngineMaterials/Substrate/Glints2/dict_0007_0020.uasset" 7257
"/Engine/EngineMaterials/Substrate/Glints2/dict_0007_0040" 7258
"/Engine/EngineMaterials/Substrate/Glints2/dict_0007_0041" 7259
"/Engine/EngineMaterials/Substrate/Glints2/dict_0007_0042" 7260
"/Engine/EngineMaterials/Substrate/Glints2/dict_0007_0043" 7261
"/Engine/EngineMaterials/Substrate/Glints2/dict_0007_0044" 7262
"/Engine/EngineMaterials/Substrate/Glints2/dict_0007_0045" 7263
"/Engine/EngineMaterials/Substrate/Glints2/dict_0007_0046" 7264
"/Engine/EngineMaterials/Substrate/Glints2/dict_0007_0047" 7265
"/Engine/EngineMaterials/Substrate/Glints2/dict_0007_0048" 7266
"/Engine/EngineMaterials/Substrate/Glints2/dict_0007_0049" 7267
"/Engine/EngineMaterials/Substrate/Glints2/dict_0007_0050" 7268
"/Engine/EngineMaterials/Substrate/Glints2/dict_0007_0051" 7269
"/Engine/EngineMaterials/Substrate/Glints2/dict_0007_0020" 7270
"../../../Engine/Content/EngineMaterials/Substrate/Glints2/dict_0007_0018.uasset" 7271
"../../../Engine/Content/EngineMaterials/Substrate/Glints2/dict_0007_0013.uasset" 7272
"../../../Engine/Content/EngineMaterials/Substrate/Glints2/dict_0007_0016.uasset" 7273
"../../../Engine/Content/EngineMaterials/Substrate/Glints2/dict_0007_0014.uasset" 7274
"../../../Engine/Content/EngineMaterials/Substrate/Glints2/dict_0007_0019.uasset" 7275
"../../../Engine/Content/EngineMaterials/Substrate/Glints2/dict_0007_0017.uasset" 7276
"../../../Engine/Content/EngineMaterials/Substrate/Glints2/dict_0007_0010.uasset" 7277
"../../../Engine/Content/EngineMaterials/Substrate/Glints2/dict_0007_0015.uasset" 7278
"/Engine/EngineMaterials/Substrate/Glints2/dict_0007_0021" 7279
"../../../Engine/Content/EngineMaterials/Substrate/Glints2/dict_0007_0012.uasset" 7280
"../../../Engine/Content/EngineMaterials/Substrate/Glints2/dict_0007_0007.uasset" 7281
"../../../Engine/Content/EngineMaterials/Substrate/Glints2/dict_0007_0008.uasset" 7282
"../../../Engine/Content/EngineMaterials/Substrate/Glints2/dict_0007_0011.uasset" 7283
"../../../Engine/Content/EngineMaterials/Substrate/Glints2/dict_0007_0006.uasset" 7284
"../../../Engine/Content/EngineMaterials/Substrate/Glints2/dict_0007_0009.uasset" 7285
"/Engine/EngineMaterials/Substrate/Glints2/dict_0007_0022" 7286
"/Engine/EngineMaterials/Substrate/Glints2/dict_0007_0023" 7287
"/Engine/EngineMaterials/Substrate/Glints2/dict_0007_0024" 7288
"/Engine/EngineMaterials/Substrate/Glints2/dict_0007_0025" 7289
"/Engine/EngineMaterials/Substrate/Glints2/dict_0007_0026" 7290
"/Engine/EngineMaterials/Substrate/Glints2/dict_0007_0027" 7291
"/Engine/EngineMaterials/Substrate/Glints2/dict_0007_0028" 7292
"/Engine/EngineMaterials/Substrate/Glints2/dict_0007_0029" 7293
"/Engine/EngineMaterials/Substrate/Glints2/dict_0007_0030" 7294
"/Engine/EngineMaterials/Substrate/Glints2/dict_0007_0031" 7295
"/Engine/EngineMaterials/Substrate/Glints2/dict_0007_0032" 7296
"/Engine/EngineMaterials/Substrate/Glints2/dict_0007_0033" 7297
"/Engine/EngineMaterials/Substrate/Glints2/dict_0007_0034" 7298
"/Engine/EngineMaterials/Substrate/Glints2/dict_0007_0035" 7299
"/Engine/EngineMaterials/Substrate/Glints2/dict_0007_0036" 7300
"/Engine/EngineMaterials/Substrate/Glints2/dict_0007_0037" 7301
"/Engine/EngineMaterials/Substrate/Glints2/dict_0007_0006" 7302
"../../../Engine/Content/EngineMaterials/Substrate/Glints2/dict_0007_0004.uasset" 7303
"../../../Engine/Content/EngineMaterials/Substrate/Glints2/dict_0007_0005.uasset" 7304
"../../../Engine/Content/EngineMaterials/Substrate/Glints2/dict_0006_0254.uasset" 7305
"../../../Engine/Content/EngineMaterials/Substrate/Glints2/dict_0007_0003.uasset" 7306
"../../../Engine/Content/EngineMaterials/Substrate/Glints2/dict_0006_0249.uasset" 7307
"../../../Engine/Content/EngineMaterials/Substrate/Glints2/dict_0006_0255.uasset" 7308
"../../../Engine/Content/EngineMaterials/Substrate/Glints2/dict_0007_0002.uasset" 7309
"../../../Engine/Content/EngineMaterials/Substrate/Glints2/dict_0006_0244.uasset" 7310
"../../../Engine/Content/EngineMaterials/Substrate/Glints2/dict_0007_0000.uasset" 7311
"../../../Engine/Content/EngineMaterials/Substrate/Glints2/dict_0006_0250.uasset" 7312
"/Engine/EngineMaterials/Substrate/Glints2/dict_0007_0007" 7313
"../../../Engine/Content/EngineMaterials/Substrate/Glints2/dict_0006_0248.uasset" 7314
"../../../Engine/Content/EngineMaterials/Substrate/Glints2/dict_0006_0252.uasset" 7315
"../../../Engine/Content/EngineMaterials/Substrate/Glints2/dict_0006_0246.uasset" 7316
"../../../Engine/Content/EngineMaterials/Substrate/Glints2/dict_0006_0253.uasset" 7317
"../../../Engine/Content/EngineMaterials/Substrate/Glints2/dict_0006_0251.uasset" 7318
"../../../Engine/Content/EngineMaterials/Substrate/Glints2/dict_0006_0247.uasset" 7319
"../../../Engine/Content/EngineMaterials/Substrate/Glints2/dict_0007_0001.uasset" 7320
"../../../Engine/Content/EngineMaterials/Substrate/Glints2/dict_0006_0245.uasset" 7321
"/Engine/EngineMaterials/Substrate/Glints2/dict_0007_0008" 7322
"/Engine/EngineMaterials/Substrate/Glints2/dict_0007_0009" 7323
"/Engine/EngineMaterials/Substrate/Glints2/dict_0007_0010" 7324
"/Engine/EngineMaterials/Substrate/Glints2/dict_0007_0011" 7325
"/Engine/EngineMaterials/Substrate/Glints2/dict_0007_0012" 7326
"/Engine/EngineMaterials/Substrate/Glints2/dict_0007_0013" 7327
"/Engine/EngineMaterials/Substrate/Glints2/dict_0007_0014" 7328
"/Engine/EngineMaterials/Substrate/Glints2/dict_0007_0015" 7329
"/Engine/EngineMaterials/Substrate/Glints2/dict_0007_0016" 7330
"/Engine/EngineMaterials/Substrate/Glints2/dict_0007_0017" 7331
"/Engine/EngineMaterials/Substrate/Glints2/dict_0007_0018" 7332
"/Engine/EngineMaterials/Substrate/Glints2/dict_0007_0019" 7333
"/Engine/EngineMaterials/Substrate/Glints2/dict_0006_0244" 7334
"../../../Engine/Content/EngineMaterials/Substrate/Glints2/dict_0006_0243.uasset" 7335
"../../../Engine/Content/EngineMaterials/Substrate/Glints2/dict_0006_0242.uasset" 7336
"../../../Engine/Content/EngineMaterials/Substrate/Glints2/dict_0006_0241.uasset" 7337
"../../../Engine/Content/EngineMaterials/Substrate/Glints2/dict_0006_0240.uasset" 7338
"../../../Engine/Content/EngineMaterials/Substrate/Glints2/dict_0006_0239.uasset" 7339
"../../../Engine/Content/EngineMaterials/Substrate/Glints2/dict_0006_0236.uasset" 7340
"../../../Engine/Content/EngineMaterials/Substrate/Glints2/dict_0006_0235.uasset" 7341
"/Engine/EngineMaterials/Substrate/Glints2/dict_0006_0245" 7342
"../../../Engine/Content/EngineMaterials/Substrate/Glints2/dict_0006_0233.uasset" 7343
"../../../Engine/Content/EngineMaterials/Substrate/Glints2/dict_0006_0231.uasset" 7344
"../../../Engine/Content/EngineMaterials/Substrate/Glints2/dict_0006_0238.uasset" 7345
"../../../Engine/Content/EngineMaterials/Substrate/Glints2/dict_0006_0237.uasset" 7346
"../../../Engine/Content/EngineMaterials/Substrate/Glints2/dict_0006_0234.uasset" 7347
"../../../Engine/Content/EngineMaterials/Substrate/Glints2/dict_0006_0230.uasset" 7348
"../../../Engine/Content/EngineMaterials/Substrate/Glints2/dict_0006_0232.uasset" 7349
"/Engine/EngineMaterials/Substrate/Glints2/dict_0006_0246" 7350
"/Engine/EngineMaterials/Substrate/Glints2/dict_0006_0247" 7351
"/Engine/EngineMaterials/Substrate/Glints2/dict_0006_0248" 7352
"/Engine/EngineMaterials/Substrate/Glints2/dict_0006_0249" 7353
"/Engine/EngineMaterials/Substrate/Glints2/dict_0006_0250" 7354
"/Engine/EngineMaterials/Substrate/Glints2/dict_0006_0251" 7355
"/Engine/EngineMaterials/Substrate/Glints2/dict_0006_0252" 7356
"/Engine/EngineMaterials/Substrate/Glints2/dict_0006_0253" 7357
"/Engine/EngineMaterials/Substrate/Glints2/dict_0006_0254" 7358
"/Engine/EngineMaterials/Substrate/Glints2/dict_0006_0255" 7359
"/Engine/EngineMaterials/Substrate/Glints2/dict_0007_0000" 7360
"/Engine/EngineMaterials/Substrate/Glints2/dict_0007_0001" 7361
"/Engine/EngineMaterials/Substrate/Glints2/dict_0007_0002" 7362
"/Engine/EngineMaterials/Substrate/Glints2/dict_0007_0003" 7363
"/Engine/EngineMaterials/Substrate/Glints2/dict_0007_0004" 7364
"/Engine/EngineMaterials/Substrate/Glints2/dict_0007_0005" 7365
"/Engine/EngineMaterials/Substrate/Glints2/dict_0006_0230" 7366
"../../../Engine/Content/EngineMaterials/Substrate/Glints2/dict_0006_0227.uasset" 7367
"../../../Engine/Content/EngineMaterials/Substrate/Glints2/dict_0006_0229.uasset" 7368
"../../../Engine/Content/EngineMaterials/Substrate/Glints2/dict_0006_0228.uasset" 7369
"../../../Engine/Content/EngineMaterials/Substrate/Glints2/dict_0006_0226.uasset" 7370
"../../../Engine/Content/EngineMaterials/Substrate/Glints2/dict_0006_0220.uasset" 7371
"../../../Engine/Content/EngineMaterials/Substrate/Glints2/dict_0006_0221.uasset" 7372
"../../../Engine/Content/EngineMaterials/Substrate/Glints2/dict_0006_0225.uasset" 7373
"../../../Engine/Content/EngineMaterials/Substrate/Glints2/dict_0006_0224.uasset" 7374
"../../../Engine/Content/EngineMaterials/Substrate/Glints2/dict_0006_0222.uasset" 7375
"/Engine/EngineMaterials/Substrate/Glints2/dict_0006_0231" 7376
"../../../Engine/Content/EngineMaterials/Substrate/Glints2/dict_0006_0223.uasset" 7377
"../../../Engine/Content/EngineMaterials/Substrate/Glints2/dict_0006_0213.uasset" 7378
"../../../Engine/Content/EngineMaterials/Substrate/Glints2/dict_0006_0218.uasset" 7379
"../../../Engine/Content/EngineMaterials/Substrate/Glints2/dict_0006_0219.uasset" 7380
"../../../Engine/Content/EngineMaterials/Substrate/Glints2/dict_0006_0214.uasset" 7381
"../../../Engine/Content/EngineMaterials/Substrate/Glints2/dict_0006_0215.uasset" 7382
"../../../Engine/Content/EngineMaterials/Substrate/Glints2/dict_0006_0216.uasset" 7383
"../../../Engine/Content/EngineMaterials/Substrate/Glints2/dict_0006_0217.uasset" 7384
"../../../Engine/Content/EngineMaterials/Substrate/Glints2/dict_0006_0212.uasset" 7385
"/Engine/EngineMaterials/Substrate/Glints2/dict_0006_0232" 7386
"/Engine/EngineMaterials/Substrate/Glints2/dict_0006_0233" 7387
"/Engine/EngineMaterials/Substrate/Glints2/dict_0006_0234" 7388
"/Engine/EngineMaterials/Substrate/Glints2/dict_0006_0235" 7389
"/Engine/EngineMaterials/Substrate/Glints2/dict_0006_0236" 7390
"/Engine/EngineMaterials/Substrate/Glints2/dict_0006_0237" 7391
"/Engine/EngineMaterials/Substrate/Glints2/dict_0006_0238" 7392
"/Engine/EngineMaterials/Substrate/Glints2/dict_0006_0239" 7393
"/Engine/EngineMaterials/Substrate/Glints2/dict_0006_0240" 7394
"/Engine/EngineMaterials/Substrate/Glints2/dict_0006_0241" 7395
"/Engine/EngineMaterials/Substrate/Glints2/dict_0006_0242" 7396
"/Engine/EngineMaterials/Substrate/Glints2/dict_0006_0243" 7397
"/Engine/EngineMaterials/Substrate/Glints2/dict_0006_0212" 7398
"../../../Engine/Content/EngineMaterials/Substrate/Glints2/dict_0006_0210.uasset" 7399
"../../../Engine/Content/EngineMaterials/Substrate/Glints2/dict_0006_0209.uasset" 7400
"../../../Engine/Content/EngineMaterials/Substrate/Glints2/dict_0006_0211.uasset" 7401
"../../../Engine/Content/EngineMaterials/Substrate/Glints2/dict_0006_0207.uasset" 7402
"../../../Engine/Content/EngineMaterials/Substrate/Glints2/dict_0006_0208.uasset" 7403
"/Engine/EngineMaterials/Substrate/Glints2/dict_0006_0213" 7404
"../../../Engine/Content/EngineMaterials/Substrate/Glints2/dict_0006_0201.uasset" 7405
"../../../Engine/Content/EngineMaterials/Substrate/Glints2/dict_0006_0203.uasset" 7406
"../../../Engine/Content/EngineMaterials/Substrate/Glints2/dict_0006_0202.uasset" 7407
"../../../Engine/Content/EngineMaterials/Substrate/Glints2/dict_0006_0200.uasset" 7408
"../../../Engine/Content/EngineMaterials/Substrate/Glints2/dict_0006_0204.uasset" 7409
"../../../Engine/Content/EngineMaterials/Substrate/Glints2/dict_0006_0198.uasset" 7410
"../../../Engine/Content/EngineMaterials/Substrate/Glints2/dict_0006_0206.uasset" 7411
"../../../Engine/Content/EngineMaterials/Substrate/Glints2/dict_0006_0199.uasset" 7412
"/Engine/EngineMaterials/Substrate/Glints2/dict_0006_0214" 7413
"../../../Engine/Content/EngineMaterials/Substrate/Glints2/dict_0006_0205.uasset" 7414
"/Engine/EngineMaterials/Substrate/Glints2/dict_0006_0215" 7415
"/Engine/EngineMaterials/Substrate/Glints2/dict_0006_0216" 7416
"/Engine/EngineMaterials/Substrate/Glints2/dict_0006_0217" 7417
"/Engine/EngineMaterials/Substrate/Glints2/dict_0006_0218" 7418
"/Engine/EngineMaterials/Substrate/Glints2/dict_0006_0219" 7419
"/Engine/EngineMaterials/Substrate/Glints2/dict_0006_0220" 7420
"/Engine/EngineMaterials/Substrate/Glints2/dict_0006_0221" 7421
"/Engine/EngineMaterials/Substrate/Glints2/dict_0006_0222" 7422
"/Engine/EngineMaterials/Substrate/Glints2/dict_0006_0223" 7423
"/Engine/EngineMaterials/Substrate/Glints2/dict_0006_0224" 7424
"/Engine/EngineMaterials/Substrate/Glints2/dict_0006_0225" 7425
"/Engine/EngineMaterials/Substrate/Glints2/dict_0006_0226" 7426
"/Engine/EngineMaterials/Substrate/Glints2/dict_0006_0227" 7427
"/Engine/EngineMaterials/Substrate/Glints2/dict_0006_0228" 7428
"/Engine/EngineMaterials/Substrate/Glints2/dict_0006_0229" 7429
"/Engine/EngineMaterials/Substrate/Glints2/dict_0006_0198" 7430
"../../../Engine/Content/EngineMaterials/Substrate/Glints2/dict_0006_0194.uasset" 7431
"../../../Engine/Content/EngineMaterials/Substrate/Glints2/dict_0006_0197.uasset" 7432
"../../../Engine/Content/EngineMaterials/Substrate/Glints2/dict_0006_0196.uasset" 7433
"../../../Engine/Content/EngineMaterials/Substrate/Glints2/dict_0006_0193.uasset" 7434
"../../../Engine/Content/EngineMaterials/Substrate/Glints2/dict_0006_0195.uasset" 7435
"../../../Engine/Content/EngineMaterials/Substrate/Glints2/dict_0006_0189.uasset" 7436
"../../../Engine/Content/EngineMaterials/Substrate/Glints2/dict_0006_0191.uasset" 7437
"/Engine/EngineMaterials/Substrate/Glints2/dict_0006_0199" 7438
"../../../Engine/Content/EngineMaterials/Substrate/Glints2/dict_0006_0186.uasset" 7439
"../../../Engine/Content/EngineMaterials/Substrate/Glints2/dict_0006_0190.uasset" 7440
"../../../Engine/Content/EngineMaterials/Substrate/Glints2/dict_0006_0188.uasset" 7441
"../../../Engine/Content/EngineMaterials/Substrate/Glints2/dict_0006_0187.uasset" 7442
"../../../Engine/Content/EngineMaterials/Substrate/Glints2/dict_0006_0183.uasset" 7443
"../../../Engine/Content/EngineMaterials/Substrate/Glints2/dict_0006_0185.uasset" 7444
"../../../Engine/Content/EngineMaterials/Substrate/Glints2/dict_0006_0192.uasset" 7445
"../../../Engine/Content/EngineMaterials/Substrate/Glints2/dict_0006_0181.uasset" 7446
"/Engine/EngineMaterials/Substrate/Glints2/dict_0006_0200" 7447
"../../../Engine/Content/EngineMaterials/Substrate/Glints2/dict_0006_0180.uasset" 7448
"../../../Engine/Content/EngineMaterials/Substrate/Glints2/dict_0006_0184.uasset" 7449
"../../../Engine/Content/EngineMaterials/Substrate/Glints2/dict_0006_0182.uasset" 7450
"/Engine/EngineMaterials/Substrate/Glints2/dict_0006_0201" 7451
"/Engine/EngineMaterials/Substrate/Glints2/dict_0006_0202" 7452
"/Engine/EngineMaterials/Substrate/Glints2/dict_0006_0203" 7453
"/Engine/EngineMaterials/Substrate/Glints2/dict_0006_0204" 7454
"/Engine/EngineMaterials/Substrate/Glints2/dict_0006_0205" 7455
"/Engine/EngineMaterials/Substrate/Glints2/dict_0006_0206" 7456
"/Engine/EngineMaterials/Substrate/Glints2/dict_0006_0207" 7457
"/Engine/EngineMaterials/Substrate/Glints2/dict_0006_0208" 7458
"/Engine/EngineMaterials/Substrate/Glints2/dict_0006_0209" 7459
"/Engine/EngineMaterials/Substrate/Glints2/dict_0006_0210" 7460
"/Engine/EngineMaterials/Substrate/Glints2/dict_0006_0211" 7461
"/Engine/EngineMaterials/Substrate/Glints2/dict_0006_0180" 7462
"../../../Engine/Content/EngineMaterials/Substrate/Glints2/dict_0006_0179.uasset" 7463
"../../../Engine/Content/EngineMaterials/Substrate/Glints2/dict_0006_0173.uasset" 7464
"../../../Engine/Content/EngineMaterials/Substrate/Glints2/dict_0006_0176.uasset" 7465
"../../../Engine/Content/EngineMaterials/Substrate/Glints2/dict_0006_0171.uasset" 7466
"../../../Engine/Content/EngineMaterials/Substrate/Glints2/dict_0006_0172.uasset" 7467
"/Engine/EngineMaterials/Substrate/Glints2/dict_0006_0181" 7468
"../../../Engine/Content/EngineMaterials/Substrate/Glints2/dict_0006_0177.uasset" 7469
"../../../Engine/Content/EngineMaterials/Substrate/Glints2/dict_0006_0175.uasset" 7470
"../../../Engine/Content/EngineMaterials/Substrate/Glints2/dict_0006_0178.uasset" 7471
"../../../Engine/Content/EngineMaterials/Substrate/Glints2/dict_0006_0168.uasset" 7472
"../../../Engine/Content/EngineMaterials/Substrate/Glints2/dict_0006_0167.uasset" 7473
"../../../Engine/Content/EngineMaterials/Substrate/Glints2/dict_0006_0169.uasset" 7474
"/Engine/EngineMaterials/Substrate/Glints2/dict_0006_0182" 7475
"../../../Engine/Content/EngineMaterials/Substrate/Glints2/dict_0006_0174.uasset" 7476
"../../../Engine/Content/EngineMaterials/Substrate/Glints2/dict_0006_0166.uasset" 7477
"../../../Engine/Content/EngineMaterials/Substrate/Glints2/dict_0006_0170.uasset" 7478
"/Engine/EngineMaterials/Substrate/Glints2/dict_0006_0183" 7479
"/Engine/EngineMaterials/Substrate/Glints2/dict_0006_0184" 7480
"/Engine/EngineMaterials/Substrate/Glints2/dict_0006_0185" 7481
"/Engine/EngineMaterials/Substrate/Glints2/dict_0006_0186" 7482
"/Engine/EngineMaterials/Substrate/Glints2/dict_0006_0187" 7483
"/Engine/EngineMaterials/Substrate/Glints2/dict_0006_0188" 7484
"/Engine/EngineMaterials/Substrate/Glints2/dict_0006_0189" 7485
"/Engine/EngineMaterials/Substrate/Glints2/dict_0006_0190" 7486
"/Engine/EngineMaterials/Substrate/Glints2/dict_0006_0191" 7487
"/Engine/EngineMaterials/Substrate/Glints2/dict_0006_0192" 7488
"/Engine/EngineMaterials/Substrate/Glints2/dict_0006_0193" 7489
"/Engine/EngineMaterials/Substrate/Glints2/dict_0006_0194" 7490
"/Engine/EngineMaterials/Substrate/Glints2/dict_0006_0195" 7491
"/Engine/EngineMaterials/Substrate/Glints2/dict_0006_0196" 7492
"/Engine/EngineMaterials/Substrate/Glints2/dict_0006_0197" 7493
"/Engine/EngineMaterials/Substrate/Glints2/dict_0006_0166" 7494
"../../../Engine/Content/EngineMaterials/Substrate/Glints2/dict_0006_0162.uasset" 7495
"../../../Engine/Content/EngineMaterials/Substrate/Glints2/dict_0006_0164.uasset" 7496
"../../../Engine/Content/EngineMaterials/Substrate/Glints2/dict_0006_0165.uasset" 7497
"../../../Engine/Content/EngineMaterials/Substrate/Glints2/dict_0006_0163.uasset" 7498
"/Engine/EngineMaterials/Substrate/Glints2/dict_0006_0167" 7499
"../../../Engine/Content/EngineMaterials/Substrate/Glints2/dict_0006_0160.uasset" 7500
"../../../Engine/Content/EngineMaterials/Substrate/Glints2/dict_0006_0156.uasset" 7501
"../../../Engine/Content/EngineMaterials/Substrate/Glints2/dict_0006_0159.uasset" 7502
"../../../Engine/Content/EngineMaterials/Substrate/Glints2/dict_0006_0154.uasset" 7503
"../../../Engine/Content/EngineMaterials/Substrate/Glints2/dict_0006_0161.uasset" 7504
"../../../Engine/Content/EngineMaterials/Substrate/Glints2/dict_0006_0157.uasset" 7505
"../../../Engine/Content/EngineMaterials/Substrate/Glints2/dict_0006_0153.uasset" 7506
"/Engine/EngineMaterials/Substrate/Glints2/dict_0006_0168" 7507
"../../../Engine/Content/EngineMaterials/Substrate/Glints2/dict_0006_0155.uasset" 7508
"../../../Engine/Content/EngineMaterials/Substrate/Glints2/dict_0006_0151.uasset" 7509
"../../../Engine/Content/EngineMaterials/Substrate/Glints2/dict_0006_0150.uasset" 7510
"../../../Engine/Content/EngineMaterials/Substrate/Glints2/dict_0006_0149.uasset" 7511
"../../../Engine/Content/EngineMaterials/Substrate/Glints2/dict_0006_0152.uasset" 7512
"../../../Engine/Content/EngineMaterials/Substrate/Glints2/dict_0006_0148.uasset" 7513
"../../../Engine/Content/EngineMaterials/Substrate/Glints2/dict_0006_0158.uasset" 7514
"/Engine/EngineMaterials/Substrate/Glints2/dict_0006_0169" 7515
"/Engine/EngineMaterials/Substrate/Glints2/dict_0006_0170" 7516
"/Engine/EngineMaterials/Substrate/Glints2/dict_0006_0171" 7517
"/Engine/EngineMaterials/Substrate/Glints2/dict_0006_0172" 7518
"/Engine/EngineMaterials/Substrate/Glints2/dict_0006_0173" 7519
"/Engine/EngineMaterials/Substrate/Glints2/dict_0006_0174" 7520
"/Engine/EngineMaterials/Substrate/Glints2/dict_0006_0175" 7521
"/Engine/EngineMaterials/Substrate/Glints2/dict_0006_0176" 7522
"/Engine/EngineMaterials/Substrate/Glints2/dict_0006_0177" 7523
"/Engine/EngineMaterials/Substrate/Glints2/dict_0006_0178" 7524
"/Engine/EngineMaterials/Substrate/Glints2/dict_0006_0179" 7525
"/Engine/EngineMaterials/Substrate/Glints2/dict_0006_0148" 7526
"../../../Engine/Content/EngineMaterials/Substrate/Glints2/dict_0006_0147.uasset" 7527
"../../../Engine/Content/EngineMaterials/Substrate/Glints2/dict_0006_0145.uasset" 7528
"../../../Engine/Content/EngineMaterials/Substrate/Glints2/dict_0006_0144.uasset" 7529
"../../../Engine/Content/EngineMaterials/Substrate/Glints2/dict_0006_0146.uasset" 7530
"../../../Engine/Content/EngineMaterials/Substrate/Glints2/dict_0006_0141.uasset" 7531
"/Engine/EngineMaterials/Substrate/Glints2/dict_0006_0149" 7532
"../../../Engine/Content/EngineMaterials/Substrate/Glints2/dict_0006_0142.uasset" 7533
"../../../Engine/Content/EngineMaterials/Substrate/Glints2/dict_0006_0143.uasset" 7534
"../../../Engine/Content/EngineMaterials/Substrate/Glints2/dict_0006_0140.uasset" 7535
"../../../Engine/Content/EngineMaterials/Substrate/Glints2/dict_0006_0138.uasset" 7536
"../../../Engine/Content/EngineMaterials/Substrate/Glints2/dict_0006_0136.uasset" 7537
"/Engine/EngineMaterials/Substrate/Glints2/dict_0006_0150" 7538
"../../../Engine/Content/EngineMaterials/Substrate/Glints2/dict_0006_0134.uasset" 7539
"../../../Engine/Content/EngineMaterials/Substrate/Glints2/dict_0006_0135.uasset" 7540
"../../../Engine/Content/EngineMaterials/Substrate/Glints2/dict_0006_0137.uasset" 7541
"../../../Engine/Content/EngineMaterials/Substrate/Glints2/dict_0006_0139.uasset" 7542
"/Engine/EngineMaterials/Substrate/Glints2/dict_0006_0151" 7543
"/Engine/EngineMaterials/Substrate/Glints2/dict_0006_0152" 7544
"/Engine/EngineMaterials/Substrate/Glints2/dict_0006_0153" 7545
"/Engine/EngineMaterials/Substrate/Glints2/dict_0006_0154" 7546
"/Engine/EngineMaterials/Substrate/Glints2/dict_0006_0155" 7547
"/Engine/EngineMaterials/Substrate/Glints2/dict_0006_0156" 7548
"/Engine/EngineMaterials/Substrate/Glints2/dict_0006_0157" 7549
"/Engine/EngineMaterials/Substrate/Glints2/dict_0006_0158" 7550
"/Engine/EngineMaterials/Substrate/Glints2/dict_0006_0159" 7551
"/Engine/EngineMaterials/Substrate/Glints2/dict_0006_0160" 7552
"/Engine/EngineMaterials/Substrate/Glints2/dict_0006_0161" 7553
"/Engine/EngineMaterials/Substrate/Glints2/dict_0006_0162" 7554
"/Engine/EngineMaterials/Substrate/Glints2/dict_0006_0163" 7555
"/Engine/EngineMaterials/Substrate/Glints2/dict_0006_0164" 7556
"/Engine/EngineMaterials/Substrate/Glints2/dict_0006_0165" 7557
"/Engine/EngineMaterials/Substrate/Glints2/dict_0006_0134" 7558
"../../../Engine/Content/EngineMaterials/Substrate/Glints2/dict_0006_0133.uasset" 7559
"../../../Engine/Content/EngineMaterials/Substrate/Glints2/dict_0006_0132.uasset" 7560
"../../../Engine/Content/EngineMaterials/Substrate/Glints2/dict_0006_0130.uasset" 7561
"../../../Engine/Content/EngineMaterials/Substrate/Glints2/dict_0006_0128.uasset" 7562
"../../../Engine/Content/EngineMaterials/Substrate/Glints2/dict_0006_0126.uasset" 7563
"../../../Engine/Content/EngineMaterials/Substrate/Glints2/dict_0006_0129.uasset" 7564
"../../../Engine/Content/EngineMaterials/Substrate/Glints2/dict_0006_0125.uasset" 7565
"../../../Engine/Content/EngineMaterials/Substrate/Glints2/dict_0006_0127.uasset" 7566
"../../../Engine/Content/EngineMaterials/Substrate/Glints2/dict_0006_0124.uasset" 7567
"../../../Engine/Content/EngineMaterials/Substrate/Glints2/dict_0006_0131.uasset" 7568
"/Engine/EngineMaterials/Substrate/Glints2/dict_0006_0135" 7569
"../../../Engine/Content/EngineMaterials/Substrate/Glints2/dict_0006_0122.uasset" 7570
"../../../Engine/Content/EngineMaterials/Substrate/Glints2/dict_0006_0123.uasset" 7571
"../../../Engine/Content/EngineMaterials/Substrate/Glints2/dict_0006_0116.uasset" 7572
"../../../Engine/Content/EngineMaterials/Substrate/Glints2/dict_0006_0121.uasset" 7573
"../../../Engine/Content/EngineMaterials/Substrate/Glints2/dict_0006_0119.uasset" 7574
"../../../Engine/Content/EngineMaterials/Substrate/Glints2/dict_0006_0117.uasset" 7575
"../../../Engine/Content/EngineMaterials/Substrate/Glints2/dict_0006_0118.uasset" 7576
"../../../Engine/Content/EngineMaterials/Substrate/Glints2/dict_0006_0120.uasset" 7577
"/Engine/EngineMaterials/Substrate/Glints2/dict_0006_0136" 7578
"/Engine/EngineMaterials/Substrate/Glints2/dict_0006_0137" 7579
"/Engine/EngineMaterials/Substrate/Glints2/dict_0006_0138" 7580
"/Engine/EngineMaterials/Substrate/Glints2/dict_0006_0139" 7581
"/Engine/EngineMaterials/Substrate/Glints2/dict_0006_0140" 7582
"/Engine/EngineMaterials/Substrate/Glints2/dict_0006_0141" 7583
"/Engine/EngineMaterials/Substrate/Glints2/dict_0006_0142" 7584
"/Engine/EngineMaterials/Substrate/Glints2/dict_0006_0143" 7585
"/Engine/EngineMaterials/Substrate/Glints2/dict_0006_0144" 7586
"/Engine/EngineMaterials/Substrate/Glints2/dict_0006_0145" 7587
"/Engine/EngineMaterials/Substrate/Glints2/dict_0006_0146" 7588
"/Engine/EngineMaterials/Substrate/Glints2/dict_0006_0147" 7589
"../../../Engine/Content/EngineMaterials/Substrate/Glints2/dict_0006_0115.uasset" 7590
"../../../Engine/Content/EngineMaterials/Substrate/Glints2/dict_0006_0114.uasset" 7591
"/Engine/EngineMaterials/Substrate/Glints2/dict_0006_0116" 7592
"../../../Engine/Content/EngineMaterials/Substrate/Glints2/dict_0006_0104.uasset" 7593
"../../../Engine/Content/EngineMaterials/Substrate/Glints2/dict_0006_0109.uasset" 7594
"../../../Engine/Content/EngineMaterials/Substrate/Glints2/dict_0006_0108.uasset" 7595
"../../../Engine/Content/EngineMaterials/Substrate/Glints2/dict_0006_0106.uasset" 7596
"../../../Engine/Content/EngineMaterials/Substrate/Glints2/dict_0006_0113.uasset" 7597
"../../../Engine/Content/EngineMaterials/Substrate/Glints2/dict_0006_0111.uasset" 7598
"../../../Engine/Content/EngineMaterials/Substrate/Glints2/dict_0006_0105.uasset" 7599
"/Engine/EngineMaterials/Substrate/Glints2/dict_0006_0117" 7600
"../../../Engine/Content/EngineMaterials/Substrate/Glints2/dict_0006_0107.uasset" 7601
"../../../Engine/Content/EngineMaterials/Substrate/Glints2/dict_0006_0103.uasset" 7602
"../../../Engine/Content/EngineMaterials/Substrate/Glints2/dict_0006_0102.uasset" 7603
"../../../Engine/Content/EngineMaterials/Substrate/Glints2/dict_0006_0112.uasset" 7604
"../../../Engine/Content/EngineMaterials/Substrate/Glints2/dict_0006_0110.uasset" 7605
"/Engine/EngineMaterials/Substrate/Glints2/dict_0006_0118" 7606
"/Engine/EngineMaterials/Substrate/Glints2/dict_0006_0119" 7607
"/Engine/EngineMaterials/Substrate/Glints2/dict_0006_0120" 7608
"/Engine/EngineMaterials/Substrate/Glints2/dict_0006_0121" 7609
"/Engine/EngineMaterials/Substrate/Glints2/dict_0006_0122" 7610
"/Engine/EngineMaterials/Substrate/Glints2/dict_0006_0123" 7611
"/Engine/EngineMaterials/Substrate/Glints2/dict_0006_0124" 7612
"/Engine/EngineMaterials/Substrate/Glints2/dict_0006_0125" 7613
"/Engine/EngineMaterials/Substrate/Glints2/dict_0006_0126" 7614
"/Engine/EngineMaterials/Substrate/Glints2/dict_0006_0127" 7615
"/Engine/EngineMaterials/Substrate/Glints2/dict_0006_0128" 7616
"/Engine/EngineMaterials/Substrate/Glints2/dict_0006_0129" 7617
"/Engine/EngineMaterials/Substrate/Glints2/dict_0006_0130" 7618
"/Engine/EngineMaterials/Substrate/Glints2/dict_0006_0131" 7619
"/Engine/EngineMaterials/Substrate/Glints2/dict_0006_0132" 7620
"/Engine/EngineMaterials/Substrate/Glints2/dict_0006_0133" 7621
"/Engine/EngineMaterials/Substrate/Glints2/dict_0006_0102" 7622
"../../../Engine/Content/EngineMaterials/Substrate/Glints2/dict_0006_0097.uasset" 7623
"../../../Engine/Content/EngineMaterials/Substrate/Glints2/dict_0006_0099.uasset" 7624
"../../../Engine/Content/EngineMaterials/Substrate/Glints2/dict_0006_0098.uasset" 7625
"../../../Engine/Content/EngineMaterials/Substrate/Glints2/dict_0006_0100.uasset" 7626
"../../../Engine/Content/EngineMaterials/Substrate/Glints2/dict_0006_0096.uasset" 7627
"/Engine/EngineMaterials/Substrate/Glints2/dict_0006_0103" 7628
"../../../Engine/Content/EngineMaterials/Substrate/Glints2/dict_0006_0101.uasset" 7629
"../../../Engine/Content/EngineMaterials/Substrate/Glints2/dict_0006_0090.uasset" 7630
"../../../Engine/Content/EngineMaterials/Substrate/Glints2/dict_0006_0091.uasset" 7631
"../../../Engine/Content/EngineMaterials/Substrate/Glints2/dict_0006_0092.uasset" 7632
"../../../Engine/Content/EngineMaterials/Substrate/Glints2/dict_0006_0093.uasset" 7633
"/Engine/EngineMaterials/Substrate/Glints2/dict_0006_0104" 7634
"../../../Engine/Content/EngineMaterials/Substrate/Glints2/dict_0006_0088.uasset" 7635
"../../../Engine/Content/EngineMaterials/Substrate/Glints2/dict_0006_0085.uasset" 7636
"../../../Engine/Content/EngineMaterials/Substrate/Glints2/dict_0006_0086.uasset" 7637
"../../../Engine/Content/EngineMaterials/Substrate/Glints2/dict_0006_0089.uasset" 7638
"/Engine/EngineMaterials/Substrate/Glints2/dict_0006_0105" 7639
"../../../Engine/Content/EngineMaterials/Substrate/Glints2/dict_0006_0095.uasset" 7640
"../../../Engine/Content/EngineMaterials/Substrate/Glints2/dict_0006_0087.uasset" 7641
"../../../Engine/Content/EngineMaterials/Substrate/Glints2/dict_0006_0084.uasset" 7642
"../../../Engine/Content/EngineMaterials/Substrate/Glints2/dict_0006_0094.uasset" 7643
"/Engine/EngineMaterials/Substrate/Glints2/dict_0006_0106" 7644
"/Engine/EngineMaterials/Substrate/Glints2/dict_0006_0107" 7645
"/Engine/EngineMaterials/Substrate/Glints2/dict_0006_0108" 7646
"/Engine/EngineMaterials/Substrate/Glints2/dict_0006_0109" 7647
"/Engine/EngineMaterials/Substrate/Glints2/dict_0006_0110" 7648
"/Engine/EngineMaterials/Substrate/Glints2/dict_0006_0111" 7649
"/Engine/EngineMaterials/Substrate/Glints2/dict_0006_0112" 7650
"/Engine/EngineMaterials/Substrate/Glints2/dict_0006_0113" 7651
"/Engine/EngineMaterials/Substrate/Glints2/dict_0006_0114" 7652
"/Engine/EngineMaterials/Substrate/Glints2/dict_0006_0115" 7653
"/Engine/EngineMaterials/Substrate/Glints2/dict_0006_0084" 7654
"../../../Engine/Content/EngineMaterials/Substrate/Glints2/dict_0006_0082.uasset" 7655
"../../../Engine/Content/EngineMaterials/Substrate/Glints2/dict_0006_0083.uasset" 7656
"../../../Engine/Content/EngineMaterials/Substrate/Glints2/dict_0006_0081.uasset" 7657
"../../../Engine/Content/EngineMaterials/Substrate/Glints2/dict_0006_0078.uasset" 7658
"../../../Engine/Content/EngineMaterials/Substrate/Glints2/dict_0006_0076.uasset" 7659
"../../../Engine/Content/EngineMaterials/Substrate/Glints2/dict_0006_0080.uasset" 7660
"../../../Engine/Content/EngineMaterials/Substrate/Glints2/dict_0006_0073.uasset" 7661
"../../../Engine/Content/EngineMaterials/Substrate/Glints2/dict_0006_0075.uasset" 7662
"/Engine/EngineMaterials/Substrate/Glints2/dict_0006_0085" 7663
"../../../Engine/Content/EngineMaterials/Substrate/Glints2/dict_0006_0070.uasset" 7664
"../../../Engine/Content/EngineMaterials/Substrate/Glints2/dict_0006_0072.uasset" 7665
"../../../Engine/Content/EngineMaterials/Substrate/Glints2/dict_0006_0077.uasset" 7666
"../../../Engine/Content/EngineMaterials/Substrate/Glints2/dict_0006_0079.uasset" 7667
"../../../Engine/Content/EngineMaterials/Substrate/Glints2/dict_0006_0071.uasset" 7668
"../../../Engine/Content/EngineMaterials/Substrate/Glints2/dict_0006_0074.uasset" 7669
"/Engine/EngineMaterials/Substrate/Glints2/dict_0006_0086" 7670
"/Engine/EngineMaterials/Substrate/Glints2/dict_0006_0087" 7671
"/Engine/EngineMaterials/Substrate/Glints2/dict_0006_0088" 7672
"/Engine/EngineMaterials/Substrate/Glints2/dict_0006_0089" 7673
"/Engine/EngineMaterials/Substrate/Glints2/dict_0006_0090" 7674
"/Engine/EngineMaterials/Substrate/Glints2/dict_0006_0091" 7675
"/Engine/EngineMaterials/Substrate/Glints2/dict_0006_0092" 7676
"/Engine/EngineMaterials/Substrate/Glints2/dict_0006_0093" 7677
"/Engine/EngineMaterials/Substrate/Glints2/dict_0006_0094" 7678
"/Engine/EngineMaterials/Substrate/Glints2/dict_0006_0095" 7679
"/Engine/EngineMaterials/Substrate/Glints2/dict_0006_0096" 7680
"/Engine/EngineMaterials/Substrate/Glints2/dict_0006_0097" 7681
"/Engine/EngineMaterials/Substrate/Glints2/dict_0006_0098" 7682
"/Engine/EngineMaterials/Substrate/Glints2/dict_0006_0099" 7683
"/Engine/EngineMaterials/Substrate/Glints2/dict_0006_0100" 7684
"/Engine/EngineMaterials/Substrate/Glints2/dict_0006_0101" 7685
"/Engine/EngineMaterials/Substrate/Glints2/dict_0006_0070" 7686
"../../../Engine/Content/EngineMaterials/Substrate/Glints2/dict_0006_0069.uasset" 7687
"../../../Engine/Content/EngineMaterials/Substrate/Glints2/dict_0006_0065.uasset" 7688
"../../../Engine/Content/EngineMaterials/Substrate/Glints2/dict_0006_0068.uasset" 7689
"/Engine/EngineMaterials/Substrate/Glints2/dict_0006_0071" 7690
"../../../Engine/Content/EngineMaterials/Substrate/Glints2/dict_0006_0066.uasset" 7691
"../../../Engine/Content/EngineMaterials/Substrate/Glints2/dict_0006_0063.uasset" 7692
"../../../Engine/Content/EngineMaterials/Substrate/Glints2/dict_0006_0059.uasset" 7693
"../../../Engine/Content/EngineMaterials/Substrate/Glints2/dict_0006_0057.uasset" 7694
"../../../Engine/Content/EngineMaterials/Substrate/Glints2/dict_0006_0062.uasset" 7695
"../../../Engine/Content/EngineMaterials/Substrate/Glints2/dict_0006_0060.uasset" 7696
"../../../Engine/Content/EngineMaterials/Substrate/Glints2/dict_0006_0061.uasset" 7697
"../../../Engine/Content/EngineMaterials/Substrate/Glints2/dict_0006_0054.uasset" 7698
"../../../Engine/Content/EngineMaterials/Substrate/Glints2/dict_0006_0058.uasset" 7699
"../../../Engine/Content/EngineMaterials/Substrate/Glints2/dict_0006_0067.uasset" 7700
"/Engine/EngineMaterials/Substrate/Glints2/dict_0006_0072" 7701
"../../../Engine/Content/EngineMaterials/Substrate/Glints2/dict_0006_0053.uasset" 7702
"../../../Engine/Content/EngineMaterials/Substrate/Glints2/dict_0006_0052.uasset" 7703
"../../../Engine/Content/EngineMaterials/Substrate/Glints2/dict_0006_0056.uasset" 7704
"../../../Engine/Content/EngineMaterials/Substrate/Glints2/dict_0006_0055.uasset" 7705
"/Engine/EngineMaterials/Substrate/Glints2/dict_0006_0073" 7706
"../../../Engine/Content/EngineMaterials/Substrate/Glints2/dict_0006_0064.uasset" 7707
"/Engine/EngineMaterials/Substrate/Glints2/dict_0006_0074" 7708
"/Engine/EngineMaterials/Substrate/Glints2/dict_0006_0075" 7709
"/Engine/EngineMaterials/Substrate/Glints2/dict_0006_0076" 7710
"/Engine/EngineMaterials/Substrate/Glints2/dict_0006_0077" 7711
"/Engine/EngineMaterials/Substrate/Glints2/dict_0006_0078" 7712
"/Engine/EngineMaterials/Substrate/Glints2/dict_0006_0079" 7713
"/Engine/EngineMaterials/Substrate/Glints2/dict_0006_0080" 7714
"/Engine/EngineMaterials/Substrate/Glints2/dict_0006_0081" 7715
"/Engine/EngineMaterials/Substrate/Glints2/dict_0006_0082" 7716
"/Engine/EngineMaterials/Substrate/Glints2/dict_0006_0083" 7717
"/Engine/EngineMaterials/Substrate/Glints2/dict_0006_0052" 7718
"../../../Engine/Content/EngineMaterials/Substrate/Glints2/dict_0006_0050.uasset" 7719
"../../../Engine/Content/EngineMaterials/Substrate/Glints2/dict_0006_0051.uasset" 7720
"../../../Engine/Content/EngineMaterials/Substrate/Glints2/dict_0006_0049.uasset" 7721
"../../../Engine/Content/EngineMaterials/Substrate/Glints2/dict_0006_0045.uasset" 7722
"../../../Engine/Content/EngineMaterials/Substrate/Glints2/dict_0006_0046.uasset" 7723
"../../../Engine/Content/EngineMaterials/Substrate/Glints2/dict_0006_0048.uasset" 7724
"../../../Engine/Content/EngineMaterials/Substrate/Glints2/dict_0006_0047.uasset" 7725
"/Engine/EngineMaterials/Substrate/Glints2/dict_0006_0053" 7726
"../../../Engine/Content/EngineMaterials/Substrate/Glints2/dict_0006_0043.uasset" 7727
"../../../Engine/Content/EngineMaterials/Substrate/Glints2/dict_0006_0042.uasset" 7728
"../../../Engine/Content/EngineMaterials/Substrate/Glints2/dict_0006_0044.uasset" 7729
"../../../Engine/Content/EngineMaterials/Substrate/Glints2/dict_0006_0040.uasset" 7730
"../../../Engine/Content/EngineMaterials/Substrate/Glints2/dict_0006_0041.uasset" 7731
"../../../Engine/Content/EngineMaterials/Substrate/Glints2/dict_0006_0038.uasset" 7732
"../../../Engine/Content/EngineMaterials/Substrate/Glints2/dict_0006_0039.uasset" 7733
"/Engine/EngineMaterials/Substrate/Glints2/dict_0006_0054" 7734
"/Engine/EngineMaterials/Substrate/Glints2/dict_0006_0055" 7735
"/Engine/EngineMaterials/Substrate/Glints2/dict_0006_0056" 7736
"/Engine/EngineMaterials/Substrate/Glints2/dict_0006_0057" 7737
"/Engine/EngineMaterials/Substrate/Glints2/dict_0006_0058" 7738
"/Engine/EngineMaterials/Substrate/Glints2/dict_0006_0059" 7739
"/Engine/EngineMaterials/Substrate/Glints2/dict_0006_0060" 7740
"/Engine/EngineMaterials/Substrate/Glints2/dict_0006_0061" 7741
"/Engine/EngineMaterials/Substrate/Glints2/dict_0006_0062" 7742
"/Engine/EngineMaterials/Substrate/Glints2/dict_0006_0063" 7743
"/Engine/EngineMaterials/Substrate/Glints2/dict_0006_0064" 7744
"/Engine/EngineMaterials/Substrate/Glints2/dict_0006_0065" 7745
"/Engine/EngineMaterials/Substrate/Glints2/dict_0006_0066" 7746
"/Engine/EngineMaterials/Substrate/Glints2/dict_0006_0067" 7747
"/Engine/EngineMaterials/Substrate/Glints2/dict_0006_0068" 7748
"/Engine/EngineMaterials/Substrate/Glints2/dict_0006_0069" 7749
"/Engine/EngineMaterials/Substrate/Glints2/dict_0006_0038" 7750
"../../../Engine/Content/EngineMaterials/Substrate/Glints2/dict_0006_0037.uasset" 7751
"../../../Engine/Content/EngineMaterials/Substrate/Glints2/dict_0006_0036.uasset" 7752
"../../../Engine/Content/EngineMaterials/Substrate/Glints2/dict_0006_0029.uasset" 7753
"../../../Engine/Content/EngineMaterials/Substrate/Glints2/dict_0006_0023.uasset" 7754
"../../../Engine/Content/EngineMaterials/Substrate/Glints2/dict_0006_0032.uasset" 7755
"../../../Engine/Content/EngineMaterials/Substrate/Glints2/dict_0006_0035.uasset" 7756
"../../../Engine/Content/EngineMaterials/Substrate/Glints2/dict_0006_0024.uasset" 7757
"../../../Engine/Content/EngineMaterials/Substrate/Glints2/dict_0006_0034.uasset" 7758
"../../../Engine/Content/EngineMaterials/Substrate/Glints2/dict_0006_0027.uasset" 7759
"../../../Engine/Content/EngineMaterials/Substrate/Glints2/dict_0006_0033.uasset" 7760
"../../../Engine/Content/EngineMaterials/Substrate/Glints2/dict_0006_0022.uasset" 7761
"../../../Engine/Content/EngineMaterials/Substrate/Glints2/dict_0006_0030.uasset" 7762
"../../../Engine/Content/EngineMaterials/Substrate/Glints2/dict_0006_0028.uasset" 7763
"../../../Engine/Content/EngineMaterials/Substrate/Glints2/dict_0006_0031.uasset" 7764
"../../../Engine/Content/EngineMaterials/Substrate/Glints2/dict_0006_0020.uasset" 7765
"../../../Engine/Content/EngineMaterials/Substrate/Glints2/dict_0006_0025.uasset" 7766
"../../../Engine/Content/EngineMaterials/Substrate/Glints2/dict_0006_0021.uasset" 7767
"/Engine/EngineMaterials/Substrate/Glints2/dict_0006_0039" 7768
"../../../Engine/Content/EngineMaterials/Substrate/Glints2/dict_0006_0026.uasset" 7769
"/Engine/EngineMaterials/Substrate/Glints2/dict_0006_0040" 7770
"/Engine/EngineMaterials/Substrate/Glints2/dict_0006_0041" 7771
"/Engine/EngineMaterials/Substrate/Glints2/dict_0006_0042" 7772
"/Engine/EngineMaterials/Substrate/Glints2/dict_0006_0043" 7773
"/Engine/EngineMaterials/Substrate/Glints2/dict_0006_0044" 7774
"/Engine/EngineMaterials/Substrate/Glints2/dict_0006_0045" 7775
"/Engine/EngineMaterials/Substrate/Glints2/dict_0006_0046" 7776
"/Engine/EngineMaterials/Substrate/Glints2/dict_0006_0047" 7777
"/Engine/EngineMaterials/Substrate/Glints2/dict_0006_0048" 7778
"/Engine/EngineMaterials/Substrate/Glints2/dict_0006_0049" 7779
"/Engine/EngineMaterials/Substrate/Glints2/dict_0006_0050" 7780
"/Engine/EngineMaterials/Substrate/Glints2/dict_0006_0051" 7781
"../../../Engine/Content/EngineMaterials/Substrate/Glints2/dict_0006_0018.uasset" 7782
"../../../Engine/Content/EngineMaterials/Substrate/Glints2/dict_0006_0019.uasset" 7783
"/Engine/EngineMaterials/Substrate/Glints2/dict_0006_0020" 7784
"../../../Engine/Content/EngineMaterials/Substrate/Glints2/dict_0006_0017.uasset" 7785
"../../../Engine/Content/EngineMaterials/Substrate/Glints2/dict_0006_0009.uasset" 7786
"../../../Engine/Content/EngineMaterials/Substrate/Glints2/dict_0006_0010.uasset" 7787
"../../../Engine/Content/EngineMaterials/Substrate/Glints2/dict_0006_0015.uasset" 7788
"../../../Engine/Content/EngineMaterials/Substrate/Glints2/dict_0006_0012.uasset" 7789
"../../../Engine/Content/EngineMaterials/Substrate/Glints2/dict_0006_0013.uasset" 7790
"../../../Engine/Content/EngineMaterials/Substrate/Glints2/dict_0006_0011.uasset" 7791
"../../../Engine/Content/EngineMaterials/Substrate/Glints2/dict_0006_0007.uasset" 7792
"../../../Engine/Content/EngineMaterials/Substrate/Glints2/dict_0006_0016.uasset" 7793
"../../../Engine/Content/EngineMaterials/Substrate/Glints2/dict_0006_0014.uasset" 7794
"../../../Engine/Content/EngineMaterials/Substrate/Glints2/dict_0006_0006.uasset" 7795
"../../../Engine/Content/EngineMaterials/Substrate/Glints2/dict_0006_0008.uasset" 7796
"/Engine/EngineMaterials/Substrate/Glints2/dict_0006_0021" 7797
"/Engine/EngineMaterials/Substrate/Glints2/dict_0006_0022" 7798
"/Engine/EngineMaterials/Substrate/Glints2/dict_0006_0023" 7799
"/Engine/EngineMaterials/Substrate/Glints2/dict_0006_0024" 7800
"/Engine/EngineMaterials/Substrate/Glints2/dict_0006_0025" 7801
"/Engine/EngineMaterials/Substrate/Glints2/dict_0006_0026" 7802
"/Engine/EngineMaterials/Substrate/Glints2/dict_0006_0027" 7803
"/Engine/EngineMaterials/Substrate/Glints2/dict_0006_0028" 7804
"/Engine/EngineMaterials/Substrate/Glints2/dict_0006_0029" 7805
"/Engine/EngineMaterials/Substrate/Glints2/dict_0006_0030" 7806
"/Engine/EngineMaterials/Substrate/Glints2/dict_0006_0031" 7807
"/Engine/EngineMaterials/Substrate/Glints2/dict_0006_0032" 7808
"/Engine/EngineMaterials/Substrate/Glints2/dict_0006_0033" 7809
"/Engine/EngineMaterials/Substrate/Glints2/dict_0006_0034" 7810
"/Engine/EngineMaterials/Substrate/Glints2/dict_0006_0035" 7811
"/Engine/EngineMaterials/Substrate/Glints2/dict_0006_0036" 7812
"/Engine/EngineMaterials/Substrate/Glints2/dict_0006_0037" 7813
"../../../Engine/Content/EngineMaterials/Substrate/Glints2/dict_0006_0005.uasset" 7814
"../../../Engine/Content/EngineMaterials/Substrate/Glints2/dict_0006_0002.uasset" 7815
"../../../Engine/Content/EngineMaterials/Substrate/Glints2/dict_0006_0004.uasset" 7816
"../../../Engine/Content/EngineMaterials/Substrate/Glints2/dict_0005_0255.uasset" 7817
"/Engine/EngineMaterials/Substrate/Glints2/dict_0006_0006" 7818
"../../../Engine/Content/EngineMaterials/Substrate/Glints2/dict_0006_0000.uasset" 7819
"../../../Engine/Content/EngineMaterials/Substrate/Glints2/dict_0006_0001.uasset" 7820
"../../../Engine/Content/EngineMaterials/Substrate/Glints2/dict_0005_0253.uasset" 7821
"../../../Engine/Content/EngineMaterials/Substrate/Glints2/dict_0005_0254.uasset" 7822
"../../../Engine/Content/EngineMaterials/Substrate/Glints2/dict_0005_0250.uasset" 7823
"../../../Engine/Content/EngineMaterials/Substrate/Glints2/dict_0006_0003.uasset" 7824
"../../../Engine/Content/EngineMaterials/Substrate/Glints2/dict_0005_0252.uasset" 7825
"../../../Engine/Content/EngineMaterials/Substrate/Glints2/dict_0005_0251.uasset" 7826
"../../../Engine/Content/EngineMaterials/Substrate/Glints2/dict_0005_0246.uasset" 7827
"../../../Engine/Content/EngineMaterials/Substrate/Glints2/dict_0005_0247.uasset" 7828
"../../../Engine/Content/EngineMaterials/Substrate/Glints2/dict_0005_0248.uasset" 7829
"../../../Engine/Content/EngineMaterials/Substrate/Glints2/dict_0005_0244.uasset" 7830
"../../../Engine/Content/EngineMaterials/Substrate/Glints2/dict_0005_0249.uasset" 7831
"/Engine/EngineMaterials/Substrate/Glints2/dict_0006_0007" 7832
"../../../Engine/Content/EngineMaterials/Substrate/Glints2/dict_0005_0245.uasset" 7833
"/Engine/EngineMaterials/Substrate/Glints2/dict_0006_0008" 7834
"/Engine/EngineMaterials/Substrate/Glints2/dict_0006_0009" 7835
"/Engine/EngineMaterials/Substrate/Glints2/dict_0006_0010" 7836
"/Engine/EngineMaterials/Substrate/Glints2/dict_0006_0011" 7837
"/Engine/EngineMaterials/Substrate/Glints2/dict_0006_0012" 7838
"/Engine/EngineMaterials/Substrate/Glints2/dict_0006_0013" 7839
"/Engine/EngineMaterials/Substrate/Glints2/dict_0006_0014" 7840
"/Engine/EngineMaterials/Substrate/Glints2/dict_0006_0015" 7841
"/Engine/EngineMaterials/Substrate/Glints2/dict_0006_0016" 7842
"/Engine/EngineMaterials/Substrate/Glints2/dict_0006_0017" 7843
"/Engine/EngineMaterials/Substrate/Glints2/dict_0006_0018" 7844
"/Engine/EngineMaterials/Substrate/Glints2/dict_0006_0019" 7845
"/Engine/EngineMaterials/Substrate/Glints2/dict_0005_0244" 7846
"../../../Engine/Content/EngineMaterials/Substrate/Glints2/dict_0005_0243.uasset" 7847
"../../../Engine/Content/EngineMaterials/Substrate/Glints2/dict_0005_0242.uasset" 7848
"../../../Engine/Content/EngineMaterials/Substrate/Glints2/dict_0005_0237.uasset" 7849
"../../../Engine/Content/EngineMaterials/Substrate/Glints2/dict_0005_0235.uasset" 7850
"../../../Engine/Content/EngineMaterials/Substrate/Glints2/dict_0005_0241.uasset" 7851
"../../../Engine/Content/EngineMaterials/Substrate/Glints2/dict_0005_0232.uasset" 7852
"../../../Engine/Content/EngineMaterials/Substrate/Glints2/dict_0005_0234.uasset" 7853
"../../../Engine/Content/EngineMaterials/Substrate/Glints2/dict_0005_0239.uasset" 7854
"../../../Engine/Content/EngineMaterials/Substrate/Glints2/dict_0005_0238.uasset" 7855
"../../../Engine/Content/EngineMaterials/Substrate/Glints2/dict_0005_0230.uasset" 7856
"../../../Engine/Content/EngineMaterials/Substrate/Glints2/dict_0005_0231.uasset" 7857
"../../../Engine/Content/EngineMaterials/Substrate/Glints2/dict_0005_0240.uasset" 7858
"../../../Engine/Content/EngineMaterials/Substrate/Glints2/dict_0005_0233.uasset" 7859
"/Engine/EngineMaterials/Substrate/Glints2/dict_0005_0245" 7860
"../../../Engine/Content/EngineMaterials/Substrate/Glints2/dict_0005_0236.uasset" 7861
"/Engine/EngineMaterials/Substrate/Glints2/dict_0005_0246" 7862
"/Engine/EngineMaterials/Substrate/Glints2/dict_0005_0247" 7863
"/Engine/EngineMaterials/Substrate/Glints2/dict_0005_0248" 7864
"/Engine/EngineMaterials/Substrate/Glints2/dict_0005_0249" 7865
"/Engine/EngineMaterials/Substrate/Glints2/dict_0005_0250" 7866
"/Engine/EngineMaterials/Substrate/Glints2/dict_0005_0251" 7867
"/Engine/EngineMaterials/Substrate/Glints2/dict_0005_0252" 7868
"/Engine/EngineMaterials/Substrate/Glints2/dict_0005_0253" 7869
"/Engine/EngineMaterials/Substrate/Glints2/dict_0005_0254" 7870
"/Engine/EngineMaterials/Substrate/Glints2/dict_0005_0255" 7871
"/Engine/EngineMaterials/Substrate/Glints2/dict_0006_0000" 7872
"/Engine/EngineMaterials/Substrate/Glints2/dict_0006_0001" 7873
"/Engine/EngineMaterials/Substrate/Glints2/dict_0006_0002" 7874
"/Engine/EngineMaterials/Substrate/Glints2/dict_0006_0003" 7875
"/Engine/EngineMaterials/Substrate/Glints2/dict_0006_0004" 7876
"/Engine/EngineMaterials/Substrate/Glints2/dict_0006_0005" 7877
"../../../Engine/Content/EngineMaterials/Substrate/Glints2/dict_0005_0229.uasset" 7878
"../../../Engine/Content/EngineMaterials/Substrate/Glints2/dict_0005_0228.uasset" 7879
"../../../Engine/Content/EngineMaterials/Substrate/Glints2/dict_0005_0227.uasset" 7880
"/Engine/EngineMaterials/Substrate/Glints2/dict_0005_0230" 7881
"../../../Engine/Content/EngineMaterials/Substrate/Glints2/dict_0005_0225.uasset" 7882
"../../../Engine/Content/EngineMaterials/Substrate/Glints2/dict_0005_0226.uasset" 7883
"../../../Engine/Content/EngineMaterials/Substrate/Glints2/dict_0005_0223.uasset" 7884
"../../../Engine/Content/EngineMaterials/Substrate/Glints2/dict_0005_0224.uasset" 7885
"../../../Engine/Content/EngineMaterials/Substrate/Glints2/dict_0005_0220.uasset" 7886
"../../../Engine/Content/EngineMaterials/Substrate/Glints2/dict_0005_0213.uasset" 7887
"/Engine/EngineMaterials/Substrate/Glints2/dict_0005_0231" 7888
"../../../Engine/Content/EngineMaterials/Substrate/Glints2/dict_0005_0222.uasset" 7889
"../../../Engine/Content/EngineMaterials/Substrate/Glints2/dict_0005_0219.uasset" 7890
"../../../Engine/Content/EngineMaterials/Substrate/Glints2/dict_0005_0218.uasset" 7891
"../../../Engine/Content/EngineMaterials/Substrate/Glints2/dict_0005_0216.uasset" 7892
"../../../Engine/Content/EngineMaterials/Substrate/Glints2/dict_0005_0214.uasset" 7893
"../../../Engine/Content/EngineMaterials/Substrate/Glints2/dict_0005_0212.uasset" 7894
"../../../Engine/Content/EngineMaterials/Substrate/Glints2/dict_0005_0215.uasset" 7895
"../../../Engine/Content/EngineMaterials/Substrate/Glints2/dict_0005_0217.uasset" 7896
"/Engine/EngineMaterials/Substrate/Glints2/dict_0005_0232" 7897
"../../../Engine/Content/EngineMaterials/Substrate/Glints2/dict_0005_0221.uasset" 7898
"/Engine/EngineMaterials/Substrate/Glints2/dict_0005_0233" 7899
"/Engine/EngineMaterials/Substrate/Glints2/dict_0005_0234" 7900
"/Engine/EngineMaterials/Substrate/Glints2/dict_0005_0235" 7901
"/Engine/EngineMaterials/Substrate/Glints2/dict_0005_0236" 7902
"/Engine/EngineMaterials/Substrate/Glints2/dict_0005_0237" 7903
"/Engine/EngineMaterials/Substrate/Glints2/dict_0005_0238" 7904
"/Engine/EngineMaterials/Substrate/Glints2/dict_0005_0239" 7905
"/Engine/EngineMaterials/Substrate/Glints2/dict_0005_0240" 7906
"/Engine/EngineMaterials/Substrate/Glints2/dict_0005_0241" 7907
"/Engine/EngineMaterials/Substrate/Glints2/dict_0005_0242" 7908
"/Engine/EngineMaterials/Substrate/Glints2/dict_0005_0243" 7909
"/Engine/EngineMaterials/Substrate/Glints2/dict_0005_0212" 7910
"../../../Engine/Content/EngineMaterials/Substrate/Glints2/dict_0005_0205.uasset" 7911
"../../../Engine/Content/EngineMaterials/Substrate/Glints2/dict_0005_0211.uasset" 7912
"../../../Engine/Content/EngineMaterials/Substrate/Glints2/dict_0005_0210.uasset" 7913
"../../../Engine/Content/EngineMaterials/Substrate/Glints2/dict_0005_0207.uasset" 7914
"/Engine/EngineMaterials/Substrate/Glints2/dict_0005_0213" 7915
"../../../Engine/Content/EngineMaterials/Substrate/Glints2/dict_0005_0208.uasset" 7916
"../../../Engine/Content/EngineMaterials/Substrate/Glints2/dict_0005_0206.uasset" 7917
"../../../Engine/Content/EngineMaterials/Substrate/Glints2/dict_0005_0200.uasset" 7918
"../../../Engine/Content/EngineMaterials/Substrate/Glints2/dict_0005_0201.uasset" 7919
"../../../Engine/Content/EngineMaterials/Substrate/Glints2/dict_0005_0204.uasset" 7920
"../../../Engine/Content/EngineMaterials/Substrate/Glints2/dict_0005_0203.uasset" 7921
"../../../Engine/Content/EngineMaterials/Substrate/Glints2/dict_0005_0202.uasset" 7922
"../../../Engine/Content/EngineMaterials/Substrate/Glints2/dict_0005_0198.uasset" 7923
"../../../Engine/Content/EngineMaterials/Substrate/Glints2/dict_0005_0199.uasset" 7924
"../../../Engine/Content/EngineMaterials/Substrate/Glints2/dict_0005_0209.uasset" 7925
"/Engine/EngineMaterials/Substrate/Glints2/dict_0005_0214" 7926
"/Engine/EngineMaterials/Substrate/Glints2/dict_0005_0215" 7927
"/Engine/EngineMaterials/Substrate/Glints2/dict_0005_0216" 7928
"/Engine/EngineMaterials/Substrate/Glints2/dict_0005_0217" 7929
"/Engine/EngineMaterials/Substrate/Glints2/dict_0005_0218" 7930
"/Engine/EngineMaterials/Substrate/Glints2/dict_0005_0219" 7931
"/Engine/EngineMaterials/Substrate/Glints2/dict_0005_0220" 7932
"/Engine/EngineMaterials/Substrate/Glints2/dict_0005_0221" 7933
"/Engine/EngineMaterials/Substrate/Glints2/dict_0005_0222" 7934
"/Engine/EngineMaterials/Substrate/Glints2/dict_0005_0223" 7935
"/Engine/EngineMaterials/Substrate/Glints2/dict_0005_0224" 7936
"/Engine/EngineMaterials/Substrate/Glints2/dict_0005_0225" 7937
"/Engine/EngineMaterials/Substrate/Glints2/dict_0005_0226" 7938
"/Engine/EngineMaterials/Substrate/Glints2/dict_0005_0227" 7939
"/Engine/EngineMaterials/Substrate/Glints2/dict_0005_0228" 7940
"/Engine/EngineMaterials/Substrate/Glints2/dict_0005_0229" 7941
"/Engine/EngineMaterials/Substrate/Glints2/dict_0005_0198" 7942
"../../../Engine/Content/EngineMaterials/Substrate/Glints2/dict_0005_0197.uasset" 7943
"../../../Engine/Content/EngineMaterials/Substrate/Glints2/dict_0005_0183.uasset" 7944
"../../../Engine/Content/EngineMaterials/Substrate/Glints2/dict_0005_0195.uasset" 7945
"../../../Engine/Content/EngineMaterials/Substrate/Glints2/dict_0005_0194.uasset" 7946
"/Engine/EngineMaterials/Substrate/Glints2/dict_0005_0199" 7947
"../../../Engine/Content/EngineMaterials/Substrate/Glints2/dict_0005_0196.uasset" 7948
"../../../Engine/Content/EngineMaterials/Substrate/Glints2/dict_0005_0192.uasset" 7949
"../../../Engine/Content/EngineMaterials/Substrate/Glints2/dict_0005_0193.uasset" 7950
"../../../Engine/Content/EngineMaterials/Substrate/Glints2/dict_0005_0187.uasset" 7951
"/Engine/EngineMaterials/Substrate/Glints2/dict_0005_0200" 7952
"../../../Engine/Content/EngineMaterials/Substrate/Glints2/dict_0005_0185.uasset" 7953
"../../../Engine/Content/EngineMaterials/Substrate/Glints2/dict_0005_0189.uasset" 7954
"../../../Engine/Content/EngineMaterials/Substrate/Glints2/dict_0005_0180.uasset" 7955
"../../../Engine/Content/EngineMaterials/Substrate/Glints2/dict_0005_0184.uasset" 7956
"../../../Engine/Content/EngineMaterials/Substrate/Glints2/dict_0005_0188.uasset" 7957
"../../../Engine/Content/EngineMaterials/Substrate/Glints2/dict_0005_0186.uasset" 7958
"../../../Engine/Content/EngineMaterials/Substrate/Glints2/dict_0005_0191.uasset" 7959
"../../../Engine/Content/EngineMaterials/Substrate/Glints2/dict_0005_0182.uasset" 7960
"../../../Engine/Content/EngineMaterials/Substrate/Glints2/dict_0005_0181.uasset" 7961
"../../../Engine/Content/EngineMaterials/Substrate/Glints2/dict_0005_0190.uasset" 7962
"/Engine/EngineMaterials/Substrate/Glints2/dict_0005_0201" 7963
"/Engine/EngineMaterials/Substrate/Glints2/dict_0005_0202" 7964
"/Engine/EngineMaterials/Substrate/Glints2/dict_0005_0203" 7965
"/Engine/EngineMaterials/Substrate/Glints2/dict_0005_0204" 7966
"/Engine/EngineMaterials/Substrate/Glints2/dict_0005_0205" 7967
"/Engine/EngineMaterials/Substrate/Glints2/dict_0005_0206" 7968
"/Engine/EngineMaterials/Substrate/Glints2/dict_0005_0207" 7969
"/Engine/EngineMaterials/Substrate/Glints2/dict_0005_0208" 7970
"/Engine/EngineMaterials/Substrate/Glints2/dict_0005_0209" 7971
"/Engine/EngineMaterials/Substrate/Glints2/dict_0005_0210" 7972
"/Engine/EngineMaterials/Substrate/Glints2/dict_0005_0211" 7973
"/Engine/EngineMaterials/Substrate/Glints2/dict_0005_0180" 7974
"../../../Engine/Content/EngineMaterials/Substrate/Glints2/dict_0005_0174.uasset" 7975
"../../../Engine/Content/EngineMaterials/Substrate/Glints2/dict_0005_0178.uasset" 7976
"../../../Engine/Content/EngineMaterials/Substrate/Glints2/dict_0005_0176.uasset" 7977
"../../../Engine/Content/EngineMaterials/Substrate/Glints2/dict_0005_0179.uasset" 7978
"../../../Engine/Content/EngineMaterials/Substrate/Glints2/dict_0005_0173.uasset" 7979
"../../../Engine/Content/EngineMaterials/Substrate/Glints2/dict_0005_0177.uasset" 7980
"../../../Engine/Content/EngineMaterials/Substrate/Glints2/dict_0005_0175.uasset" 7981
"../../../Engine/Content/EngineMaterials/Substrate/Glints2/dict_0005_0170.uasset" 7982
"/Engine/EngineMaterials/Substrate/Glints2/dict_0005_0181" 7983
"../../../Engine/Content/EngineMaterials/Substrate/Glints2/dict_0005_0172.uasset" 7984
"../../../Engine/Content/EngineMaterials/Substrate/Glints2/dict_0005_0168.uasset" 7985
"../../../Engine/Content/EngineMaterials/Substrate/Glints2/dict_0005_0166.uasset" 7986
"../../../Engine/Content/EngineMaterials/Substrate/Glints2/dict_0005_0171.uasset" 7987
"../../../Engine/Content/EngineMaterials/Substrate/Glints2/dict_0005_0169.uasset" 7988
"../../../Engine/Content/EngineMaterials/Substrate/Glints2/dict_0005_0167.uasset" 7989
"/Engine/EngineMaterials/Substrate/Glints2/dict_0005_0182" 7990
"/Engine/EngineMaterials/Substrate/Glints2/dict_0005_0183" 7991
"/Engine/EngineMaterials/Substrate/Glints2/dict_0005_0184" 7992
"/Engine/EngineMaterials/Substrate/Glints2/dict_0005_0185" 7993
"/Engine/EngineMaterials/Substrate/Glints2/dict_0005_0186" 7994
"/Engine/EngineMaterials/Substrate/Glints2/dict_0005_0187" 7995
"/Engine/EngineMaterials/Substrate/Glints2/dict_0005_0188" 7996
"/Engine/EngineMaterials/Substrate/Glints2/dict_0005_0189" 7997
"/Engine/EngineMaterials/Substrate/Glints2/dict_0005_0190" 7998
"/Engine/EngineMaterials/Substrate/Glints2/dict_0005_0191" 7999
"/Engine/EngineMaterials/Substrate/Glints2/dict_0005_0192" 8000
"/Engine/EngineMaterials/Substrate/Glints2/dict_0005_0193" 8001
"/Engine/EngineMaterials/Substrate/Glints2/dict_0005_0194" 8002
"/Engine/EngineMaterials/Substrate/Glints2/dict_0005_0195" 8003
"/Engine/EngineMaterials/Substrate/Glints2/dict_0005_0196" 8004
"/Engine/EngineMaterials/Substrate/Glints2/dict_0005_0197" 8005
"../../../Engine/Content/EngineMaterials/Substrate/Glints2/dict_0005_0164.uasset" 8006
"../../../Engine/Content/EngineMaterials/Substrate/Glints2/dict_0005_0162.uasset" 8007
"../../../Engine/Content/EngineMaterials/Substrate/Glints2/dict_0005_0165.uasset" 8008
"/Engine/EngineMaterials/Substrate/Glints2/dict_0005_0166" 8009
"../../../Engine/Content/EngineMaterials/Substrate/Glints2/dict_0005_0160.uasset" 8010
"../../../Engine/Content/EngineMaterials/Substrate/Glints2/dict_0005_0163.uasset" 8011
"../../../Engine/Content/EngineMaterials/Substrate/Glints2/dict_0005_0161.uasset" 8012
"../../../Engine/Content/EngineMaterials/Substrate/Glints2/dict_0005_0158.uasset" 8013
"../../../Engine/Content/EngineMaterials/Substrate/Glints2/dict_0005_0159.uasset" 8014
"../../../Engine/Content/EngineMaterials/Substrate/Glints2/dict_0005_0156.uasset" 8015
"../../../Engine/Content/EngineMaterials/Substrate/Glints2/dict_0005_0157.uasset" 8016
"../../../Engine/Content/EngineMaterials/Substrate/Glints2/dict_0005_0152.uasset" 8017
"/Engine/EngineMaterials/Substrate/Glints2/dict_0005_0167" 8018
"../../../Engine/Content/EngineMaterials/Substrate/Glints2/dict_0005_0153.uasset" 8019
"../../../Engine/Content/EngineMaterials/Substrate/Glints2/dict_0005_0154.uasset" 8020
"../../../Engine/Content/EngineMaterials/Substrate/Glints2/dict_0005_0148.uasset" 8021
"../../../Engine/Content/EngineMaterials/Substrate/Glints2/dict_0005_0155.uasset" 8022
"../../../Engine/Content/EngineMaterials/Substrate/Glints2/dict_0005_0151.uasset" 8023
"../../../Engine/Content/EngineMaterials/Substrate/Glints2/dict_0005_0149.uasset" 8024
"../../../Engine/Content/EngineMaterials/Substrate/Glints2/dict_0005_0150.uasset" 8025
"/Engine/EngineMaterials/Substrate/Glints2/dict_0005_0168" 8026
"/Engine/EngineMaterials/Substrate/Glints2/dict_0005_0169" 8027
"/Engine/EngineMaterials/Substrate/Glints2/dict_0005_0170" 8028
"/Engine/EngineMaterials/Substrate/Glints2/dict_0005_0171" 8029
"/Engine/EngineMaterials/Substrate/Glints2/dict_0005_0172" 8030
"/Engine/EngineMaterials/Substrate/Glints2/dict_0005_0173" 8031
"/Engine/EngineMaterials/Substrate/Glints2/dict_0005_0174" 8032
"/Engine/EngineMaterials/Substrate/Glints2/dict_0005_0175" 8033
"/Engine/EngineMaterials/Substrate/Glints2/dict_0005_0176" 8034
"/Engine/EngineMaterials/Substrate/Glints2/dict_0005_0177" 8035
"/Engine/EngineMaterials/Substrate/Glints2/dict_0005_0178" 8036
"/Engine/EngineMaterials/Substrate/Glints2/dict_0005_0179" 8037
"/Engine/EngineMaterials/Substrate/Glints2/dict_0005_0148" 8038
"../../../Engine/Content/EngineMaterials/Substrate/Glints2/dict_0005_0138.uasset" 8039
"../../../Engine/Content/EngineMaterials/Substrate/Glints2/dict_0005_0147.uasset" 8040
"../../../Engine/Content/EngineMaterials/Substrate/Glints2/dict_0005_0137.uasset" 8041
"../../../Engine/Content/EngineMaterials/Substrate/Glints2/dict_0005_0144.uasset" 8042
"../../../Engine/Content/EngineMaterials/Substrate/Glints2/dict_0005_0139.uasset" 8043
"/Engine/EngineMaterials/Substrate/Glints2/dict_0005_0149" 8044
"../../../Engine/Content/EngineMaterials/Substrate/Glints2/dict_0005_0145.uasset" 8045
"../../../Engine/Content/EngineMaterials/Substrate/Glints2/dict_0005_0146.uasset" 8046
"../../../Engine/Content/EngineMaterials/Substrate/Glints2/dict_0005_0135.uasset" 8047
"../../../Engine/Content/EngineMaterials/Substrate/Glints2/dict_0005_0136.uasset" 8048
"../../../Engine/Content/EngineMaterials/Substrate/Glints2/dict_0005_0141.uasset" 8049
"../../../Engine/Content/EngineMaterials/Substrate/Glints2/dict_0005_0142.uasset" 8050
"../../../Engine/Content/EngineMaterials/Substrate/Glints2/dict_0005_0134.uasset" 8051
"../../../Engine/Content/EngineMaterials/Substrate/Glints2/dict_0005_0143.uasset" 8052
"../../../Engine/Content/EngineMaterials/Substrate/Glints2/dict_0005_0140.uasset" 8053
"/Engine/EngineMaterials/Substrate/Glints2/dict_0005_0150" 8054
"/Engine/EngineMaterials/Substrate/Glints2/dict_0005_0151" 8055
"/Engine/EngineMaterials/Substrate/Glints2/dict_0005_0152" 8056
"/Engine/EngineMaterials/Substrate/Glints2/dict_0005_0153" 8057
"/Engine/EngineMaterials/Substrate/Glints2/dict_0005_0154" 8058
"/Engine/EngineMaterials/Substrate/Glints2/dict_0005_0155" 8059
"/Engine/EngineMaterials/Substrate/Glints2/dict_0005_0156" 8060
"/Engine/EngineMaterials/Substrate/Glints2/dict_0005_0157" 8061
"/Engine/EngineMaterials/Substrate/Glints2/dict_0005_0158" 8062
"/Engine/EngineMaterials/Substrate/Glints2/dict_0005_0159" 8063
"/Engine/EngineMaterials/Substrate/Glints2/dict_0005_0160" 8064
"/Engine/EngineMaterials/Substrate/Glints2/dict_0005_0161" 8065
"/Engine/EngineMaterials/Substrate/Glints2/dict_0005_0162" 8066
"/Engine/EngineMaterials/Substrate/Glints2/dict_0005_0163" 8067
"/Engine/EngineMaterials/Substrate/Glints2/dict_0005_0164" 8068
"/Engine/EngineMaterials/Substrate/Glints2/dict_0005_0165" 8069
"/Engine/EngineMaterials/Substrate/Glints2/dict_0005_0134" 8070
"../../../Engine/Content/EngineMaterials/Substrate/Glints2/dict_0005_0131.uasset" 8071
"../../../Engine/Content/EngineMaterials/Substrate/Glints2/dict_0005_0132.uasset" 8072
"../../../Engine/Content/EngineMaterials/Substrate/Glints2/dict_0005_0130.uasset" 8073
"../../../Engine/Content/EngineMaterials/Substrate/Glints2/dict_0005_0129.uasset" 8074
"../../../Engine/Content/EngineMaterials/Substrate/Glints2/dict_0005_0133.uasset" 8075
"../../../Engine/Content/EngineMaterials/Substrate/Glints2/dict_0005_0124.uasset" 8076
"../../../Engine/Content/EngineMaterials/Substrate/Glints2/dict_0005_0125.uasset" 8077
"../../../Engine/Content/EngineMaterials/Substrate/Glints2/dict_0005_0128.uasset" 8078
"../../../Engine/Content/EngineMaterials/Substrate/Glints2/dict_0005_0126.uasset" 8079
"/Engine/EngineMaterials/Substrate/Glints2/dict_0005_0135" 8080
"../../../Engine/Content/EngineMaterials/Substrate/Glints2/dict_0005_0121.uasset" 8081
"../../../Engine/Content/EngineMaterials/Substrate/Glints2/dict_0005_0120.uasset" 8082
"../../../Engine/Content/EngineMaterials/Substrate/Glints2/dict_0005_0123.uasset" 8083
"../../../Engine/Content/EngineMaterials/Substrate/Glints2/dict_0005_0116.uasset" 8084
"../../../Engine/Content/EngineMaterials/Substrate/Glints2/dict_0005_0118.uasset" 8085
"../../../Engine/Content/EngineMaterials/Substrate/Glints2/dict_0005_0122.uasset" 8086
"../../../Engine/Content/EngineMaterials/Substrate/Glints2/dict_0005_0119.uasset" 8087
"../../../Engine/Content/EngineMaterials/Substrate/Glints2/dict_0005_0127.uasset" 8088
"../../../Engine/Content/EngineMaterials/Substrate/Glints2/dict_0005_0117.uasset" 8089
"/Engine/EngineMaterials/Substrate/Glints2/dict_0005_0136" 8090
"/Engine/EngineMaterials/Substrate/Glints2/dict_0005_0137" 8091
"/Engine/EngineMaterials/Substrate/Glints2/dict_0005_0138" 8092
"/Engine/EngineMaterials/Substrate/Glints2/dict_0005_0139" 8093
"/Engine/EngineMaterials/Substrate/Glints2/dict_0005_0140" 8094
"/Engine/EngineMaterials/Substrate/Glints2/dict_0005_0141" 8095
"/Engine/EngineMaterials/Substrate/Glints2/dict_0005_0142" 8096
"/Engine/EngineMaterials/Substrate/Glints2/dict_0005_0143" 8097
"/Engine/EngineMaterials/Substrate/Glints2/dict_0005_0144" 8098
"/Engine/EngineMaterials/Substrate/Glints2/dict_0005_0145" 8099
"/Engine/EngineMaterials/Substrate/Glints2/dict_0005_0146" 8100
"/Engine/EngineMaterials/Substrate/Glints2/dict_0005_0147" 8101
"/Engine/EngineMaterials/Substrate/Glints2/dict_0005_0116" 8102
"../../../Engine/Content/EngineMaterials/Substrate/Glints2/dict_0005_0115.uasset" 8103
"../../../Engine/Content/EngineMaterials/Substrate/Glints2/dict_0005_0114.uasset" 8104
"../../../Engine/Content/EngineMaterials/Substrate/Glints2/dict_0005_0110.uasset" 8105
"../../../Engine/Content/EngineMaterials/Substrate/Glints2/dict_0005_0113.uasset" 8106
"../../../Engine/Content/EngineMaterials/Substrate/Glints2/dict_0005_0112.uasset" 8107
"../../../Engine/Content/EngineMaterials/Substrate/Glints2/dict_0005_0106.uasset" 8108
"../../../Engine/Content/EngineMaterials/Substrate/Glints2/dict_0005_0111.uasset" 8109
"../../../Engine/Content/EngineMaterials/Substrate/Glints2/dict_0005_0104.uasset" 8110
"/Engine/EngineMaterials/Substrate/Glints2/dict_0005_0117" 8111
"../../../Engine/Content/EngineMaterials/Substrate/Glints2/dict_0005_0107.uasset" 8112
"../../../Engine/Content/EngineMaterials/Substrate/Glints2/dict_0005_0109.uasset" 8113
"../../../Engine/Content/EngineMaterials/Substrate/Glints2/dict_0005_0102.uasset" 8114
"../../../Engine/Content/EngineMaterials/Substrate/Glints2/dict_0005_0103.uasset" 8115
"../../../Engine/Content/EngineMaterials/Substrate/Glints2/dict_0005_0108.uasset" 8116
"../../../Engine/Content/EngineMaterials/Substrate/Glints2/dict_0005_0105.uasset" 8117
"/Engine/EngineMaterials/Substrate/Glints2/dict_0005_0118" 8118
"/Engine/EngineMaterials/Substrate/Glints2/dict_0005_0119" 8119
"/Engine/EngineMaterials/Substrate/Glints2/dict_0005_0120" 8120
"/Engine/EngineMaterials/Substrate/Glints2/dict_0005_0121" 8121
"/Engine/EngineMaterials/Substrate/Glints2/dict_0005_0122" 8122
"/Engine/EngineMaterials/Substrate/Glints2/dict_0005_0123" 8123
"/Engine/EngineMaterials/Substrate/Glints2/dict_0005_0124" 8124
"/Engine/EngineMaterials/Substrate/Glints2/dict_0005_0125" 8125
"/Engine/EngineMaterials/Substrate/Glints2/dict_0005_0126" 8126
"/Engine/EngineMaterials/Substrate/Glints2/dict_0005_0127" 8127
"/Engine/EngineMaterials/Substrate/Glints2/dict_0005_0128" 8128
"/Engine/EngineMaterials/Substrate/Glints2/dict_0005_0129" 8129
"/Engine/EngineMaterials/Substrate/Glints2/dict_0005_0130" 8130
"/Engine/EngineMaterials/Substrate/Glints2/dict_0005_0131" 8131
"/Engine/EngineMaterials/Substrate/Glints2/dict_0005_0132" 8132
"/Engine/EngineMaterials/Substrate/Glints2/dict_0005_0133" 8133
"/Engine/EngineMaterials/Substrate/Glints2/dict_0005_0102" 8134
"../../../Engine/Content/EngineMaterials/Substrate/Glints2/dict_0005_0100.uasset" 8135
"../../../Engine/Content/EngineMaterials/Substrate/Glints2/dict_0005_0101.uasset" 8136
"../../../Engine/Content/EngineMaterials/Substrate/Glints2/dict_0005_0099.uasset" 8137
"../../../Engine/Content/EngineMaterials/Substrate/Glints2/dict_0005_0098.uasset" 8138
"../../../Engine/Content/EngineMaterials/Substrate/Glints2/dict_0005_0096.uasset" 8139
"../../../Engine/Content/EngineMaterials/Substrate/Glints2/dict_0005_0097.uasset" 8140
"../../../Engine/Content/EngineMaterials/Substrate/Glints2/dict_0005_0089.uasset" 8141
"../../../Engine/Content/EngineMaterials/Substrate/Glints2/dict_0005_0094.uasset" 8142
"../../../Engine/Content/EngineMaterials/Substrate/Glints2/dict_0005_0095.uasset" 8143
"/Engine/EngineMaterials/Substrate/Glints2/dict_0005_0103" 8144
"../../../Engine/Content/EngineMaterials/Substrate/Glints2/dict_0005_0091.uasset" 8145
"../../../Engine/Content/EngineMaterials/Substrate/Glints2/dict_0005_0087.uasset" 8146
"../../../Engine/Content/EngineMaterials/Substrate/Glints2/dict_0005_0092.uasset" 8147
"../../../Engine/Content/EngineMaterials/Substrate/Glints2/dict_0005_0086.uasset" 8148
"../../../Engine/Content/EngineMaterials/Substrate/Glints2/dict_0005_0090.uasset" 8149
"../../../Engine/Content/EngineMaterials/Substrate/Glints2/dict_0005_0093.uasset" 8150
"/Engine/EngineMaterials/Substrate/Glints2/dict_0005_0104" 8151
"../../../Engine/Content/EngineMaterials/Substrate/Glints2/dict_0005_0084.uasset" 8152
"../../../Engine/Content/EngineMaterials/Substrate/Glints2/dict_0005_0085.uasset" 8153
"../../../Engine/Content/EngineMaterials/Substrate/Glints2/dict_0005_0088.uasset" 8154
"/Engine/EngineMaterials/Substrate/Glints2/dict_0005_0105" 8155
"/Engine/EngineMaterials/Substrate/Glints2/dict_0005_0106" 8156
"/Engine/EngineMaterials/Substrate/Glints2/dict_0005_0107" 8157
"/Engine/EngineMaterials/Substrate/Glints2/dict_0005_0108" 8158
"/Engine/EngineMaterials/Substrate/Glints2/dict_0005_0109" 8159
"/Engine/EngineMaterials/Substrate/Glints2/dict_0005_0110" 8160
"/Engine/EngineMaterials/Substrate/Glints2/dict_0005_0111" 8161
"/Engine/EngineMaterials/Substrate/Glints2/dict_0005_0112" 8162
"/Engine/EngineMaterials/Substrate/Glints2/dict_0005_0113" 8163
"/Engine/EngineMaterials/Substrate/Glints2/dict_0005_0114" 8164
"/Engine/EngineMaterials/Substrate/Glints2/dict_0005_0115" 8165
"/Engine/EngineMaterials/Substrate/Glints2/dict_0005_0084" 8166
"../../../Engine/Content/EngineMaterials/Substrate/Glints2/dict_0005_0083.uasset" 8167
"../../../Engine/Content/EngineMaterials/Substrate/Glints2/dict_0005_0074.uasset" 8168
"../../../Engine/Content/EngineMaterials/Substrate/Glints2/dict_0005_0078.uasset" 8169
"../../../Engine/Content/EngineMaterials/Substrate/Glints2/dict_0005_0082.uasset" 8170
"../../../Engine/Content/EngineMaterials/Substrate/Glints2/dict_0005_0075.uasset" 8171
"../../../Engine/Content/EngineMaterials/Substrate/Glints2/dict_0005_0079.uasset" 8172
"../../../Engine/Content/EngineMaterials/Substrate/Glints2/dict_0005_0081.uasset" 8173
"../../../Engine/Content/EngineMaterials/Substrate/Glints2/dict_0005_0080.uasset" 8174
"../../../Engine/Content/EngineMaterials/Substrate/Glints2/dict_0005_0070.uasset" 8175
"/Engine/EngineMaterials/Substrate/Glints2/dict_0005_0085" 8176
"../../../Engine/Content/EngineMaterials/Substrate/Glints2/dict_0005_0076.uasset" 8177
"../../../Engine/Content/EngineMaterials/Substrate/Glints2/dict_0005_0073.uasset" 8178
"../../../Engine/Content/EngineMaterials/Substrate/Glints2/dict_0005_0072.uasset" 8179
"../../../Engine/Content/EngineMaterials/Substrate/Glints2/dict_0005_0077.uasset" 8180
"../../../Engine/Content/EngineMaterials/Substrate/Glints2/dict_0005_0071.uasset" 8181
"/Engine/EngineMaterials/Substrate/Glints2/dict_0005_0086" 8182
"/Engine/EngineMaterials/Substrate/Glints2/dict_0005_0087" 8183
"/Engine/EngineMaterials/Substrate/Glints2/dict_0005_0088" 8184
"/Engine/EngineMaterials/Substrate/Glints2/dict_0005_0089" 8185
"/Engine/EngineMaterials/Substrate/Glints2/dict_0005_0090" 8186
"/Engine/EngineMaterials/Substrate/Glints2/dict_0005_0091" 8187
"/Engine/EngineMaterials/Substrate/Glints2/dict_0005_0092" 8188
"/Engine/EngineMaterials/Substrate/Glints2/dict_0005_0093" 8189
"/Engine/EngineMaterials/Substrate/Glints2/dict_0005_0094" 8190
"/Engine/EngineMaterials/Substrate/Glints2/dict_0005_0095" 8191
"/Engine/EngineMaterials/Substrate/Glints2/dict_0005_0096" 8192
"/Engine/EngineMaterials/Substrate/Glints2/dict_0005_0097" 8193
"/Engine/EngineMaterials/Substrate/Glints2/dict_0005_0098" 8194
"/Engine/EngineMaterials/Substrate/Glints2/dict_0005_0099" 8195
"/Engine/EngineMaterials/Substrate/Glints2/dict_0005_0100" 8196
"/Engine/EngineMaterials/Substrate/Glints2/dict_0005_0101" 8197
"/Engine/EngineMaterials/Substrate/Glints2/dict_0005_0070" 8198
"../../../Engine/Content/EngineMaterials/Substrate/Glints2/dict_0005_0068.uasset" 8199
"../../../Engine/Content/EngineMaterials/Substrate/Glints2/dict_0005_0069.uasset" 8200
"../../../Engine/Content/EngineMaterials/Substrate/Glints2/dict_0005_0066.uasset" 8201
"../../../Engine/Content/EngineMaterials/Substrate/Glints2/dict_0005_0067.uasset" 8202
"../../../Engine/Content/EngineMaterials/Substrate/Glints2/dict_0005_0064.uasset" 8203
"../../../Engine/Content/EngineMaterials/Substrate/Glints2/dict_0005_0065.uasset" 8204
"../../../Engine/Content/EngineMaterials/Substrate/Glints2/dict_0005_0062.uasset" 8205
"../../../Engine/Content/EngineMaterials/Substrate/Glints2/dict_0005_0058.uasset" 8206
"/Engine/EngineMaterials/Substrate/Glints2/dict_0005_0071" 8207
"../../../Engine/Content/EngineMaterials/Substrate/Glints2/dict_0005_0055.uasset" 8208
"../../../Engine/Content/EngineMaterials/Substrate/Glints2/dict_0005_0059.uasset" 8209
"../../../Engine/Content/EngineMaterials/Substrate/Glints2/dict_0005_0052.uasset" 8210
"../../../Engine/Content/EngineMaterials/Substrate/Glints2/dict_0005_0054.uasset" 8211
"../../../Engine/Content/EngineMaterials/Substrate/Glints2/dict_0005_0060.uasset" 8212
"../../../Engine/Content/EngineMaterials/Substrate/Glints2/dict_0005_0063.uasset" 8213
"../../../Engine/Content/EngineMaterials/Substrate/Glints2/dict_0005_0056.uasset" 8214
"../../../Engine/Content/EngineMaterials/Substrate/Glints2/dict_0005_0053.uasset" 8215
"../../../Engine/Content/EngineMaterials/Substrate/Glints2/dict_0005_0057.uasset" 8216
"../../../Engine/Content/EngineMaterials/Substrate/Glints2/dict_0005_0061.uasset" 8217
"/Engine/EngineMaterials/Substrate/Glints2/dict_0005_0072" 8218
"/Engine/EngineMaterials/Substrate/Glints2/dict_0005_0073" 8219
"/Engine/EngineMaterials/Substrate/Glints2/dict_0005_0074" 8220
"/Engine/EngineMaterials/Substrate/Glints2/dict_0005_0075" 8221
"/Engine/EngineMaterials/Substrate/Glints2/dict_0005_0076" 8222
"/Engine/EngineMaterials/Substrate/Glints2/dict_0005_0077" 8223
"/Engine/EngineMaterials/Substrate/Glints2/dict_0005_0078" 8224
"/Engine/EngineMaterials/Substrate/Glints2/dict_0005_0079" 8225
"/Engine/EngineMaterials/Substrate/Glints2/dict_0005_0080" 8226
"/Engine/EngineMaterials/Substrate/Glints2/dict_0005_0081" 8227
"/Engine/EngineMaterials/Substrate/Glints2/dict_0005_0082" 8228
"/Engine/EngineMaterials/Substrate/Glints2/dict_0005_0083" 8229
"../../../Engine/Content/EngineMaterials/Substrate/Glints2/dict_0005_0051.uasset" 8230
"/Engine/EngineMaterials/Substrate/Glints2/dict_0005_0052" 8231
"../../../Engine/Content/EngineMaterials/Substrate/Glints2/dict_0005_0043.uasset" 8232
"../../../Engine/Content/EngineMaterials/Substrate/Glints2/dict_0005_0047.uasset" 8233
"../../../Engine/Content/EngineMaterials/Substrate/Glints2/dict_0005_0048.uasset" 8234
"../../../Engine/Content/EngineMaterials/Substrate/Glints2/dict_0005_0046.uasset" 8235
"../../../Engine/Content/EngineMaterials/Substrate/Glints2/dict_0005_0044.uasset" 8236
"../../../Engine/Content/EngineMaterials/Substrate/Glints2/dict_0005_0045.uasset" 8237
"../../../Engine/Content/EngineMaterials/Substrate/Glints2/dict_0005_0042.uasset" 8238
"../../../Engine/Content/EngineMaterials/Substrate/Glints2/dict_0005_0039.uasset" 8239
"../../../Engine/Content/EngineMaterials/Substrate/Glints2/dict_0005_0041.uasset" 8240
"../../../Engine/Content/EngineMaterials/Substrate/Glints2/dict_0005_0050.uasset" 8241
"../../../Engine/Content/EngineMaterials/Substrate/Glints2/dict_0005_0040.uasset" 8242
"../../../Engine/Content/EngineMaterials/Substrate/Glints2/dict_0005_0049.uasset" 8243
"../../../Engine/Content/EngineMaterials/Substrate/Glints2/dict_0005_0038.uasset" 8244
"/Engine/EngineMaterials/Substrate/Glints2/dict_0005_0053" 8245
"/Engine/EngineMaterials/Substrate/Glints2/dict_0005_0054" 8246
"/Engine/EngineMaterials/Substrate/Glints2/dict_0005_0055" 8247
"/Engine/EngineMaterials/Substrate/Glints2/dict_0005_0056" 8248
"/Engine/EngineMaterials/Substrate/Glints2/dict_0005_0057" 8249
"/Engine/EngineMaterials/Substrate/Glints2/dict_0005_0058" 8250
"/Engine/EngineMaterials/Substrate/Glints2/dict_0005_0059" 8251
"/Engine/EngineMaterials/Substrate/Glints2/dict_0005_0060" 8252
"/Engine/EngineMaterials/Substrate/Glints2/dict_0005_0061" 8253
"/Engine/EngineMaterials/Substrate/Glints2/dict_0005_0062" 8254
"/Engine/EngineMaterials/Substrate/Glints2/dict_0005_0063" 8255
"/Engine/EngineMaterials/Substrate/Glints2/dict_0005_0064" 8256
"/Engine/EngineMaterials/Substrate/Glints2/dict_0005_0065" 8257
"/Engine/EngineMaterials/Substrate/Glints2/dict_0005_0066" 8258
"/Engine/EngineMaterials/Substrate/Glints2/dict_0005_0067" 8259
"/Engine/EngineMaterials/Substrate/Glints2/dict_0005_0068" 8260
"/Engine/EngineMaterials/Substrate/Glints2/dict_0005_0069" 8261
"/Engine/EngineMaterials/Substrate/Glints2/dict_0005_0038" 8262
"../../../Engine/Content/EngineMaterials/Substrate/Glints2/dict_0005_0037.uasset" 8263
"../../../Engine/Content/EngineMaterials/Substrate/Glints2/dict_0005_0035.uasset" 8264
"../../../Engine/Content/EngineMaterials/Substrate/Glints2/dict_0005_0034.uasset" 8265
"../../../Engine/Content/EngineMaterials/Substrate/Glints2/dict_0005_0033.uasset" 8266
"../../../Engine/Content/EngineMaterials/Substrate/Glints2/dict_0005_0036.uasset" 8267
"../../../Engine/Content/EngineMaterials/Substrate/Glints2/dict_0005_0032.uasset" 8268
"../../../Engine/Content/EngineMaterials/Substrate/Glints2/dict_0005_0029.uasset" 8269
"../../../Engine/Content/EngineMaterials/Substrate/Glints2/dict_0005_0027.uasset" 8270
"../../../Engine/Content/EngineMaterials/Substrate/Glints2/dict_0005_0031.uasset" 8271
"../../../Engine/Content/EngineMaterials/Substrate/Glints2/dict_0005_0030.uasset" 8272
"../../../Engine/Content/EngineMaterials/Substrate/Glints2/dict_0005_0020.uasset" 8273
"/Engine/EngineMaterials/Substrate/Glints2/dict_0005_0039" 8274
"../../../Engine/Content/EngineMaterials/Substrate/Glints2/dict_0005_0024.uasset" 8275
"../../../Engine/Content/EngineMaterials/Substrate/Glints2/dict_0005_0022.uasset" 8276
"../../../Engine/Content/EngineMaterials/Substrate/Glints2/dict_0005_0028.uasset" 8277
"../../../Engine/Content/EngineMaterials/Substrate/Glints2/dict_0005_0026.uasset" 8278
"../../../Engine/Content/EngineMaterials/Substrate/Glints2/dict_0005_0025.uasset" 8279
"../../../Engine/Content/EngineMaterials/Substrate/Glints2/dict_0005_0023.uasset" 8280
"../../../Engine/Content/EngineMaterials/Substrate/Glints2/dict_0005_0021.uasset" 8281
"/Engine/EngineMaterials/Substrate/Glints2/dict_0005_0040" 8282
"/Engine/EngineMaterials/Substrate/Glints2/dict_0005_0041" 8283
"/Engine/EngineMaterials/Substrate/Glints2/dict_0005_0042" 8284
"/Engine/EngineMaterials/Substrate/Glints2/dict_0005_0043" 8285
"/Engine/EngineMaterials/Substrate/Glints2/dict_0005_0044" 8286
"/Engine/EngineMaterials/Substrate/Glints2/dict_0005_0045" 8287
"/Engine/EngineMaterials/Substrate/Glints2/dict_0005_0046" 8288
"/Engine/EngineMaterials/Substrate/Glints2/dict_0005_0047" 8289
"/Engine/EngineMaterials/Substrate/Glints2/dict_0005_0048" 8290
"/Engine/EngineMaterials/Substrate/Glints2/dict_0005_0049" 8291
"/Engine/EngineMaterials/Substrate/Glints2/dict_0005_0050" 8292
"/Engine/EngineMaterials/Substrate/Glints2/dict_0005_0051" 8293
"/Engine/EngineMaterials/Substrate/Glints2/dict_0005_0020" 8294
"../../../Engine/Content/EngineMaterials/Substrate/Glints2/dict_0005_0019.uasset" 8295
"../../../Engine/Content/EngineMaterials/Substrate/Glints2/dict_0005_0018.uasset" 8296
"../../../Engine/Content/EngineMaterials/Substrate/Glints2/dict_0005_0016.uasset" 8297
"../../../Engine/Content/EngineMaterials/Substrate/Glints2/dict_0005_0013.uasset" 8298
"../../../Engine/Content/EngineMaterials/Substrate/Glints2/dict_0005_0017.uasset" 8299
"../../../Engine/Content/EngineMaterials/Substrate/Glints2/dict_0005_0015.uasset" 8300
"../../../Engine/Content/EngineMaterials/Substrate/Glints2/dict_0005_0008.uasset" 8301
"/Engine/EngineMaterials/Substrate/Glints2/dict_0005_0021" 8302
"../../../Engine/Content/EngineMaterials/Substrate/Glints2/dict_0005_0006.uasset" 8303
"../../../Engine/Content/EngineMaterials/Substrate/Glints2/dict_0005_0011.uasset" 8304
"../../../Engine/Content/EngineMaterials/Substrate/Glints2/dict_0005_0009.uasset" 8305
"../../../Engine/Content/EngineMaterials/Substrate/Glints2/dict_0005_0012.uasset" 8306
"../../../Engine/Content/EngineMaterials/Substrate/Glints2/dict_0005_0014.uasset" 8307
"../../../Engine/Content/EngineMaterials/Substrate/Glints2/dict_0005_0010.uasset" 8308
"../../../Engine/Content/EngineMaterials/Substrate/Glints2/dict_0005_0007.uasset" 8309
"/Engine/EngineMaterials/Substrate/Glints2/dict_0005_0022" 8310
"/Engine/EngineMaterials/Substrate/Glints2/dict_0005_0023" 8311
"/Engine/EngineMaterials/Substrate/Glints2/dict_0005_0024" 8312
"/Engine/EngineMaterials/Substrate/Glints2/dict_0005_0025" 8313
"/Engine/EngineMaterials/Substrate/Glints2/dict_0005_0026" 8314
"/Engine/EngineMaterials/Substrate/Glints2/dict_0005_0027" 8315
"/Engine/EngineMaterials/Substrate/Glints2/dict_0005_0028" 8316
"/Engine/EngineMaterials/Substrate/Glints2/dict_0005_0029" 8317
"/Engine/EngineMaterials/Substrate/Glints2/dict_0005_0030" 8318
"/Engine/EngineMaterials/Substrate/Glints2/dict_0005_0031" 8319
"/Engine/EngineMaterials/Substrate/Glints2/dict_0005_0032" 8320
"/Engine/EngineMaterials/Substrate/Glints2/dict_0005_0033" 8321
"/Engine/EngineMaterials/Substrate/Glints2/dict_0005_0034" 8322
"/Engine/EngineMaterials/Substrate/Glints2/dict_0005_0035" 8323
"/Engine/EngineMaterials/Substrate/Glints2/dict_0005_0036" 8324
"/Engine/EngineMaterials/Substrate/Glints2/dict_0005_0037" 8325
"/Engine/EngineMaterials/Substrate/Glints2/dict_0005_0006" 8326
"../../../Engine/Content/EngineMaterials/Substrate/Glints2/dict_0005_0005.uasset" 8327
"../../../Engine/Content/EngineMaterials/Substrate/Glints2/dict_0005_0002.uasset" 8328
"../../../Engine/Content/EngineMaterials/Substrate/Glints2/dict_0005_0003.uasset" 8329
"../../../Engine/Content/EngineMaterials/Substrate/Glints2/dict_0005_0004.uasset" 8330
"../../../Engine/Content/EngineMaterials/Substrate/Glints2/dict_0005_0000.uasset" 8331
"../../../Engine/Content/EngineMaterials/Substrate/Glints2/dict_0004_0255.uasset" 8332
"../../../Engine/Content/EngineMaterials/Substrate/Glints2/dict_0004_0250.uasset" 8333
"../../../Engine/Content/EngineMaterials/Substrate/Glints2/dict_0004_0249.uasset" 8334
"../../../Engine/Content/EngineMaterials/Substrate/Glints2/dict_0005_0001.uasset" 8335
"../../../Engine/Content/EngineMaterials/Substrate/Glints2/dict_0004_0252.uasset" 8336
"../../../Engine/Content/EngineMaterials/Substrate/Glints2/dict_0004_0253.uasset" 8337
"../../../Engine/Content/EngineMaterials/Substrate/Glints2/dict_0004_0246.uasset" 8338
"../../../Engine/Content/EngineMaterials/Substrate/Glints2/dict_0004_0244.uasset" 8339
"/Engine/EngineMaterials/Substrate/Glints2/dict_0005_0007" 8340
"../../../Engine/Content/EngineMaterials/Substrate/Glints2/dict_0004_0245.uasset" 8341
"../../../Engine/Content/EngineMaterials/Substrate/Glints2/dict_0004_0248.uasset" 8342
"../../../Engine/Content/EngineMaterials/Substrate/Glints2/dict_0004_0251.uasset" 8343
"../../../Engine/Content/EngineMaterials/Substrate/Glints2/dict_0004_0254.uasset" 8344
"../../../Engine/Content/EngineMaterials/Substrate/Glints2/dict_0004_0247.uasset" 8345
"/Engine/EngineMaterials/Substrate/Glints2/dict_0005_0008" 8346
"/Engine/EngineMaterials/Substrate/Glints2/dict_0005_0009" 8347
"/Engine/EngineMaterials/Substrate/Glints2/dict_0005_0010" 8348
"/Engine/EngineMaterials/Substrate/Glints2/dict_0005_0011" 8349
"/Engine/EngineMaterials/Substrate/Glints2/dict_0005_0012" 8350
"/Engine/EngineMaterials/Substrate/Glints2/dict_0005_0013" 8351
"/Engine/EngineMaterials/Substrate/Glints2/dict_0005_0014" 8352
"/Engine/EngineMaterials/Substrate/Glints2/dict_0005_0015" 8353
"/Engine/EngineMaterials/Substrate/Glints2/dict_0005_0016" 8354
"/Engine/EngineMaterials/Substrate/Glints2/dict_0005_0017" 8355
"/Engine/EngineMaterials/Substrate/Glints2/dict_0005_0018" 8356
"/Engine/EngineMaterials/Substrate/Glints2/dict_0005_0019" 8357
"../../../Engine/Content/EngineMaterials/Substrate/Glints2/dict_0004_0243.uasset" 8358
"/Engine/EngineMaterials/Substrate/Glints2/dict_0004_0244" 8359
"../../../Engine/Content/EngineMaterials/Substrate/Glints2/dict_0004_0241.uasset" 8360
"../../../Engine/Content/EngineMaterials/Substrate/Glints2/dict_0004_0242.uasset" 8361
"../../../Engine/Content/EngineMaterials/Substrate/Glints2/dict_0004_0240.uasset" 8362
"../../../Engine/Content/EngineMaterials/Substrate/Glints2/dict_0004_0239.uasset" 8363
"../../../Engine/Content/EngineMaterials/Substrate/Glints2/dict_0004_0237.uasset" 8364
"../../../Engine/Content/EngineMaterials/Substrate/Glints2/dict_0004_0233.uasset" 8365
"../../../Engine/Content/EngineMaterials/Substrate/Glints2/dict_0004_0235.uasset" 8366
"../../../Engine/Content/EngineMaterials/Substrate/Glints2/dict_0004_0238.uasset" 8367
"../../../Engine/Content/EngineMaterials/Substrate/Glints2/dict_0004_0231.uasset" 8368
"../../../Engine/Content/EngineMaterials/Substrate/Glints2/dict_0004_0230.uasset" 8369
"../../../Engine/Content/EngineMaterials/Substrate/Glints2/dict_0004_0236.uasset" 8370
"/Engine/EngineMaterials/Substrate/Glints2/dict_0004_0245" 8371
"../../../Engine/Content/EngineMaterials/Substrate/Glints2/dict_0004_0232.uasset" 8372
"../../../Engine/Content/EngineMaterials/Substrate/Glints2/dict_0004_0234.uasset" 8373
"/Engine/EngineMaterials/Substrate/Glints2/dict_0004_0246" 8374
"/Engine/EngineMaterials/Substrate/Glints2/dict_0004_0247" 8375
"/Engine/EngineMaterials/Substrate/Glints2/dict_0004_0248" 8376
"/Engine/EngineMaterials/Substrate/Glints2/dict_0004_0249" 8377
"/Engine/EngineMaterials/Substrate/Glints2/dict_0004_0250" 8378
"/Engine/EngineMaterials/Substrate/Glints2/dict_0004_0251" 8379
"/Engine/EngineMaterials/Substrate/Glints2/dict_0004_0252" 8380
"/Engine/EngineMaterials/Substrate/Glints2/dict_0004_0253" 8381
"/Engine/EngineMaterials/Substrate/Glints2/dict_0004_0254" 8382
"/Engine/EngineMaterials/Substrate/Glints2/dict_0004_0255" 8383
"/Engine/EngineMaterials/Substrate/Glints2/dict_0005_0000" 8384
"/Engine/EngineMaterials/Substrate/Glints2/dict_0005_0001" 8385
"/Engine/EngineMaterials/Substrate/Glints2/dict_0005_0002" 8386
"/Engine/EngineMaterials/Substrate/Glints2/dict_0005_0003" 8387
"/Engine/EngineMaterials/Substrate/Glints2/dict_0005_0004" 8388
"/Engine/EngineMaterials/Substrate/Glints2/dict_0005_0005" 8389
"/Engine/EngineMaterials/Substrate/Glints2/dict_0004_0230" 8390
"../../../Engine/Content/EngineMaterials/Substrate/Glints2/dict_0004_0228.uasset" 8391
"../../../Engine/Content/EngineMaterials/Substrate/Glints2/dict_0004_0227.uasset" 8392
"../../../Engine/Content/EngineMaterials/Substrate/Glints2/dict_0004_0229.uasset" 8393
"../../../Engine/Content/EngineMaterials/Substrate/Glints2/dict_0004_0217.uasset" 8394
"../../../Engine/Content/EngineMaterials/Substrate/Glints2/dict_0004_0225.uasset" 8395
"../../../Engine/Content/EngineMaterials/Substrate/Glints2/dict_0004_0223.uasset" 8396
"../../../Engine/Content/EngineMaterials/Substrate/Glints2/dict_0004_0224.uasset" 8397
"../../../Engine/Content/EngineMaterials/Substrate/Glints2/dict_0004_0214.uasset" 8398
"../../../Engine/Content/EngineMaterials/Substrate/Glints2/dict_0004_0216.uasset" 8399
"../../../Engine/Content/EngineMaterials/Substrate/Glints2/dict_0004_0221.uasset" 8400
"../../../Engine/Content/EngineMaterials/Substrate/Glints2/dict_0004_0219.uasset" 8401
"../../../Engine/Content/EngineMaterials/Substrate/Glints2/dict_0004_0215.uasset" 8402
"../../../Engine/Content/EngineMaterials/Substrate/Glints2/dict_0004_0222.uasset" 8403
"../../../Engine/Content/EngineMaterials/Substrate/Glints2/dict_0004_0226.uasset" 8404
"../../../Engine/Content/EngineMaterials/Substrate/Glints2/dict_0004_0218.uasset" 8405
"../../../Engine/Content/EngineMaterials/Substrate/Glints2/dict_0004_0213.uasset" 8406
"/Engine/EngineMaterials/Substrate/Glints2/dict_0004_0231" 8407
"../../../Engine/Content/EngineMaterials/Substrate/Glints2/dict_0004_0212.uasset" 8408
"../../../Engine/Content/EngineMaterials/Substrate/Glints2/dict_0004_0220.uasset" 8409
"/Engine/EngineMaterials/Substrate/Glints2/dict_0004_0232" 8410
"/Engine/EngineMaterials/Substrate/Glints2/dict_0004_0233" 8411
"/Engine/EngineMaterials/Substrate/Glints2/dict_0004_0234" 8412
"/Engine/EngineMaterials/Substrate/Glints2/dict_0004_0235" 8413
"/Engine/EngineMaterials/Substrate/Glints2/dict_0004_0236" 8414
"/Engine/EngineMaterials/Substrate/Glints2/dict_0004_0237" 8415
"/Engine/EngineMaterials/Substrate/Glints2/dict_0004_0238" 8416
"/Engine/EngineMaterials/Substrate/Glints2/dict_0004_0239" 8417
"/Engine/EngineMaterials/Substrate/Glints2/dict_0004_0240" 8418
"/Engine/EngineMaterials/Substrate/Glints2/dict_0004_0241" 8419
"/Engine/EngineMaterials/Substrate/Glints2/dict_0004_0242" 8420
"/Engine/EngineMaterials/Substrate/Glints2/dict_0004_0243" 8421
"/Engine/EngineMaterials/Substrate/Glints2/dict_0004_0212" 8422
"../../../Engine/Content/EngineMaterials/Substrate/Glints2/dict_0004_0211.uasset" 8423
"../../../Engine/Content/EngineMaterials/Substrate/Glints2/dict_0004_0208.uasset" 8424
"../../../Engine/Content/EngineMaterials/Substrate/Glints2/dict_0004_0209.uasset" 8425
"../../../Engine/Content/EngineMaterials/Substrate/Glints2/dict_0004_0201.uasset" 8426
"../../../Engine/Content/EngineMaterials/Substrate/Glints2/dict_0004_0210.uasset" 8427
"../../../Engine/Content/EngineMaterials/Substrate/Glints2/dict_0004_0200.uasset" 8428
"../../../Engine/Content/EngineMaterials/Substrate/Glints2/dict_0004_0203.uasset" 8429
"/Engine/EngineMaterials/Substrate/Glints2/dict_0004_0213" 8430
"../../../Engine/Content/EngineMaterials/Substrate/Glints2/dict_0004_0207.uasset" 8431
"../../../Engine/Content/EngineMaterials/Substrate/Glints2/dict_0004_0204.uasset" 8432
"../../../Engine/Content/EngineMaterials/Substrate/Glints2/dict_0004_0206.uasset" 8433
"../../../Engine/Content/EngineMaterials/Substrate/Glints2/dict_0004_0199.uasset" 8434
"../../../Engine/Content/EngineMaterials/Substrate/Glints2/dict_0004_0205.uasset" 8435
"../../../Engine/Content/EngineMaterials/Substrate/Glints2/dict_0004_0198.uasset" 8436
"../../../Engine/Content/EngineMaterials/Substrate/Glints2/dict_0004_0202.uasset" 8437
"/Engine/EngineMaterials/Substrate/Glints2/dict_0004_0214" 8438
"/Engine/EngineMaterials/Substrate/Glints2/dict_0004_0215" 8439
"/Engine/EngineMaterials/Substrate/Glints2/dict_0004_0216" 8440
"/Engine/EngineMaterials/Substrate/Glints2/dict_0004_0217" 8441
"/Engine/EngineMaterials/Substrate/Glints2/dict_0004_0218" 8442
"/Engine/EngineMaterials/Substrate/Glints2/dict_0004_0219" 8443
"/Engine/EngineMaterials/Substrate/Glints2/dict_0004_0220" 8444
"/Engine/EngineMaterials/Substrate/Glints2/dict_0004_0221" 8445
"/Engine/EngineMaterials/Substrate/Glints2/dict_0004_0222" 8446
"/Engine/EngineMaterials/Substrate/Glints2/dict_0004_0223" 8447
"/Engine/EngineMaterials/Substrate/Glints2/dict_0004_0224" 8448
"/Engine/EngineMaterials/Substrate/Glints2/dict_0004_0225" 8449
"/Engine/EngineMaterials/Substrate/Glints2/dict_0004_0226" 8450
"/Engine/EngineMaterials/Substrate/Glints2/dict_0004_0227" 8451
"/Engine/EngineMaterials/Substrate/Glints2/dict_0004_0228" 8452
"/Engine/EngineMaterials/Substrate/Glints2/dict_0004_0229" 8453
"/Engine/EngineMaterials/Substrate/Glints2/dict_0004_0198" 8454
"../../../Engine/Content/EngineMaterials/Substrate/Glints2/dict_0004_0195.uasset" 8455
"../../../Engine/Content/EngineMaterials/Substrate/Glints2/dict_0004_0191.uasset" 8456
"../../../Engine/Content/EngineMaterials/Substrate/Glints2/dict_0004_0197.uasset" 8457
"../../../Engine/Content/EngineMaterials/Substrate/Glints2/dict_0004_0193.uasset" 8458
"../../../Engine/Content/EngineMaterials/Substrate/Glints2/dict_0004_0192.uasset" 8459
"../../../Engine/Content/EngineMaterials/Substrate/Glints2/dict_0004_0185.uasset" 8460
"../../../Engine/Content/EngineMaterials/Substrate/Glints2/dict_0004_0190.uasset" 8461
"/Engine/EngineMaterials/Substrate/Glints2/dict_0004_0199" 8462
"../../../Engine/Content/EngineMaterials/Substrate/Glints2/dict_0004_0196.uasset" 8463
"../../../Engine/Content/EngineMaterials/Substrate/Glints2/dict_0004_0183.uasset" 8464
"../../../Engine/Content/EngineMaterials/Substrate/Glints2/dict_0004_0187.uasset" 8465
"../../../Engine/Content/EngineMaterials/Substrate/Glints2/dict_0004_0184.uasset" 8466
"../../../Engine/Content/EngineMaterials/Substrate/Glints2/dict_0004_0182.uasset" 8467
"../../../Engine/Content/EngineMaterials/Substrate/Glints2/dict_0004_0186.uasset" 8468
"/Engine/EngineMaterials/Substrate/Glints2/dict_0004_0200" 8469
"../../../Engine/Content/EngineMaterials/Substrate/Glints2/dict_0004_0189.uasset" 8470
"../../../Engine/Content/EngineMaterials/Substrate/Glints2/dict_0004_0181.uasset" 8471
"../../../Engine/Content/EngineMaterials/Substrate/Glints2/dict_0004_0180.uasset" 8472
"/Engine/EngineMaterials/Substrate/Glints2/dict_0004_0201" 8473
"../../../Engine/Content/EngineMaterials/Substrate/Glints2/dict_0004_0188.uasset" 8474
"../../../Engine/Content/EngineMaterials/Substrate/Glints2/dict_0004_0194.uasset" 8475
"/Engine/EngineMaterials/Substrate/Glints2/dict_0004_0202" 8476
"/Engine/EngineMaterials/Substrate/Glints2/dict_0004_0203" 8477
"/Engine/EngineMaterials/Substrate/Glints2/dict_0004_0204" 8478
"/Engine/EngineMaterials/Substrate/Glints2/dict_0004_0205" 8479
"/Engine/EngineMaterials/Substrate/Glints2/dict_0004_0206" 8480
"/Engine/EngineMaterials/Substrate/Glints2/dict_0004_0207" 8481
"/Engine/EngineMaterials/Substrate/Glints2/dict_0004_0208" 8482
"/Engine/EngineMaterials/Substrate/Glints2/dict_0004_0209" 8483
"/Engine/EngineMaterials/Substrate/Glints2/dict_0004_0210" 8484
"/Engine/EngineMaterials/Substrate/Glints2/dict_0004_0211" 8485
"/Engine/EngineMaterials/Substrate/Glints2/dict_0004_0180" 8486
"../../../Engine/Content/EngineMaterials/Substrate/Glints2/dict_0004_0179.uasset" 8487
"../../../Engine/Content/EngineMaterials/Substrate/Glints2/dict_0004_0178.uasset" 8488
"../../../Engine/Content/EngineMaterials/Substrate/Glints2/dict_0004_0177.uasset" 8489
"../../../Engine/Content/EngineMaterials/Substrate/Glints2/dict_0004_0175.uasset" 8490
"../../../Engine/Content/EngineMaterials/Substrate/Glints2/dict_0004_0176.uasset" 8491
"../../../Engine/Content/EngineMaterials/Substrate/Glints2/dict_0004_0174.uasset" 8492
"../../../Engine/Content/EngineMaterials/Substrate/Glints2/dict_0004_0173.uasset" 8493
"../../../Engine/Content/EngineMaterials/Substrate/Glints2/dict_0004_0167.uasset" 8494
"/Engine/EngineMaterials/Substrate/Glints2/dict_0004_0181" 8495
"../../../Engine/Content/EngineMaterials/Substrate/Glints2/dict_0004_0169.uasset" 8496
"../../../Engine/Content/EngineMaterials/Substrate/Glints2/dict_0004_0172.uasset" 8497
"../../../Engine/Content/EngineMaterials/Substrate/Glints2/dict_0004_0171.uasset" 8498
"../../../Engine/Content/EngineMaterials/Substrate/Glints2/dict_0004_0168.uasset" 8499
"/Engine/EngineMaterials/Substrate/Glints2/dict_0004_0182" 8500
"../../../Engine/Content/EngineMaterials/Substrate/Glints2/dict_0004_0170.uasset" 8501
"../../../Engine/Content/EngineMaterials/Substrate/Glints2/dict_0004_0166.uasset" 8502
"/Engine/EngineMaterials/Substrate/Glints2/dict_0004_0183" 8503
"/Engine/EngineMaterials/Substrate/Glints2/dict_0004_0184" 8504
"/Engine/EngineMaterials/Substrate/Glints2/dict_0004_0185" 8505
"/Engine/EngineMaterials/Substrate/Glints2/dict_0004_0186" 8506
"/Engine/EngineMaterials/Substrate/Glints2/dict_0004_0187" 8507
"/Engine/EngineMaterials/Substrate/Glints2/dict_0004_0188" 8508
"/Engine/EngineMaterials/Substrate/Glints2/dict_0004_0189" 8509
"/Engine/EngineMaterials/Substrate/Glints2/dict_0004_0190" 8510
"/Engine/EngineMaterials/Substrate/Glints2/dict_0004_0191" 8511
"/Engine/EngineMaterials/Substrate/Glints2/dict_0004_0192" 8512
"/Engine/EngineMaterials/Substrate/Glints2/dict_0004_0193" 8513
"/Engine/EngineMaterials/Substrate/Glints2/dict_0004_0194" 8514
"/Engine/EngineMaterials/Substrate/Glints2/dict_0004_0195" 8515
"/Engine/EngineMaterials/Substrate/Glints2/dict_0004_0196" 8516
"/Engine/EngineMaterials/Substrate/Glints2/dict_0004_0197" 8517
"/Engine/EngineMaterials/Substrate/Glints2/dict_0004_0166" 8518
"../../../Engine/Content/EngineMaterials/Substrate/Glints2/dict_0004_0165.uasset" 8519
"../../../Engine/Content/EngineMaterials/Substrate/Glints2/dict_0004_0164.uasset" 8520
"../../../Engine/Content/EngineMaterials/Substrate/Glints2/dict_0004_0162.uasset" 8521
"../../../Engine/Content/EngineMaterials/Substrate/Glints2/dict_0004_0163.uasset" 8522
"../../../Engine/Content/EngineMaterials/Substrate/Glints2/dict_0004_0159.uasset" 8523
"/Engine/EngineMaterials/Substrate/Glints2/dict_0004_0167" 8524
"../../../Engine/Content/EngineMaterials/Substrate/Glints2/dict_0004_0161.uasset" 8525
"../../../Engine/Content/EngineMaterials/Substrate/Glints2/dict_0004_0152.uasset" 8526
"../../../Engine/Content/EngineMaterials/Substrate/Glints2/dict_0004_0149.uasset" 8527
"../../../Engine/Content/EngineMaterials/Substrate/Glints2/dict_0004_0158.uasset" 8528
"../../../Engine/Content/EngineMaterials/Substrate/Glints2/dict_0004_0156.uasset" 8529
"../../../Engine/Content/EngineMaterials/Substrate/Glints2/dict_0004_0154.uasset" 8530
"../../../Engine/Content/EngineMaterials/Substrate/Glints2/dict_0004_0151.uasset" 8531
"../../../Engine/Content/EngineMaterials/Substrate/Glints2/dict_0004_0155.uasset" 8532
"../../../Engine/Content/EngineMaterials/Substrate/Glints2/dict_0004_0153.uasset" 8533
"../../../Engine/Content/EngineMaterials/Substrate/Glints2/dict_0004_0148.uasset" 8534
"../../../Engine/Content/EngineMaterials/Substrate/Glints2/dict_0004_0160.uasset" 8535
"../../../Engine/Content/EngineMaterials/Substrate/Glints2/dict_0004_0157.uasset" 8536
"../../../Engine/Content/EngineMaterials/Substrate/Glints2/dict_0004_0150.uasset" 8537
"/Engine/EngineMaterials/Substrate/Glints2/dict_0004_0168" 8538
"/Engine/EngineMaterials/Substrate/Glints2/dict_0004_0169" 8539
"/Engine/EngineMaterials/Substrate/Glints2/dict_0004_0170" 8540
"/Engine/EngineMaterials/Substrate/Glints2/dict_0004_0171" 8541
"/Engine/EngineMaterials/Substrate/Glints2/dict_0004_0172" 8542
"/Engine/EngineMaterials/Substrate/Glints2/dict_0004_0173" 8543
"/Engine/EngineMaterials/Substrate/Glints2/dict_0004_0174" 8544
"/Engine/EngineMaterials/Substrate/Glints2/dict_0004_0175" 8545
"/Engine/EngineMaterials/Substrate/Glints2/dict_0004_0176" 8546
"/Engine/EngineMaterials/Substrate/Glints2/dict_0004_0177" 8547
"/Engine/EngineMaterials/Substrate/Glints2/dict_0004_0178" 8548
"/Engine/EngineMaterials/Substrate/Glints2/dict_0004_0179" 8549
"/Engine/EngineMaterials/Substrate/Glints2/dict_0004_0148" 8550
"../../../Engine/Content/EngineMaterials/Substrate/Glints2/dict_0004_0146.uasset" 8551
"../../../Engine/Content/EngineMaterials/Substrate/Glints2/dict_0004_0147.uasset" 8552
"../../../Engine/Content/EngineMaterials/Substrate/Glints2/dict_0004_0140.uasset" 8553
"../../../Engine/Content/EngineMaterials/Substrate/Glints2/dict_0004_0142.uasset" 8554
"../../../Engine/Content/EngineMaterials/Substrate/Glints2/dict_0004_0144.uasset" 8555
"../../../Engine/Content/EngineMaterials/Substrate/Glints2/dict_0004_0138.uasset" 8556
"../../../Engine/Content/EngineMaterials/Substrate/Glints2/dict_0004_0145.uasset" 8557
"../../../Engine/Content/EngineMaterials/Substrate/Glints2/dict_0004_0135.uasset" 8558
"/Engine/EngineMaterials/Substrate/Glints2/dict_0004_0149" 8559
"../../../Engine/Content/EngineMaterials/Substrate/Glints2/dict_0004_0139.uasset" 8560
"../../../Engine/Content/EngineMaterials/Substrate/Glints2/dict_0004_0136.uasset" 8561
"../../../Engine/Content/EngineMaterials/Substrate/Glints2/dict_0004_0143.uasset" 8562
"../../../Engine/Content/EngineMaterials/Substrate/Glints2/dict_0004_0134.uasset" 8563
"../../../Engine/Content/EngineMaterials/Substrate/Glints2/dict_0004_0141.uasset" 8564
"../../../Engine/Content/EngineMaterials/Substrate/Glints2/dict_0004_0137.uasset" 8565
"/Engine/EngineMaterials/Substrate/Glints2/dict_0004_0150" 8566
"/Engine/EngineMaterials/Substrate/Glints2/dict_0004_0151" 8567
"/Engine/EngineMaterials/Substrate/Glints2/dict_0004_0152" 8568
"/Engine/EngineMaterials/Substrate/Glints2/dict_0004_0153" 8569
"/Engine/EngineMaterials/Substrate/Glints2/dict_0004_0154" 8570
"/Engine/EngineMaterials/Substrate/Glints2/dict_0004_0155" 8571
"/Engine/EngineMaterials/Substrate/Glints2/dict_0004_0156" 8572
"/Engine/EngineMaterials/Substrate/Glints2/dict_0004_0157" 8573
"/Engine/EngineMaterials/Substrate/Glints2/dict_0004_0158" 8574
"/Engine/EngineMaterials/Substrate/Glints2/dict_0004_0159" 8575
"/Engine/EngineMaterials/Substrate/Glints2/dict_0004_0160" 8576
"/Engine/EngineMaterials/Substrate/Glints2/dict_0004_0161" 8577
"/Engine/EngineMaterials/Substrate/Glints2/dict_0004_0162" 8578
"/Engine/EngineMaterials/Substrate/Glints2/dict_0004_0163" 8579
"/Engine/EngineMaterials/Substrate/Glints2/dict_0004_0164" 8580
"/Engine/EngineMaterials/Substrate/Glints2/dict_0004_0165" 8581
"/Engine/EngineMaterials/Substrate/Glints2/dict_0004_0134" 8582
"../../../Engine/Content/EngineMaterials/Substrate/Glints2/dict_0004_0130.uasset" 8583
"../../../Engine/Content/EngineMaterials/Substrate/Glints2/dict_0004_0133.uasset" 8584
"../../../Engine/Content/EngineMaterials/Substrate/Glints2/dict_0004_0126.uasset" 8585
"../../../Engine/Content/EngineMaterials/Substrate/Glints2/dict_0004_0123.uasset" 8586
"../../../Engine/Content/EngineMaterials/Substrate/Glints2/dict_0004_0131.uasset" 8587
"../../../Engine/Content/EngineMaterials/Substrate/Glints2/dict_0004_0127.uasset" 8588
"../../../Engine/Content/EngineMaterials/Substrate/Glints2/dict_0004_0120.uasset" 8589
"../../../Engine/Content/EngineMaterials/Substrate/Glints2/dict_0004_0129.uasset" 8590
"../../../Engine/Content/EngineMaterials/Substrate/Glints2/dict_0004_0132.uasset" 8591
"../../../Engine/Content/EngineMaterials/Substrate/Glints2/dict_0004_0128.uasset" 8592
"../../../Engine/Content/EngineMaterials/Substrate/Glints2/dict_0004_0118.uasset" 8593
"/Engine/EngineMaterials/Substrate/Glints2/dict_0004_0135" 8594
"../../../Engine/Content/EngineMaterials/Substrate/Glints2/dict_0004_0125.uasset" 8595
"../../../Engine/Content/EngineMaterials/Substrate/Glints2/dict_0004_0122.uasset" 8596
"../../../Engine/Content/EngineMaterials/Substrate/Glints2/dict_0004_0121.uasset" 8597
"../../../Engine/Content/EngineMaterials/Substrate/Glints2/dict_0004_0124.uasset" 8598
"../../../Engine/Content/EngineMaterials/Substrate/Glints2/dict_0004_0116.uasset" 8599
"../../../Engine/Content/EngineMaterials/Substrate/Glints2/dict_0004_0119.uasset" 8600
"../../../Engine/Content/EngineMaterials/Substrate/Glints2/dict_0004_0117.uasset" 8601
"/Engine/EngineMaterials/Substrate/Glints2/dict_0004_0136" 8602
"/Engine/EngineMaterials/Substrate/Glints2/dict_0004_0137" 8603
"/Engine/EngineMaterials/Substrate/Glints2/dict_0004_0138" 8604
"/Engine/EngineMaterials/Substrate/Glints2/dict_0004_0139" 8605
"/Engine/EngineMaterials/Substrate/Glints2/dict_0004_0140" 8606
"/Engine/EngineMaterials/Substrate/Glints2/dict_0004_0141" 8607
"/Engine/EngineMaterials/Substrate/Glints2/dict_0004_0142" 8608
"/Engine/EngineMaterials/Substrate/Glints2/dict_0004_0143" 8609
"/Engine/EngineMaterials/Substrate/Glints2/dict_0004_0144" 8610
"/Engine/EngineMaterials/Substrate/Glints2/dict_0004_0145" 8611
"/Engine/EngineMaterials/Substrate/Glints2/dict_0004_0146" 8612
"/Engine/EngineMaterials/Substrate/Glints2/dict_0004_0147" 8613
"/Engine/EngineMaterials/Substrate/Glints2/dict_0004_0116" 8614
"../../../Engine/Content/EngineMaterials/Substrate/Glints2/dict_0004_0114.uasset" 8615
"../../../Engine/Content/EngineMaterials/Substrate/Glints2/dict_0004_0115.uasset" 8616
"../../../Engine/Content/EngineMaterials/Substrate/Glints2/dict_0004_0107.uasset" 8617
"../../../Engine/Content/EngineMaterials/Substrate/Glints2/dict_0004_0113.uasset" 8618
"../../../Engine/Content/EngineMaterials/Substrate/Glints2/dict_0004_0106.uasset" 8619
"../../../Engine/Content/EngineMaterials/Substrate/Glints2/dict_0004_0108.uasset" 8620
"/Engine/EngineMaterials/Substrate/Glints2/dict_0004_0117" 8621
"../../../Engine/Content/EngineMaterials/Substrate/Glints2/dict_0004_0105.uasset" 8622
"../../../Engine/Content/EngineMaterials/Substrate/Glints2/dict_0004_0104.uasset" 8623
"../../../Engine/Content/EngineMaterials/Substrate/Glints2/dict_0004_0103.uasset" 8624
"../../../Engine/Content/EngineMaterials/Substrate/Glints2/dict_0004_0109.uasset" 8625
"../../../Engine/Content/EngineMaterials/Substrate/Glints2/dict_0004_0110.uasset" 8626
"../../../Engine/Content/EngineMaterials/Substrate/Glints2/dict_0004_0112.uasset" 8627
"../../../Engine/Content/EngineMaterials/Substrate/Glints2/dict_0004_0111.uasset" 8628
"../../../Engine/Content/EngineMaterials/Substrate/Glints2/dict_0004_0102.uasset" 8629
"/Engine/EngineMaterials/Substrate/Glints2/dict_0004_0118" 8630
"/Engine/EngineMaterials/Substrate/Glints2/dict_0004_0119" 8631
"/Engine/EngineMaterials/Substrate/Glints2/dict_0004_0120" 8632
"/Engine/EngineMaterials/Substrate/Glints2/dict_0004_0121" 8633
"/Engine/EngineMaterials/Substrate/Glints2/dict_0004_0122" 8634
"/Engine/EngineMaterials/Substrate/Glints2/dict_0004_0123" 8635
"/Engine/EngineMaterials/Substrate/Glints2/dict_0004_0124" 8636
"/Engine/EngineMaterials/Substrate/Glints2/dict_0004_0125" 8637
"/Engine/EngineMaterials/Substrate/Glints2/dict_0004_0126" 8638
"/Engine/EngineMaterials/Substrate/Glints2/dict_0004_0127" 8639
"/Engine/EngineMaterials/Substrate/Glints2/dict_0004_0128" 8640
"/Engine/EngineMaterials/Substrate/Glints2/dict_0004_0129" 8641
"/Engine/EngineMaterials/Substrate/Glints2/dict_0004_0130" 8642
"/Engine/EngineMaterials/Substrate/Glints2/dict_0004_0131" 8643
"/Engine/EngineMaterials/Substrate/Glints2/dict_0004_0132" 8644
"/Engine/EngineMaterials/Substrate/Glints2/dict_0004_0133" 8645
"/Engine/EngineMaterials/Substrate/Glints2/dict_0004_0102" 8646
"../../../Engine/Content/EngineMaterials/Substrate/Glints2/dict_0004_0101.uasset" 8647
"../../../Engine/Content/EngineMaterials/Substrate/Glints2/dict_0004_0100.uasset" 8648
"../../../Engine/Content/EngineMaterials/Substrate/Glints2/dict_0004_0099.uasset" 8649
"../../../Engine/Content/EngineMaterials/Substrate/Glints2/dict_0004_0088.uasset" 8650
"/Engine/EngineMaterials/Substrate/Glints2/dict_0004_0103" 8651
"../../../Engine/Content/EngineMaterials/Substrate/Glints2/dict_0004_0086.uasset" 8652
"../../../Engine/Content/EngineMaterials/Substrate/Glints2/dict_0004_0098.uasset" 8653
"../../../Engine/Content/EngineMaterials/Substrate/Glints2/dict_0004_0097.uasset" 8654
"../../../Engine/Content/EngineMaterials/Substrate/Glints2/dict_0004_0094.uasset" 8655
"../../../Engine/Content/EngineMaterials/Substrate/Glints2/dict_0004_0087.uasset" 8656
"../../../Engine/Content/EngineMaterials/Substrate/Glints2/dict_0004_0090.uasset" 8657
"/Engine/EngineMaterials/Substrate/Glints2/dict_0004_0104" 8658
"../../../Engine/Content/EngineMaterials/Substrate/Glints2/dict_0004_0095.uasset" 8659
"../../../Engine/Content/EngineMaterials/Substrate/Glints2/dict_0004_0084.uasset" 8660
"../../../Engine/Content/EngineMaterials/Substrate/Glints2/dict_0004_0092.uasset" 8661
"../../../Engine/Content/EngineMaterials/Substrate/Glints2/dict_0004_0089.uasset" 8662
"../../../Engine/Content/EngineMaterials/Substrate/Glints2/dict_0004_0096.uasset" 8663
"../../../Engine/Content/EngineMaterials/Substrate/Glints2/dict_0004_0093.uasset" 8664
"../../../Engine/Content/EngineMaterials/Substrate/Glints2/dict_0004_0085.uasset" 8665
"../../../Engine/Content/EngineMaterials/Substrate/Glints2/dict_0004_0091.uasset" 8666
"/Engine/EngineMaterials/Substrate/Glints2/dict_0004_0105" 8667
"/Engine/EngineMaterials/Substrate/Glints2/dict_0004_0106" 8668
"/Engine/EngineMaterials/Substrate/Glints2/dict_0004_0107" 8669
"/Engine/EngineMaterials/Substrate/Glints2/dict_0004_0108" 8670
"/Engine/EngineMaterials/Substrate/Glints2/dict_0004_0109" 8671
"/Engine/EngineMaterials/Substrate/Glints2/dict_0004_0110" 8672
"/Engine/EngineMaterials/Substrate/Glints2/dict_0004_0111" 8673
"/Engine/EngineMaterials/Substrate/Glints2/dict_0004_0112" 8674
"/Engine/EngineMaterials/Substrate/Glints2/dict_0004_0113" 8675
"/Engine/EngineMaterials/Substrate/Glints2/dict_0004_0114" 8676
"/Engine/EngineMaterials/Substrate/Glints2/dict_0004_0115" 8677
"/Engine/EngineMaterials/Substrate/Glints2/dict_0004_0084" 8678
"../../../Engine/Content/EngineMaterials/Substrate/Glints2/dict_0004_0083.uasset" 8679
"../../../Engine/Content/EngineMaterials/Substrate/Glints2/dict_0004_0082.uasset" 8680
"/Engine/EngineMaterials/Substrate/Glints2/dict_0004_0085" 8681
"../../../Engine/Content/EngineMaterials/Substrate/Glints2/dict_0004_0080.uasset" 8682
"../../../Engine/Content/EngineMaterials/Substrate/Glints2/dict_0004_0078.uasset" 8683
"../../../Engine/Content/EngineMaterials/Substrate/Glints2/dict_0004_0079.uasset" 8684
"../../../Engine/Content/EngineMaterials/Substrate/Glints2/dict_0004_0077.uasset" 8685
"../../../Engine/Content/EngineMaterials/Substrate/Glints2/dict_0004_0076.uasset" 8686
"../../../Engine/Content/EngineMaterials/Substrate/Glints2/dict_0004_0081.uasset" 8687
"/Engine/EngineMaterials/Substrate/Glints2/dict_0004_0086" 8688
"../../../Engine/Content/EngineMaterials/Substrate/Glints2/dict_0004_0070.uasset" 8689
"../../../Engine/Content/EngineMaterials/Substrate/Glints2/dict_0004_0071.uasset" 8690
"../../../Engine/Content/EngineMaterials/Substrate/Glints2/dict_0004_0072.uasset" 8691
"../../../Engine/Content/EngineMaterials/Substrate/Glints2/dict_0004_0074.uasset" 8692
"../../../Engine/Content/EngineMaterials/Substrate/Glints2/dict_0004_0075.uasset" 8693
"../../../Engine/Content/EngineMaterials/Substrate/Glints2/dict_0004_0073.uasset" 8694
"/Engine/EngineMaterials/Substrate/Glints2/dict_0004_0087" 8695
"/Engine/EngineMaterials/Substrate/Glints2/dict_0004_0088" 8696
"/Engine/EngineMaterials/Substrate/Glints2/dict_0004_0089" 8697
"/Engine/EngineMaterials/Substrate/Glints2/dict_0004_0090" 8698
"/Engine/EngineMaterials/Substrate/Glints2/dict_0004_0091" 8699
"/Engine/EngineMaterials/Substrate/Glints2/dict_0004_0092" 8700
"/Engine/EngineMaterials/Substrate/Glints2/dict_0004_0093" 8701
"/Engine/EngineMaterials/Substrate/Glints2/dict_0004_0094" 8702
"/Engine/EngineMaterials/Substrate/Glints2/dict_0004_0095" 8703
"/Engine/EngineMaterials/Substrate/Glints2/dict_0004_0096" 8704
"/Engine/EngineMaterials/Substrate/Glints2/dict_0004_0097" 8705
"/Engine/EngineMaterials/Substrate/Glints2/dict_0004_0098" 8706
"/Engine/EngineMaterials/Substrate/Glints2/dict_0004_0099" 8707
"/Engine/EngineMaterials/Substrate/Glints2/dict_0004_0100" 8708
"/Engine/EngineMaterials/Substrate/Glints2/dict_0004_0101" 8709
"/Engine/EngineMaterials/Substrate/Glints2/dict_0004_0070" 8710
"../../../Engine/Content/EngineMaterials/Substrate/Glints2/dict_0004_0065.uasset" 8711
"../../../Engine/Content/EngineMaterials/Substrate/Glints2/dict_0004_0068.uasset" 8712
"../../../Engine/Content/EngineMaterials/Substrate/Glints2/dict_0004_0064.uasset" 8713
"../../../Engine/Content/EngineMaterials/Substrate/Glints2/dict_0004_0069.uasset" 8714
"../../../Engine/Content/EngineMaterials/Substrate/Glints2/dict_0004_0058.uasset" 8715
"../../../Engine/Content/EngineMaterials/Substrate/Glints2/dict_0004_0062.uasset" 8716
"../../../Engine/Content/EngineMaterials/Substrate/Glints2/dict_0004_0063.uasset" 8717
"/Engine/EngineMaterials/Substrate/Glints2/dict_0004_0071" 8718
"../../../Engine/Content/EngineMaterials/Substrate/Glints2/dict_0004_0060.uasset" 8719
"../../../Engine/Content/EngineMaterials/Substrate/Glints2/dict_0004_0067.uasset" 8720
"../../../Engine/Content/EngineMaterials/Substrate/Glints2/dict_0004_0061.uasset" 8721
"../../../Engine/Content/EngineMaterials/Substrate/Glints2/dict_0004_0053.uasset" 8722
"../../../Engine/Content/EngineMaterials/Substrate/Glints2/dict_0004_0052.uasset" 8723
"../../../Engine/Content/EngineMaterials/Substrate/Glints2/dict_0004_0057.uasset" 8724
"../../../Engine/Content/EngineMaterials/Substrate/Glints2/dict_0004_0054.uasset" 8725
"../../../Engine/Content/EngineMaterials/Substrate/Glints2/dict_0004_0066.uasset" 8726
"../../../Engine/Content/EngineMaterials/Substrate/Glints2/dict_0004_0056.uasset" 8727
"../../../Engine/Content/EngineMaterials/Substrate/Glints2/dict_0004_0055.uasset" 8728
"../../../Engine/Content/EngineMaterials/Substrate/Glints2/dict_0004_0059.uasset" 8729
"/Engine/EngineMaterials/Substrate/Glints2/dict_0004_0072" 8730
"/Engine/EngineMaterials/Substrate/Glints2/dict_0004_0073" 8731
"/Engine/EngineMaterials/Substrate/Glints2/dict_0004_0074" 8732
"/Engine/EngineMaterials/Substrate/Glints2/dict_0004_0075" 8733
"/Engine/EngineMaterials/Substrate/Glints2/dict_0004_0076" 8734
"/Engine/EngineMaterials/Substrate/Glints2/dict_0004_0077" 8735
"/Engine/EngineMaterials/Substrate/Glints2/dict_0004_0078" 8736
"/Engine/EngineMaterials/Substrate/Glints2/dict_0004_0079" 8737
"/Engine/EngineMaterials/Substrate/Glints2/dict_0004_0080" 8738
"/Engine/EngineMaterials/Substrate/Glints2/dict_0004_0081" 8739
"/Engine/EngineMaterials/Substrate/Glints2/dict_0004_0082" 8740
"/Engine/EngineMaterials/Substrate/Glints2/dict_0004_0083" 8741
"../../../Engine/Content/EngineMaterials/Substrate/Glints2/dict_0004_0051.uasset" 8742
"../../../Engine/Content/EngineMaterials/Substrate/Glints2/dict_0004_0050.uasset" 8743
"../../../Engine/Content/EngineMaterials/Substrate/Glints2/dict_0004_0048.uasset" 8744
"/Engine/EngineMaterials/Substrate/Glints2/dict_0004_0052" 8745
"../../../Engine/Content/EngineMaterials/Substrate/Glints2/dict_0004_0049.uasset" 8746
"../../../Engine/Content/EngineMaterials/Substrate/Glints2/dict_0004_0047.uasset" 8747
"../../../Engine/Content/EngineMaterials/Substrate/Glints2/dict_0004_0040.uasset" 8748
"../../../Engine/Content/EngineMaterials/Substrate/Glints2/dict_0004_0044.uasset" 8749
"../../../Engine/Content/EngineMaterials/Substrate/Glints2/dict_0004_0042.uasset" 8750
"../../../Engine/Content/EngineMaterials/Substrate/Glints2/dict_0004_0046.uasset" 8751
"../../../Engine/Content/EngineMaterials/Substrate/Glints2/dict_0004_0045.uasset" 8752
"../../../Engine/Content/EngineMaterials/Substrate/Glints2/dict_0004_0041.uasset" 8753
"../../../Engine/Content/EngineMaterials/Substrate/Glints2/dict_0004_0043.uasset" 8754
"../../../Engine/Content/EngineMaterials/Substrate/Glints2/dict_0004_0038.uasset" 8755
"/Engine/EngineMaterials/Substrate/Glints2/dict_0004_0053" 8756
"../../../Engine/Content/EngineMaterials/Substrate/Glints2/dict_0004_0039.uasset" 8757
"/Engine/EngineMaterials/Substrate/Glints2/dict_0004_0054" 8758
"/Engine/EngineMaterials/Substrate/Glints2/dict_0004_0055" 8759
"/Engine/EngineMaterials/Substrate/Glints2/dict_0004_0056" 8760
"/Engine/EngineMaterials/Substrate/Glints2/dict_0004_0057" 8761
"/Engine/EngineMaterials/Substrate/Glints2/dict_0004_0058" 8762
"/Engine/EngineMaterials/Substrate/Glints2/dict_0004_0059" 8763
"/Engine/EngineMaterials/Substrate/Glints2/dict_0004_0060" 8764
"/Engine/EngineMaterials/Substrate/Glints2/dict_0004_0061" 8765
"/Engine/EngineMaterials/Substrate/Glints2/dict_0004_0062" 8766
"/Engine/EngineMaterials/Substrate/Glints2/dict_0004_0063" 8767
"/Engine/EngineMaterials/Substrate/Glints2/dict_0004_0064" 8768
"/Engine/EngineMaterials/Substrate/Glints2/dict_0004_0065" 8769
"/Engine/EngineMaterials/Substrate/Glints2/dict_0004_0066" 8770
"/Engine/EngineMaterials/Substrate/Glints2/dict_0004_0067" 8771
"/Engine/EngineMaterials/Substrate/Glints2/dict_0004_0068" 8772
"/Engine/EngineMaterials/Substrate/Glints2/dict_0004_0069" 8773
"../../../Engine/Content/EngineMaterials/Substrate/Glints2/dict_0004_0037.uasset" 8774
"/Engine/EngineMaterials/Substrate/Glints2/dict_0004_0038" 8775
"../../../Engine/Content/EngineMaterials/Substrate/Glints2/dict_0004_0035.uasset" 8776
"../../../Engine/Content/EngineMaterials/Substrate/Glints2/dict_0004_0034.uasset" 8777
"../../../Engine/Content/EngineMaterials/Substrate/Glints2/dict_0004_0036.uasset" 8778
"../../../Engine/Content/EngineMaterials/Substrate/Glints2/dict_0004_0032.uasset" 8779
"../../../Engine/Content/EngineMaterials/Substrate/Glints2/dict_0004_0031.uasset" 8780
"../../../Engine/Content/EngineMaterials/Substrate/Glints2/dict_0004_0033.uasset" 8781
"../../../Engine/Content/EngineMaterials/Substrate/Glints2/dict_0004_0027.uasset" 8782
"/Engine/EngineMaterials/Substrate/Glints2/dict_0004_0039" 8783
"../../../Engine/Content/EngineMaterials/Substrate/Glints2/dict_0004_0030.uasset" 8784
"../../../Engine/Content/EngineMaterials/Substrate/Glints2/dict_0004_0025.uasset" 8785
"../../../Engine/Content/EngineMaterials/Substrate/Glints2/dict_0004_0022.uasset" 8786
"../../../Engine/Content/EngineMaterials/Substrate/Glints2/dict_0004_0024.uasset" 8787
"../../../Engine/Content/EngineMaterials/Substrate/Glints2/dict_0004_0029.uasset" 8788
"../../../Engine/Content/EngineMaterials/Substrate/Glints2/dict_0004_0028.uasset" 8789
"../../../Engine/Content/EngineMaterials/Substrate/Glints2/dict_0004_0021.uasset" 8790
"../../../Engine/Content/EngineMaterials/Substrate/Glints2/dict_0004_0020.uasset" 8791
"../../../Engine/Content/EngineMaterials/Substrate/Glints2/dict_0004_0026.uasset" 8792
"../../../Engine/Content/EngineMaterials/Substrate/Glints2/dict_0004_0023.uasset" 8793
"/Engine/EngineMaterials/Substrate/Glints2/dict_0004_0040" 8794
"/Engine/EngineMaterials/Substrate/Glints2/dict_0004_0041" 8795
"/Engine/EngineMaterials/Substrate/Glints2/dict_0004_0042" 8796
"/Engine/EngineMaterials/Substrate/Glints2/dict_0004_0043" 8797
"/Engine/EngineMaterials/Substrate/Glints2/dict_0004_0044" 8798
"/Engine/EngineMaterials/Substrate/Glints2/dict_0004_0045" 8799
"/Engine/EngineMaterials/Substrate/Glints2/dict_0004_0046" 8800
"/Engine/EngineMaterials/Substrate/Glints2/dict_0004_0047" 8801
"/Engine/EngineMaterials/Substrate/Glints2/dict_0004_0048" 8802
"/Engine/EngineMaterials/Substrate/Glints2/dict_0004_0049" 8803
"/Engine/EngineMaterials/Substrate/Glints2/dict_0004_0050" 8804
"/Engine/EngineMaterials/Substrate/Glints2/dict_0004_0051" 8805
"../../../Engine/Content/EngineMaterials/Substrate/Glints2/dict_0004_0017.uasset" 8806
"../../../Engine/Content/EngineMaterials/Substrate/Glints2/dict_0004_0016.uasset" 8807
"/Engine/EngineMaterials/Substrate/Glints2/dict_0004_0020" 8808
"../../../Engine/Content/EngineMaterials/Substrate/Glints2/dict_0004_0019.uasset" 8809
"../../../Engine/Content/EngineMaterials/Substrate/Glints2/dict_0004_0015.uasset" 8810
"../../../Engine/Content/EngineMaterials/Substrate/Glints2/dict_0004_0018.uasset" 8811
"../../../Engine/Content/EngineMaterials/Substrate/Glints2/dict_0004_0012.uasset" 8812
"../../../Engine/Content/EngineMaterials/Substrate/Glints2/dict_0004_0009.uasset" 8813
"../../../Engine/Content/EngineMaterials/Substrate/Glints2/dict_0004_0010.uasset" 8814
"../../../Engine/Content/EngineMaterials/Substrate/Glints2/dict_0004_0013.uasset" 8815
"../../../Engine/Content/EngineMaterials/Substrate/Glints2/dict_0004_0011.uasset" 8816
"../../../Engine/Content/EngineMaterials/Substrate/Glints2/dict_0004_0007.uasset" 8817
"/Engine/EngineMaterials/Substrate/Glints2/dict_0004_0021" 8818
"../../../Engine/Content/EngineMaterials/Substrate/Glints2/dict_0004_0014.uasset" 8819
"../../../Engine/Content/EngineMaterials/Substrate/Glints2/dict_0004_0008.uasset" 8820
"../../../Engine/Content/EngineMaterials/Substrate/Glints2/dict_0004_0006.uasset" 8821
"/Engine/EngineMaterials/Substrate/Glints2/dict_0004_0022" 8822
"/Engine/EngineMaterials/Substrate/Glints2/dict_0004_0023" 8823
"/Engine/EngineMaterials/Substrate/Glints2/dict_0004_0024" 8824
"/Engine/EngineMaterials/Substrate/Glints2/dict_0004_0025" 8825
"/Engine/EngineMaterials/Substrate/Glints2/dict_0004_0026" 8826
"/Engine/EngineMaterials/Substrate/Glints2/dict_0004_0027" 8827
"/Engine/EngineMaterials/Substrate/Glints2/dict_0004_0028" 8828
"/Engine/EngineMaterials/Substrate/Glints2/dict_0004_0029" 8829
"/Engine/EngineMaterials/Substrate/Glints2/dict_0004_0030" 8830
"/Engine/EngineMaterials/Substrate/Glints2/dict_0004_0031" 8831
"/Engine/EngineMaterials/Substrate/Glints2/dict_0004_0032" 8832
"/Engine/EngineMaterials/Substrate/Glints2/dict_0004_0033" 8833
"/Engine/EngineMaterials/Substrate/Glints2/dict_0004_0034" 8834
"/Engine/EngineMaterials/Substrate/Glints2/dict_0004_0035" 8835
"/Engine/EngineMaterials/Substrate/Glints2/dict_0004_0036" 8836
"/Engine/EngineMaterials/Substrate/Glints2/dict_0004_0037" 8837
"../../../Engine/Content/EngineMaterials/Substrate/Glints2/dict_0004_0005.uasset" 8838
"/Engine/EngineMaterials/Substrate/Glints2/dict_0004_0006" 8839
"../../../Engine/Content/EngineMaterials/Substrate/Glints2/dict_0004_0004.uasset" 8840
"../../../Engine/Content/EngineMaterials/Substrate/Glints2/dict_0004_0002.uasset" 8841
"../../../Engine/Content/EngineMaterials/Substrate/Glints2/dict_0003_0254.uasset" 8842
"../../../Engine/Content/EngineMaterials/Substrate/Glints2/dict_0004_0001.uasset" 8843
"/Engine/EngineMaterials/Substrate/Glints2/dict_0004_0007" 8844
"../../../Engine/Content/EngineMaterials/Substrate/Glints2/dict_0003_0253.uasset" 8845
"../../../Engine/Content/EngineMaterials/Substrate/Glints2/dict_0004_0000.uasset" 8846
"../../../Engine/Content/EngineMaterials/Substrate/Glints2/dict_0004_0003.uasset" 8847
"../../../Engine/Content/EngineMaterials/Substrate/Glints2/dict_0003_0249.uasset" 8848
"../../../Engine/Content/EngineMaterials/Substrate/Glints2/dict_0003_0250.uasset" 8849
"../../../Engine/Content/EngineMaterials/Substrate/Glints2/dict_0003_0246.uasset" 8850
"../../../Engine/Content/EngineMaterials/Substrate/Glints2/dict_0003_0251.uasset" 8851
"../../../Engine/Content/EngineMaterials/Substrate/Glints2/dict_0003_0247.uasset" 8852
"../../../Engine/Content/EngineMaterials/Substrate/Glints2/dict_0003_0255.uasset" 8853
"../../../Engine/Content/EngineMaterials/Substrate/Glints2/dict_0003_0252.uasset" 8854
"/Engine/EngineMaterials/Substrate/Glints2/dict_0004_0008" 8855
"../../../Engine/Content/EngineMaterials/Substrate/Glints2/dict_0003_0244.uasset" 8856
"../../../Engine/Content/EngineMaterials/Substrate/Glints2/dict_0003_0248.uasset" 8857
"../../../Engine/Content/EngineMaterials/Substrate/Glints2/dict_0003_0245.uasset" 8858
"/Engine/EngineMaterials/Substrate/Glints2/dict_0004_0009" 8859
"/Engine/EngineMaterials/Substrate/Glints2/dict_0004_0010" 8860
"/Engine/EngineMaterials/Substrate/Glints2/dict_0004_0011" 8861
"/Engine/EngineMaterials/Substrate/Glints2/dict_0004_0012" 8862
"/Engine/EngineMaterials/Substrate/Glints2/dict_0004_0013" 8863
"/Engine/EngineMaterials/Substrate/Glints2/dict_0004_0014" 8864
"/Engine/EngineMaterials/Substrate/Glints2/dict_0004_0015" 8865
"/Engine/EngineMaterials/Substrate/Glints2/dict_0004_0016" 8866
"/Engine/EngineMaterials/Substrate/Glints2/dict_0004_0017" 8867
"/Engine/EngineMaterials/Substrate/Glints2/dict_0004_0018" 8868
"/Engine/EngineMaterials/Substrate/Glints2/dict_0004_0019" 8869
"../../../Engine/Content/EngineMaterials/Substrate/Glints2/dict_0003_0243.uasset" 8870
"/Engine/EngineMaterials/Substrate/Glints2/dict_0003_0244" 8871
"../../../Engine/Content/EngineMaterials/Substrate/Glints2/dict_0003_0241.uasset" 8872
"../../../Engine/Content/EngineMaterials/Substrate/Glints2/dict_0003_0239.uasset" 8873
"../../../Engine/Content/EngineMaterials/Substrate/Glints2/dict_0003_0240.uasset" 8874
"../../../Engine/Content/EngineMaterials/Substrate/Glints2/dict_0003_0242.uasset" 8875
"../../../Engine/Content/EngineMaterials/Substrate/Glints2/dict_0003_0237.uasset" 8876
"../../../Engine/Content/EngineMaterials/Substrate/Glints2/dict_0003_0238.uasset" 8877
"../../../Engine/Content/EngineMaterials/Substrate/Glints2/dict_0003_0234.uasset" 8878
"/Engine/EngineMaterials/Substrate/Glints2/dict_0003_0245" 8879
"../../../Engine/Content/EngineMaterials/Substrate/Glints2/dict_0003_0235.uasset" 8880
"../../../Engine/Content/EngineMaterials/Substrate/Glints2/dict_0003_0232.uasset" 8881
"../../../Engine/Content/EngineMaterials/Substrate/Glints2/dict_0003_0236.uasset" 8882
"../../../Engine/Content/EngineMaterials/Substrate/Glints2/dict_0003_0233.uasset" 8883
"../../../Engine/Content/EngineMaterials/Substrate/Glints2/dict_0003_0231.uasset" 8884
"/Engine/EngineMaterials/Substrate/Glints2/dict_0003_0246" 8885
"../../../Engine/Content/EngineMaterials/Substrate/Glints2/dict_0003_0230.uasset" 8886
"/Engine/EngineMaterials/Substrate/Glints2/dict_0003_0247" 8887
"/Engine/EngineMaterials/Substrate/Glints2/dict_0003_0248" 8888
"/Engine/EngineMaterials/Substrate/Glints2/dict_0003_0249" 8889
"/Engine/EngineMaterials/Substrate/Glints2/dict_0003_0250" 8890
"/Engine/EngineMaterials/Substrate/Glints2/dict_0003_0251" 8891
"/Engine/EngineMaterials/Substrate/Glints2/dict_0003_0252" 8892
"/Engine/EngineMaterials/Substrate/Glints2/dict_0003_0253" 8893
"/Engine/EngineMaterials/Substrate/Glints2/dict_0003_0254" 8894
"/Engine/EngineMaterials/Substrate/Glints2/dict_0003_0255" 8895
"/Engine/EngineMaterials/Substrate/Glints2/dict_0004_0000" 8896
"/Engine/EngineMaterials/Substrate/Glints2/dict_0004_0001" 8897
"/Engine/EngineMaterials/Substrate/Glints2/dict_0004_0002" 8898
"/Engine/EngineMaterials/Substrate/Glints2/dict_0004_0003" 8899
"/Engine/EngineMaterials/Substrate/Glints2/dict_0004_0004" 8900
"/Engine/EngineMaterials/Substrate/Glints2/dict_0004_0005" 8901
"../../../Engine/Content/EngineMaterials/Substrate/Glints2/dict_0003_0229.uasset" 8902
"/Engine/EngineMaterials/Substrate/Glints2/dict_0003_0230" 8903
"../../../Engine/Content/EngineMaterials/Substrate/Glints2/dict_0003_0219.uasset" 8904
"../../../Engine/Content/EngineMaterials/Substrate/Glints2/dict_0003_0222.uasset" 8905
"../../../Engine/Content/EngineMaterials/Substrate/Glints2/dict_0003_0225.uasset" 8906
"../../../Engine/Content/EngineMaterials/Substrate/Glints2/dict_0003_0218.uasset" 8907
"/Engine/EngineMaterials/Substrate/Glints2/dict_0003_0231" 8908
"../../../Engine/Content/EngineMaterials/Substrate/Glints2/dict_0003_0224.uasset" 8909
"../../../Engine/Content/EngineMaterials/Substrate/Glints2/dict_0003_0223.uasset" 8910
"/Engine/EngineMaterials/Substrate/Glints2/dict_0003_0232" 8911
"../../../Engine/Content/EngineMaterials/Substrate/Glints2/dict_0003_0226.uasset" 8912
"../../../Engine/Content/EngineMaterials/Substrate/Glints2/dict_0003_0228.uasset" 8913
"../../../Engine/Content/EngineMaterials/Substrate/Glints2/dict_0003_0227.uasset" 8914
"../../../Engine/Content/EngineMaterials/Substrate/Glints2/dict_0003_0216.uasset" 8915
"../../../Engine/Content/EngineMaterials/Substrate/Glints2/dict_0003_0213.uasset" 8916
"../../../Engine/Content/EngineMaterials/Substrate/Glints2/dict_0003_0217.uasset" 8917
"../../../Engine/Content/EngineMaterials/Substrate/Glints2/dict_0003_0212.uasset" 8918
"/Engine/EngineMaterials/Substrate/Glints2/dict_0003_0233" 8919
"../../../Engine/Content/EngineMaterials/Substrate/Glints2/dict_0003_0220.uasset" 8920
"../../../Engine/Content/EngineMaterials/Substrate/Glints2/dict_0003_0215.uasset" 8921
"../../../Engine/Content/EngineMaterials/Substrate/Glints2/dict_0003_0221.uasset" 8922
"../../../Engine/Content/EngineMaterials/Substrate/Glints2/dict_0003_0214.uasset" 8923
"/Engine/EngineMaterials/Substrate/Glints2/dict_0003_0234" 8924
"/Engine/EngineMaterials/Substrate/Glints2/dict_0003_0235" 8925
"/Engine/EngineMaterials/Substrate/Glints2/dict_0003_0236" 8926
"/Engine/EngineMaterials/Substrate/Glints2/dict_0003_0237" 8927
"/Engine/EngineMaterials/Substrate/Glints2/dict_0003_0238" 8928
"/Engine/EngineMaterials/Substrate/Glints2/dict_0003_0239" 8929
"/Engine/EngineMaterials/Substrate/Glints2/dict_0003_0240" 8930
"/Engine/EngineMaterials/Substrate/Glints2/dict_0003_0241" 8931
"/Engine/EngineMaterials/Substrate/Glints2/dict_0003_0242" 8932
"/Engine/EngineMaterials/Substrate/Glints2/dict_0003_0243" 8933
"/Engine/EngineMaterials/Substrate/Glints2/dict_0003_0212" 8934
"../../../Engine/Content/EngineMaterials/Substrate/Glints2/dict_0003_0211.uasset" 8935
"../../../Engine/Content/EngineMaterials/Substrate/Glints2/dict_0003_0206.uasset" 8936
"../../../Engine/Content/EngineMaterials/Substrate/Glints2/dict_0003_0210.uasset" 8937
"../../../Engine/Content/EngineMaterials/Substrate/Glints2/dict_0003_0204.uasset" 8938
"../../../Engine/Content/EngineMaterials/Substrate/Glints2/dict_0003_0209.uasset" 8939
"/Engine/EngineMaterials/Substrate/Glints2/dict_0003_0213" 8940
"../../../Engine/Content/EngineMaterials/Substrate/Glints2/dict_0003_0201.uasset" 8941
"../../../Engine/Content/EngineMaterials/Substrate/Glints2/dict_0003_0208.uasset" 8942
"../../../Engine/Content/EngineMaterials/Substrate/Glints2/dict_0003_0202.uasset" 8943
"../../../Engine/Content/EngineMaterials/Substrate/Glints2/dict_0003_0207.uasset" 8944
"../../../Engine/Content/EngineMaterials/Substrate/Glints2/dict_0003_0199.uasset" 8945
"../../../Engine/Content/EngineMaterials/Substrate/Glints2/dict_0003_0200.uasset" 8946
"../../../Engine/Content/EngineMaterials/Substrate/Glints2/dict_0003_0203.uasset" 8947
"/Engine/EngineMaterials/Substrate/Glints2/dict_0003_0214" 8948
"../../../Engine/Content/EngineMaterials/Substrate/Glints2/dict_0003_0198.uasset" 8949
"../../../Engine/Content/EngineMaterials/Substrate/Glints2/dict_0003_0205.uasset" 8950
"/Engine/EngineMaterials/Substrate/Glints2/dict_0003_0215" 8951
"/Engine/EngineMaterials/Substrate/Glints2/dict_0003_0216" 8952
"/Engine/EngineMaterials/Substrate/Glints2/dict_0003_0217" 8953
"/Engine/EngineMaterials/Substrate/Glints2/dict_0003_0218" 8954
"/Engine/EngineMaterials/Substrate/Glints2/dict_0003_0219" 8955
"/Engine/EngineMaterials/Substrate/Glints2/dict_0003_0220" 8956
"/Engine/EngineMaterials/Substrate/Glints2/dict_0003_0221" 8957
"/Engine/EngineMaterials/Substrate/Glints2/dict_0003_0222" 8958
"/Engine/EngineMaterials/Substrate/Glints2/dict_0003_0223" 8959
"/Engine/EngineMaterials/Substrate/Glints2/dict_0003_0224" 8960
"/Engine/EngineMaterials/Substrate/Glints2/dict_0003_0225" 8961
"/Engine/EngineMaterials/Substrate/Glints2/dict_0003_0226" 8962
"/Engine/EngineMaterials/Substrate/Glints2/dict_0003_0227" 8963
"/Engine/EngineMaterials/Substrate/Glints2/dict_0003_0228" 8964
"/Engine/EngineMaterials/Substrate/Glints2/dict_0003_0229" 8965
"../../../Engine/Content/EngineMaterials/Substrate/Glints2/dict_0003_0197.uasset" 8966
"../../../Engine/Content/EngineMaterials/Substrate/Glints2/dict_0003_0196.uasset" 8967
"../../../Engine/Content/EngineMaterials/Substrate/Glints2/dict_0003_0194.uasset" 8968
"../../../Engine/Content/EngineMaterials/Substrate/Glints2/dict_0003_0192.uasset" 8969
"/Engine/EngineMaterials/Substrate/Glints2/dict_0003_0198" 8970
"../../../Engine/Content/EngineMaterials/Substrate/Glints2/dict_0003_0184.uasset" 8971
"../../../Engine/Content/EngineMaterials/Substrate/Glints2/dict_0003_0193.uasset" 8972
"../../../Engine/Content/EngineMaterials/Substrate/Glints2/dict_0003_0195.uasset" 8973
"../../../Engine/Content/EngineMaterials/Substrate/Glints2/dict_0003_0191.uasset" 8974
"../../../Engine/Content/EngineMaterials/Substrate/Glints2/dict_0003_0182.uasset" 8975
"../../../Engine/Content/EngineMaterials/Substrate/Glints2/dict_0003_0188.uasset" 8976
"../../../Engine/Content/EngineMaterials/Substrate/Glints2/dict_0003_0190.uasset" 8977
"../../../Engine/Content/EngineMaterials/Substrate/Glints2/dict_0003_0186.uasset" 8978
"../../../Engine/Content/EngineMaterials/Substrate/Glints2/dict_0003_0187.uasset" 8979
"../../../Engine/Content/EngineMaterials/Substrate/Glints2/dict_0003_0189.uasset" 8980
"../../../Engine/Content/EngineMaterials/Substrate/Glints2/dict_0003_0183.uasset" 8981
"/Engine/EngineMaterials/Substrate/Glints2/dict_0003_0199" 8982
"../../../Engine/Content/EngineMaterials/Substrate/Glints2/dict_0003_0185.uasset" 8983
"../../../Engine/Content/EngineMaterials/Substrate/Glints2/dict_0003_0181.uasset" 8984
"../../../Engine/Content/EngineMaterials/Substrate/Glints2/dict_0003_0180.uasset" 8985
"/Engine/EngineMaterials/Substrate/Glints2/dict_0003_0200" 8986
"/Engine/EngineMaterials/Substrate/Glints2/dict_0003_0201" 8987
"/Engine/EngineMaterials/Substrate/Glints2/dict_0003_0202" 8988
"/Engine/EngineMaterials/Substrate/Glints2/dict_0003_0203" 8989
"/Engine/EngineMaterials/Substrate/Glints2/dict_0003_0204" 8990
"/Engine/EngineMaterials/Substrate/Glints2/dict_0003_0205" 8991
"/Engine/EngineMaterials/Substrate/Glints2/dict_0003_0206" 8992
"/Engine/EngineMaterials/Substrate/Glints2/dict_0003_0207" 8993
"/Engine/EngineMaterials/Substrate/Glints2/dict_0003_0208" 8994
"/Engine/EngineMaterials/Substrate/Glints2/dict_0003_0209" 8995
"/Engine/EngineMaterials/Substrate/Glints2/dict_0003_0210" 8996
"/Engine/EngineMaterials/Substrate/Glints2/dict_0003_0211" 8997
"../../../Engine/Content/EngineMaterials/Substrate/Glints2/dict_0003_0178.uasset" 8998
"../../../Engine/Content/EngineMaterials/Substrate/Glints2/dict_0003_0175.uasset" 8999
"/Engine/EngineMaterials/Substrate/Glints2/dict_0003_0180" 9000
"../../../Engine/Content/EngineMaterials/Substrate/Glints2/dict_0003_0177.uasset" 9001
"../../../Engine/Content/EngineMaterials/Substrate/Glints2/dict_0003_0174.uasset" 9002
"../../../Engine/Content/EngineMaterials/Substrate/Glints2/dict_0003_0179.uasset" 9003
"../../../Engine/Content/EngineMaterials/Substrate/Glints2/dict_0003_0176.uasset" 9004
"../../../Engine/Content/EngineMaterials/Substrate/Glints2/dict_0003_0172.uasset" 9005
"../../../Engine/Content/EngineMaterials/Substrate/Glints2/dict_0003_0171.uasset" 9006
"../../../Engine/Content/EngineMaterials/Substrate/Glints2/dict_0003_0173.uasset" 9007
"../../../Engine/Content/EngineMaterials/Substrate/Glints2/dict_0003_0167.uasset" 9008
"../../../Engine/Content/EngineMaterials/Substrate/Glints2/dict_0003_0170.uasset" 9009
"../../../Engine/Content/EngineMaterials/Substrate/Glints2/dict_0003_0166.uasset" 9010
"/Engine/EngineMaterials/Substrate/Glints2/dict_0003_0181" 9011
"../../../Engine/Content/EngineMaterials/Substrate/Glints2/dict_0003_0168.uasset" 9012
"../../../Engine/Content/EngineMaterials/Substrate/Glints2/dict_0003_0169.uasset" 9013
"/Engine/EngineMaterials/Substrate/Glints2/dict_0003_0182" 9014
"/Engine/EngineMaterials/Substrate/Glints2/dict_0003_0183" 9015
"/Engine/EngineMaterials/Substrate/Glints2/dict_0003_0184" 9016
"/Engine/EngineMaterials/Substrate/Glints2/dict_0003_0185" 9017
"/Engine/EngineMaterials/Substrate/Glints2/dict_0003_0186" 9018
"/Engine/EngineMaterials/Substrate/Glints2/dict_0003_0187" 9019
"/Engine/EngineMaterials/Substrate/Glints2/dict_0003_0188" 9020
"/Engine/EngineMaterials/Substrate/Glints2/dict_0003_0189" 9021
"/Engine/EngineMaterials/Substrate/Glints2/dict_0003_0190" 9022
"/Engine/EngineMaterials/Substrate/Glints2/dict_0003_0191" 9023
"/Engine/EngineMaterials/Substrate/Glints2/dict_0003_0192" 9024
"/Engine/EngineMaterials/Substrate/Glints2/dict_0003_0193" 9025
"/Engine/EngineMaterials/Substrate/Glints2/dict_0003_0194" 9026
"/Engine/EngineMaterials/Substrate/Glints2/dict_0003_0195" 9027
"/Engine/EngineMaterials/Substrate/Glints2/dict_0003_0196" 9028
"/Engine/EngineMaterials/Substrate/Glints2/dict_0003_0197" 9029
"../../../Engine/Content/EngineMaterials/Substrate/Glints2/dict_0003_0163.uasset" 9030
"../../../Engine/Content/EngineMaterials/Substrate/Glints2/dict_0003_0165.uasset" 9031
"/Engine/EngineMaterials/Substrate/Glints2/dict_0003_0166" 9032
"../../../Engine/Content/EngineMaterials/Substrate/Glints2/dict_0003_0158.uasset" 9033
"../../../Engine/Content/EngineMaterials/Substrate/Glints2/dict_0003_0162.uasset" 9034
"../../../Engine/Content/EngineMaterials/Substrate/Glints2/dict_0003_0164.uasset" 9035
"../../../Engine/Content/EngineMaterials/Substrate/Glints2/dict_0003_0160.uasset" 9036
"../../../Engine/Content/EngineMaterials/Substrate/Glints2/dict_0003_0159.uasset" 9037
"../../../Engine/Content/EngineMaterials/Substrate/Glints2/dict_0003_0155.uasset" 9038
"../../../Engine/Content/EngineMaterials/Substrate/Glints2/dict_0003_0153.uasset" 9039
"../../../Engine/Content/EngineMaterials/Substrate/Glints2/dict_0003_0161.uasset" 9040
"../../../Engine/Content/EngineMaterials/Substrate/Glints2/dict_0003_0148.uasset" 9041
"../../../Engine/Content/EngineMaterials/Substrate/Glints2/dict_0003_0156.uasset" 9042
"/Engine/EngineMaterials/Substrate/Glints2/dict_0003_0167" 9043
"../../../Engine/Content/EngineMaterials/Substrate/Glints2/dict_0003_0157.uasset" 9044
"../../../Engine/Content/EngineMaterials/Substrate/Glints2/dict_0003_0150.uasset" 9045
"../../../Engine/Content/EngineMaterials/Substrate/Glints2/dict_0003_0151.uasset" 9046
"../../../Engine/Content/EngineMaterials/Substrate/Glints2/dict_0003_0149.uasset" 9047
"../../../Engine/Content/EngineMaterials/Substrate/Glints2/dict_0003_0152.uasset" 9048
"../../../Engine/Content/EngineMaterials/Substrate/Glints2/dict_0003_0154.uasset" 9049
"/Engine/EngineMaterials/Substrate/Glints2/dict_0003_0168" 9050
"/Engine/EngineMaterials/Substrate/Glints2/dict_0003_0169" 9051
"/Engine/EngineMaterials/Substrate/Glints2/dict_0003_0170" 9052
"/Engine/EngineMaterials/Substrate/Glints2/dict_0003_0171" 9053
"/Engine/EngineMaterials/Substrate/Glints2/dict_0003_0172" 9054
"/Engine/EngineMaterials/Substrate/Glints2/dict_0003_0173" 9055
"/Engine/EngineMaterials/Substrate/Glints2/dict_0003_0174" 9056
"/Engine/EngineMaterials/Substrate/Glints2/dict_0003_0175" 9057
"/Engine/EngineMaterials/Substrate/Glints2/dict_0003_0176" 9058
"/Engine/EngineMaterials/Substrate/Glints2/dict_0003_0177" 9059
"/Engine/EngineMaterials/Substrate/Glints2/dict_0003_0178" 9060
"/Engine/EngineMaterials/Substrate/Glints2/dict_0003_0179" 9061
"/Engine/EngineMaterials/Substrate/Glints2/dict_0003_0148" 9062
"../../../Engine/Content/EngineMaterials/Substrate/Glints2/dict_0003_0147.uasset" 9063
"../../../Engine/Content/EngineMaterials/Substrate/Glints2/dict_0003_0146.uasset" 9064
"../../../Engine/Content/EngineMaterials/Substrate/Glints2/dict_0003_0139.uasset" 9065
"../../../Engine/Content/EngineMaterials/Substrate/Glints2/dict_0003_0138.uasset" 9066
"../../../Engine/Content/EngineMaterials/Substrate/Glints2/dict_0003_0141.uasset" 9067
"../../../Engine/Content/EngineMaterials/Substrate/Glints2/dict_0003_0142.uasset" 9068
"/Engine/EngineMaterials/Substrate/Glints2/dict_0003_0149" 9069
"../../../Engine/Content/EngineMaterials/Substrate/Glints2/dict_0003_0144.uasset" 9070
"../../../Engine/Content/EngineMaterials/Substrate/Glints2/dict_0003_0145.uasset" 9071
"../../../Engine/Content/EngineMaterials/Substrate/Glints2/dict_0003_0137.uasset" 9072
"../../../Engine/Content/EngineMaterials/Substrate/Glints2/dict_0003_0143.uasset" 9073
"../../../Engine/Content/EngineMaterials/Substrate/Glints2/dict_0003_0135.uasset" 9074
"../../../Engine/Content/EngineMaterials/Substrate/Glints2/dict_0003_0140.uasset" 9075
"../../../Engine/Content/EngineMaterials/Substrate/Glints2/dict_0003_0136.uasset" 9076
"../../../Engine/Content/EngineMaterials/Substrate/Glints2/dict_0003_0134.uasset" 9077
"/Engine/EngineMaterials/Substrate/Glints2/dict_0003_0150" 9078
"/Engine/EngineMaterials/Substrate/Glints2/dict_0003_0151" 9079
"/Engine/EngineMaterials/Substrate/Glints2/dict_0003_0152" 9080
"/Engine/EngineMaterials/Substrate/Glints2/dict_0003_0153" 9081
"/Engine/EngineMaterials/Substrate/Glints2/dict_0003_0154" 9082
"/Engine/EngineMaterials/Substrate/Glints2/dict_0003_0155" 9083
"/Engine/EngineMaterials/Substrate/Glints2/dict_0003_0156" 9084
"/Engine/EngineMaterials/Substrate/Glints2/dict_0003_0157" 9085
"/Engine/EngineMaterials/Substrate/Glints2/dict_0003_0158" 9086
"/Engine/EngineMaterials/Substrate/Glints2/dict_0003_0159" 9087
"/Engine/EngineMaterials/Substrate/Glints2/dict_0003_0160" 9088
"/Engine/EngineMaterials/Substrate/Glints2/dict_0003_0161" 9089
"/Engine/EngineMaterials/Substrate/Glints2/dict_0003_0162" 9090
"/Engine/EngineMaterials/Substrate/Glints2/dict_0003_0163" 9091
"/Engine/EngineMaterials/Substrate/Glints2/dict_0003_0164" 9092
"/Engine/EngineMaterials/Substrate/Glints2/dict_0003_0165" 9093
"/Engine/EngineMaterials/Substrate/Glints2/dict_0003_0134" 9094
"../../../Engine/Content/EngineMaterials/Substrate/Glints2/dict_0003_0133.uasset" 9095
"../../../Engine/Content/EngineMaterials/Substrate/Glints2/dict_0003_0130.uasset" 9096
"../../../Engine/Content/EngineMaterials/Substrate/Glints2/dict_0003_0128.uasset" 9097
"../../../Engine/Content/EngineMaterials/Substrate/Glints2/dict_0003_0127.uasset" 9098
"../../../Engine/Content/EngineMaterials/Substrate/Glints2/dict_0003_0129.uasset" 9099
"../../../Engine/Content/EngineMaterials/Substrate/Glints2/dict_0003_0131.uasset" 9100
"../../../Engine/Content/EngineMaterials/Substrate/Glints2/dict_0003_0132.uasset" 9101
"../../../Engine/Content/EngineMaterials/Substrate/Glints2/dict_0003_0122.uasset" 9102
"../../../Engine/Content/EngineMaterials/Substrate/Glints2/dict_0003_0123.uasset" 9103
"/Engine/EngineMaterials/Substrate/Glints2/dict_0003_0135" 9104
"../../../Engine/Content/EngineMaterials/Substrate/Glints2/dict_0003_0125.uasset" 9105
"../../../Engine/Content/EngineMaterials/Substrate/Glints2/dict_0003_0118.uasset" 9106
"../../../Engine/Content/EngineMaterials/Substrate/Glints2/dict_0003_0119.uasset" 9107
"../../../Engine/Content/EngineMaterials/Substrate/Glints2/dict_0003_0126.uasset" 9108
"../../../Engine/Content/EngineMaterials/Substrate/Glints2/dict_0003_0124.uasset" 9109
"../../../Engine/Content/EngineMaterials/Substrate/Glints2/dict_0003_0116.uasset" 9110
"../../../Engine/Content/EngineMaterials/Substrate/Glints2/dict_0003_0120.uasset" 9111
"../../../Engine/Content/EngineMaterials/Substrate/Glints2/dict_0003_0117.uasset" 9112
"../../../Engine/Content/EngineMaterials/Substrate/Glints2/dict_0003_0121.uasset" 9113
"/Engine/EngineMaterials/Substrate/Glints2/dict_0003_0136" 9114
"/Engine/EngineMaterials/Substrate/Glints2/dict_0003_0137" 9115
"/Engine/EngineMaterials/Substrate/Glints2/dict_0003_0138" 9116
"/Engine/EngineMaterials/Substrate/Glints2/dict_0003_0139" 9117
"/Engine/EngineMaterials/Substrate/Glints2/dict_0003_0140" 9118
"/Engine/EngineMaterials/Substrate/Glints2/dict_0003_0141" 9119
"/Engine/EngineMaterials/Substrate/Glints2/dict_0003_0142" 9120
"/Engine/EngineMaterials/Substrate/Glints2/dict_0003_0143" 9121
"/Engine/EngineMaterials/Substrate/Glints2/dict_0003_0144" 9122
"/Engine/EngineMaterials/Substrate/Glints2/dict_0003_0145" 9123
"/Engine/EngineMaterials/Substrate/Glints2/dict_0003_0146" 9124
"/Engine/EngineMaterials/Substrate/Glints2/dict_0003_0147" 9125
"/Engine/EngineMaterials/Substrate/Glints2/dict_0003_0116" 9126
"../../../Engine/Content/EngineMaterials/Substrate/Glints2/dict_0003_0114.uasset" 9127
"../../../Engine/Content/EngineMaterials/Substrate/Glints2/dict_0003_0115.uasset" 9128
"../../../Engine/Content/EngineMaterials/Substrate/Glints2/dict_0003_0113.uasset" 9129
"../../../Engine/Content/EngineMaterials/Substrate/Glints2/dict_0003_0112.uasset" 9130
"../../../Engine/Content/EngineMaterials/Substrate/Glints2/dict_0003_0111.uasset" 9131
"/Engine/EngineMaterials/Substrate/Glints2/dict_0003_0117" 9132
"/Engine/EngineMaterials/Substrate/Glints2/dict_0003_0118" 9133
"/Engine/EngineMaterials/Substrate/Glints2/dict_0003_0119" 9134
"/Engine/EngineMaterials/Substrate/Glints2/dict_0003_0120" 9135
"../../../Engine/Content/EngineMaterials/Substrate/Glints2/dict_0003_0107.uasset" 9136
"/Engine/EngineMaterials/Substrate/Glints2/dict_0003_0121" 9137
"../../../Engine/Content/EngineMaterials/Substrate/Glints2/dict_0003_0104.uasset" 9138
"/Engine/EngineMaterials/Substrate/Glints2/dict_0003_0122" 9139
"/Engine/EngineMaterials/Substrate/Glints2/dict_0003_0123" 9140
"/Engine/EngineMaterials/Substrate/Glints2/dict_0003_0124" 9141
"/Engine/EngineMaterials/Substrate/Glints2/dict_0003_0125" 9142
"/Engine/EngineMaterials/Substrate/Glints2/dict_0003_0126" 9143
"/Engine/EngineMaterials/Substrate/Glints2/dict_0003_0127" 9144
"/Engine/EngineMaterials/Substrate/Glints2/dict_0003_0128" 9145
"/Engine/EngineMaterials/Substrate/Glints2/dict_0003_0129" 9146
"/Engine/EngineMaterials/Substrate/Glints2/dict_0003_0130" 9147
"/Engine/EngineMaterials/Substrate/Glints2/dict_0003_0131" 9148
"../../../Engine/Content/EngineMaterials/Substrate/Glints2/dict_0003_0102.uasset" 9149
"/Engine/EngineMaterials/Substrate/Glints2/dict_0003_0132" 9150
"../../../Engine/Content/EngineMaterials/Substrate/Glints2/dict_0003_0110.uasset" 9151
"../../../Engine/Content/EngineMaterials/Substrate/Glints2/dict_0003_0108.uasset" 9152
"../../../Engine/Content/EngineMaterials/Substrate/Glints2/dict_0003_0109.uasset" 9153
"/Engine/EngineMaterials/Substrate/Glints2/dict_0003_0133" 9154
"../../../Engine/Content/EngineMaterials/Substrate/Glints2/dict_0003_0103.uasset" 9155
"../../../Engine/Content/EngineMaterials/Substrate/Glints2/dict_0003_0105.uasset" 9156
"/Engine/EngineMaterials/Substrate/Glints2/dict_0003_0102" 9157
"../../../Engine/Content/EngineMaterials/Substrate/Glints2/dict_0003_0106.uasset" 9158
"/Engine/EngineMaterials/Substrate/Glints2/dict_0003_0103" 9159
"/Engine/EngineMaterials/Substrate/Glints2/dict_0003_0104" 9160
"../../../Engine/Content/EngineMaterials/Substrate/Glints2/dict_0003_0096.uasset" 9161
"../../../Engine/Content/EngineMaterials/Substrate/Glints2/dict_0003_0098.uasset" 9162
"/Engine/EngineMaterials/Substrate/Glints2/dict_0003_0105" 9163
"/Engine/EngineMaterials/Substrate/Glints2/dict_0003_0107" 9164
"/Engine/EngineMaterials/Substrate/Glints2/dict_0003_0108" 9165
"/Engine/EngineMaterials/Substrate/Glints2/dict_0003_0109" 9166
"/Engine/EngineMaterials/Substrate/Glints2/dict_0003_0110" 9167
"/Engine/EngineMaterials/Substrate/Glints2/dict_0003_0111" 9168
"/Engine/EngineMaterials/Substrate/Glints2/dict_0003_0112" 9169
"/Engine/EngineMaterials/Substrate/Glints2/dict_0003_0113" 9170
"/Engine/EngineMaterials/Substrate/Glints2/dict_0003_0114" 9171
"/Engine/EngineMaterials/Substrate/Glints2/dict_0003_0115" 9172
"../../../Engine/Content/EngineMaterials/Substrate/Glints2/dict_0003_0087.uasset" 9173
"../../../Engine/Content/EngineMaterials/Substrate/Glints2/dict_0003_0099.uasset" 9174
"../../../Engine/Content/EngineMaterials/Substrate/Glints2/dict_0003_0100.uasset" 9175
"../../../Engine/Content/EngineMaterials/Substrate/Glints2/dict_0003_0088.uasset" 9176
"../../../Engine/Content/EngineMaterials/Substrate/Glints2/dict_0003_0095.uasset" 9177
"../../../Engine/Content/EngineMaterials/Substrate/Glints2/dict_0003_0101.uasset" 9178
"../../../Engine/Content/EngineMaterials/Substrate/Glints2/dict_0003_0089.uasset" 9179
"/Engine/EngineMaterials/Substrate/Glints2/dict_0003_0087" 9180
"../../../Engine/Content/EngineMaterials/Substrate/Glints2/dict_0003_0086.uasset" 9181
"../../../Engine/Content/EngineMaterials/Substrate/Glints2/dict_0003_0094.uasset" 9182
"../../../Engine/Content/EngineMaterials/Substrate/Glints2/dict_0003_0091.uasset" 9183
"../../../Engine/Content/EngineMaterials/Substrate/Glints2/dict_0003_0092.uasset" 9184
"../../../Engine/Content/EngineMaterials/Substrate/Glints2/dict_0003_0093.uasset" 9185
"/Engine/EngineMaterials/Substrate/Glints2/dict_0003_0088" 9186
"/Engine/EngineMaterials/Substrate/Glints2/dict_0003_0106" 9187
"../../../Engine/Content/EngineMaterials/Substrate/Glints2/dict_0003_0090.uasset" 9188
"../../../Engine/Content/EngineMaterials/Substrate/Glints2/dict_0003_0097.uasset" 9189
"../../../Engine/Content/EngineMaterials/Substrate/Glints2/dict_0003_0085.uasset" 9190
"/Engine/EngineMaterials/Substrate/Glints2/dict_0003_0095" 9191
"/Engine/EngineMaterials/Substrate/Glints2/dict_0003_0096" 9192
"/Engine/EngineMaterials/Substrate/Glints2/dict_0003_0098" 9193
"/Engine/EngineMaterials/Substrate/Glints2/dict_0003_0099" 9194
"../../../Engine/Content/EngineMaterials/Substrate/Glints2/dict_0003_0072.uasset" 9195
"../../../Engine/Content/EngineMaterials/Substrate/Glints2/dict_0003_0075.uasset" 9196
"/Engine/EngineMaterials/Substrate/Glints2/dict_0003_0100" 9197
"/Engine/EngineMaterials/Substrate/Glints2/dict_0003_0072" 9198
"../../../Engine/Content/EngineMaterials/Substrate/Glints2/dict_0003_0084.uasset" 9199
"/Engine/EngineMaterials/Substrate/Glints2/dict_0003_0085" 9200
"/Engine/EngineMaterials/Substrate/Glints2/dict_0003_0086" 9201
"/Engine/EngineMaterials/Substrate/Glints2/dict_0003_0075" 9202
"/Engine/EngineMaterials/Substrate/Glints2/dict_0003_0089" 9203
"../../../Engine/Content/EngineMaterials/Substrate/Glints2/dict_0003_0081.uasset" 9204
"/Engine/EngineMaterials/Substrate/Glints2/dict_0003_0090" 9205
"../../../Engine/Content/EngineMaterials/Substrate/Glints2/dict_0003_0065.uasset" 9206
"../../../Engine/Content/EngineMaterials/Substrate/Glints2/dict_0003_0079.uasset" 9207
"../../../Engine/Content/EngineMaterials/Substrate/Glints2/dict_0003_0073.uasset" 9208
"../../../Engine/Content/EngineMaterials/Substrate/Glints2/dict_0003_0071.uasset" 9209
"/Engine/EngineMaterials/Substrate/Glints2/dict_0003_0091" 9210
"/Engine/EngineMaterials/Substrate/Glints2/dict_0003_0092" 9211
"../../../Engine/Content/EngineMaterials/Substrate/Glints2/dict_0003_0082.uasset" 9212
"../../../Engine/Content/EngineMaterials/Substrate/Glints2/dict_0003_0063.uasset" 9213
"../../../Engine/Content/EngineMaterials/Substrate/Glints2/dict_0003_0078.uasset" 9214
"/Engine/EngineMaterials/Substrate/Glints2/dict_0003_0093" 9215
"../../../Engine/Content/EngineMaterials/Substrate/Glints2/dict_0003_0077.uasset" 9216
"../../../Engine/Content/EngineMaterials/Substrate/Glints2/dict_0003_0083.uasset" 9217
"/Engine/EngineMaterials/Substrate/Glints2/dict_0003_0094" 9218
"../../../Engine/Content/EngineMaterials/Substrate/Glints2/dict_0003_0076.uasset" 9219
"../../../Engine/Content/EngineMaterials/Substrate/Glints2/dict_0003_0080.uasset" 9220
"/Engine/EngineMaterials/Substrate/Glints2/dict_0003_0097" 9221
"/Engine/EngineMaterials/Substrate/Glints2/dict_0003_0101" 9222
"/Engine/EngineMaterials/Substrate/Glints2/dict_0003_0071" 9223
"../../../Engine/Content/EngineMaterials/Substrate/Glints2/dict_0003_0070.uasset" 9224
"../../../Engine/Content/EngineMaterials/Substrate/Glints2/dict_0003_0074.uasset" 9225
"/Engine/EngineMaterials/Substrate/Glints2/dict_0003_0084" 9226
"../../../Engine/Content/EngineMaterials/Substrate/Glints2/dict_0003_0060.uasset" 9227
"/Engine/EngineMaterials/Substrate/Glints2/dict_0003_0073" 9228
"../../../Engine/Content/EngineMaterials/Substrate/Glints2/dict_0003_0053.uasset" 9229
"../../../Engine/Content/EngineMaterials/Substrate/Glints2/dict_0003_0069.uasset" 9230
"../../../Engine/Content/EngineMaterials/Substrate/Glints2/dict_0003_0052.uasset" 9231
"../../../Engine/Content/EngineMaterials/Substrate/Glints2/dict_0003_0067.uasset" 9232
"../../../Engine/Content/EngineMaterials/Substrate/Glints2/dict_0003_0064.uasset" 9233
"/Engine/EngineMaterials/Substrate/Glints2/dict_0003_0063" 9234
"../../../Engine/Content/EngineMaterials/Substrate/Glints2/dict_0003_0068.uasset" 9235
"/Engine/EngineMaterials/Substrate/Glints2/dict_0003_0065" 9236
"../../../Engine/Content/EngineMaterials/Substrate/Glints2/dict_0003_0066.uasset" 9237
"/Engine/EngineMaterials/Substrate/Glints2/dict_0003_0076" 9238
"/Engine/EngineMaterials/Substrate/Glints2/dict_0003_0077" 9239
"/Engine/EngineMaterials/Substrate/Glints2/dict_0003_0078" 9240
"/Engine/EngineMaterials/Substrate/Glints2/dict_0003_0079" 9241
"/Engine/EngineMaterials/Substrate/Glints2/dict_0003_0080" 9242
"../../../Engine/Content/EngineMaterials/Substrate/Glints2/dict_0003_0058.uasset" 9243
"../../../Engine/Content/EngineMaterials/Substrate/Glints2/dict_0003_0054.uasset" 9244
"../../../Engine/Content/EngineMaterials/Substrate/Glints2/dict_0003_0056.uasset" 9245
"../../../Engine/Content/EngineMaterials/Substrate/Glints2/dict_0003_0055.uasset" 9246
"../../../Engine/Content/EngineMaterials/Substrate/Glints2/dict_0003_0061.uasset" 9247
"../../../Engine/Content/EngineMaterials/Substrate/Glints2/dict_0003_0057.uasset" 9248
"../../../Engine/Content/EngineMaterials/Substrate/Glints2/dict_0003_0059.uasset" 9249
"/Engine/EngineMaterials/Substrate/Glints2/dict_0003_0081" 9250
"../../../Engine/Content/EngineMaterials/Substrate/Glints2/dict_0003_0062.uasset" 9251
"../../../Engine/Content/EngineMaterials/Substrate/Glints2/dict_0003_0051.uasset" 9252
"/Engine/EngineMaterials/Substrate/Glints2/dict_0003_0082" 9253
"/Engine/EngineMaterials/Substrate/Glints2/dict_0003_0083" 9254
"/Engine/EngineMaterials/Substrate/Glints2/dict_0003_0051" 9255
"/Engine/EngineMaterials/Substrate/Glints2/dict_0003_0074" 9256
"/Engine/EngineMaterials/Substrate/Glints2/dict_0003_0052" 9257
"../../../Engine/Content/EngineMaterials/Substrate/Glints2/dict_0003_0045.uasset" 9258
"/Engine/EngineMaterials/Substrate/Glints2/dict_0003_0053" 9259
"/Engine/EngineMaterials/Substrate/Glints2/dict_0003_0064" 9260
"/Engine/EngineMaterials/Substrate/Glints2/dict_0003_0054" 9261
"/Engine/EngineMaterials/Substrate/Glints2/dict_0003_0055" 9262
"/Engine/EngineMaterials/Substrate/Glints2/dict_0003_0056" 9263
"/Engine/EngineMaterials/Substrate/Glints2/dict_0003_0057" 9264
"/Engine/EngineMaterials/Substrate/Glints2/dict_0003_0058" 9265
"/Engine/EngineMaterials/Substrate/Glints2/dict_0003_0059" 9266
"/Engine/EngineMaterials/Substrate/Glints2/dict_0003_0060" 9267
"../../../Engine/Content/EngineMaterials/Substrate/Glints2/dict_0003_0047.uasset" 9268
"../../../Engine/Content/EngineMaterials/Substrate/Glints2/dict_0003_0046.uasset" 9269
"/Engine/EngineMaterials/Substrate/Glints2/dict_0003_0066" 9270
"../../../Engine/Content/EngineMaterials/Substrate/Glints2/dict_0003_0050.uasset" 9271
"../../../Engine/Content/EngineMaterials/Substrate/Glints2/dict_0003_0044.uasset" 9272
"../../../Engine/Content/EngineMaterials/Substrate/Glints2/dict_0003_0048.uasset" 9273
"../../../Engine/Content/EngineMaterials/Substrate/Glints2/dict_0003_0040.uasset" 9274
"../../../Engine/Content/EngineMaterials/Substrate/Glints2/dict_0003_0049.uasset" 9275
"../../../Engine/Content/EngineMaterials/Substrate/Glints2/dict_0003_0042.uasset" 9276
"../../../Engine/Content/EngineMaterials/Substrate/Glints2/dict_0003_0038.uasset" 9277
"/Engine/EngineMaterials/Substrate/Glints2/dict_0003_0067" 9278
"../../../Engine/Content/EngineMaterials/Substrate/Glints2/dict_0003_0043.uasset" 9279
"../../../Engine/Content/EngineMaterials/Substrate/Glints2/dict_0003_0039.uasset" 9280
"../../../Engine/Content/EngineMaterials/Substrate/Glints2/dict_0003_0041.uasset" 9281
"/Engine/EngineMaterials/Substrate/Glints2/dict_0003_0061" 9282
"/Engine/EngineMaterials/Substrate/Glints2/dict_0003_0068" 9283
"/Engine/EngineMaterials/Substrate/Glints2/dict_0003_0069" 9284
"/Engine/EngineMaterials/Substrate/Glints2/dict_0003_0070" 9285
"/Engine/EngineMaterials/Substrate/Glints2/dict_0003_0062" 9286
"/Engine/EngineMaterials/Substrate/Glints2/dict_0003_0038" 9287
"/Engine/EngineMaterials/Substrate/Glints2/dict_0003_0039" 9288
"/Engine/EngineMaterials/Substrate/Glints2/dict_0003_0040" 9289
"../../../Engine/Content/EngineMaterials/Substrate/Glints2/dict_0003_0037.uasset" 9290
"/Engine/EngineMaterials/Substrate/Glints2/dict_0003_0041" 9291
"/Engine/EngineMaterials/Substrate/Glints2/dict_0003_0042" 9292
"/Engine/EngineMaterials/Substrate/Glints2/dict_0003_0043" 9293
"/Engine/EngineMaterials/Substrate/Glints2/dict_0003_0044" 9294
"/Engine/EngineMaterials/Substrate/Glints2/dict_0003_0045" 9295
"/Engine/EngineMaterials/Substrate/Glints2/dict_0003_0046" 9296
"/Engine/EngineMaterials/Substrate/Glints2/dict_0003_0047" 9297
"/Engine/EngineMaterials/Substrate/Glints2/dict_0003_0048" 9298
"/Engine/EngineMaterials/Substrate/Glints2/dict_0003_0049" 9299
"/Engine/EngineMaterials/Substrate/Glints2/dict_0003_0050" 9300
"/Engine/EngineMaterials/Substrate/Glints2/dict_0003_0037" 9301
"../../../Engine/Content/EngineMaterials/Substrate/Glints2/dict_0003_0026.uasset" 9302
"../../../Engine/Content/EngineMaterials/Substrate/Glints2/dict_0003_0033.uasset" 9303
"/Engine/EngineMaterials/Substrate/Glints2/dict_0003_0026" 9304
"/Engine/EngineMaterials/Substrate/Glints2/dict_0003_0033" 9305
"../../../Engine/Content/EngineMaterials/Substrate/Glints2/dict_0003_0027.uasset" 9306
"../../../Engine/Content/EngineMaterials/Substrate/Glints2/dict_0003_0024.uasset" 9307
"/Engine/EngineMaterials/Substrate/Glints2/dict_0003_0024" 9308
"../../../Engine/Content/EngineMaterials/Substrate/Glints2/dict_0003_0034.uasset" 9309
"../../../Engine/Content/EngineMaterials/Substrate/Glints2/dict_0003_0035.uasset" 9310
"/Engine/EngineMaterials/Substrate/Glints2/dict_0003_0027" 9311
"../../../Engine/Content/EngineMaterials/Substrate/Glints2/dict_0003_0031.uasset" 9312
"/Engine/EngineMaterials/Substrate/Glints2/dict_0003_0034" 9313
"../../../Engine/Content/EngineMaterials/Substrate/Glints2/dict_0003_0016.uasset" 9314
"/Engine/EngineMaterials/Substrate/Glints2/dict_0003_0035" 9315
"../../../Engine/Content/EngineMaterials/Substrate/Glints2/dict_0003_0015.uasset" 9316
"/Engine/EngineMaterials/Substrate/Glints2/dict_0003_0015" 9317
"../../../Engine/Content/EngineMaterials/Substrate/Glints2/dict_0003_0030.uasset" 9318
"../../../Engine/Content/EngineMaterials/Substrate/Glints2/dict_0003_0012.uasset" 9319
"/Engine/EngineMaterials/Substrate/Glints2/dict_0003_0016" 9320
"/Engine/EngineMaterials/Substrate/Glints2/dict_0003_0031" 9321
"../../../Engine/Content/EngineMaterials/Substrate/Glints2/dict_0003_0023.uasset" 9322
"/Engine/EngineMaterials/Substrate/Glints2/dict_0003_0012" 9323
"/Engine/EngineMaterials/Substrate/Glints2/dict_0003_0030" 9324
"../../../Engine/Content/EngineMaterials/Substrate/Glints2/dict_0003_0021.uasset" 9325
"../../../Engine/Content/EngineMaterials/Substrate/Glints2/dict_0003_0036.uasset" 9326
"/Engine/EngineMaterials/Substrate/Glints2/dict_0003_0021" 9327
"../../../Engine/Content/EngineMaterials/Substrate/Glints2/dict_0003_0029.uasset" 9328
"../../../Engine/Content/EngineMaterials/Substrate/Glints2/dict_0003_0020.uasset" 9329
"../../../Engine/Content/EngineMaterials/Substrate/Glints2/dict_0003_0028.uasset" 9330
"../../../Engine/Content/EngineMaterials/Substrate/Glints2/dict_0003_0025.uasset" 9331
"../../../Engine/Content/EngineMaterials/Substrate/Glints2/dict_0003_0017.uasset" 9332
"/Engine/EngineMaterials/Substrate/Glints2/dict_0003_0023" 9333
"../../../Engine/Content/EngineMaterials/Substrate/Glints2/dict_0003_0032.uasset" 9334
"/Engine/EngineMaterials/Substrate/Glints2/dict_0003_0020" 9335
"../../../Engine/Content/EngineMaterials/Substrate/Glints2/dict_0003_0014.uasset" 9336
"/Engine/EngineMaterials/Substrate/Glints2/dict_0003_0025" 9337
"/Engine/EngineMaterials/Substrate/Glints2/dict_0003_0028" 9338
"/Engine/EngineMaterials/Substrate/Glints2/dict_0003_0017" 9339
"../../../Engine/Content/EngineMaterials/Substrate/Glints2/dict_0003_0018.uasset" 9340
"../../../Engine/Content/EngineMaterials/Substrate/Glints2/dict_0003_0019.uasset" 9341
"../../../Engine/Content/EngineMaterials/Substrate/Glints2/dict_0003_0002.uasset" 9342
"../../../Engine/Content/EngineMaterials/Substrate/Glints2/dict_0003_0003.uasset" 9343
"../../../Engine/Content/EngineMaterials/Substrate/Glints2/dict_0003_0022.uasset" 9344
"/Engine/EngineMaterials/Substrate/Glints2/dict_0003_0029" 9345
"/Engine/EngineMaterials/Substrate/Glints2/dict_0003_0036" 9346
"../../../Engine/Content/EngineMaterials/Substrate/Glints2/dict_0003_0008.uasset" 9347
"../../../Engine/Content/EngineMaterials/Substrate/Glints2/dict_0003_0013.uasset" 9348
"/Engine/EngineMaterials/Substrate/Glints2/dict_0003_0019" 9349
"/Engine/EngineMaterials/Substrate/Glints2/dict_0003_0008" 9350
"../../../Engine/Content/EngineMaterials/Substrate/Glints2/dict_0003_0009.uasset" 9351
"../../../Engine/Content/EngineMaterials/Substrate/Glints2/dict_0003_0005.uasset" 9352
"/Engine/EngineMaterials/Substrate/Glints2/dict_0003_0022" 9353
"../../../Engine/Content/EngineMaterials/Substrate/Glints2/dict_0003_0007.uasset" 9354
"../../../Engine/Content/EngineMaterials/Substrate/Glints2/dict_0003_0011.uasset" 9355
"../../../Engine/Content/EngineMaterials/Substrate/Glints2/dict_0003_0010.uasset" 9356
"/Engine/EngineMaterials/Substrate/Glints2/dict_0003_0013" 9357
"/Engine/EngineMaterials/Substrate/Glints2/dict_0003_0014" 9358
"../../../Engine/Content/EngineMaterials/Substrate/Glints2/dict_0002_0245.uasset" 9359
"../../../Engine/Content/EngineMaterials/Substrate/Glints2/dict_0002_0247.uasset" 9360
"../../../Engine/Content/EngineMaterials/Substrate/Glints2/dict_0003_0006.uasset" 9361
"../../../Engine/Content/EngineMaterials/Substrate/Glints2/dict_0003_0004.uasset" 9362
"/Engine/EngineMaterials/Substrate/Glints2/dict_0003_0003" 9363
"/Engine/EngineMaterials/Substrate/Glints2/dict_0003_0002" 9364
"../../../Engine/Content/EngineMaterials/Substrate/Glints2/dict_0002_0249.uasset" 9365
"../../../Engine/Content/EngineMaterials/Substrate/Glints2/dict_0003_0000.uasset" 9366
"../../../Engine/Content/EngineMaterials/Substrate/Glints2/dict_0002_0254.uasset" 9367
"../../../Engine/Content/EngineMaterials/Substrate/Glints2/dict_0002_0255.uasset" 9368
"/Engine/EngineMaterials/Substrate/Glints2/dict_0003_0018" 9369
"../../../Engine/Content/EngineMaterials/Substrate/Glints2/dict_0002_0251.uasset" 9370
"../../../Engine/Content/EngineMaterials/Substrate/Glints2/dict_0002_0252.uasset" 9371
"/Engine/EngineMaterials/Substrate/Glints2/dict_0003_0032" 9372
"../../../Engine/Content/EngineMaterials/Substrate/Glints2/dict_0002_0250.uasset" 9373
"/Engine/EngineMaterials/Substrate/Glints2/dict_0003_0006" 9374
"/Engine/EngineMaterials/Substrate/Glints2/dict_0003_0007" 9375
"../../../Engine/Content/EngineMaterials/Substrate/Glints2/dict_0003_0001.uasset" 9376
"/Engine/EngineMaterials/Substrate/Glints2/dict_0003_0009" 9377
"../../../Engine/Content/EngineMaterials/Substrate/Glints2/dict_0002_0248.uasset" 9378
"/Engine/EngineMaterials/Substrate/Glints2/dict_0002_0249" 9379
"../../../Engine/Content/EngineMaterials/Substrate/Glints2/dict_0002_0235.uasset" 9380
"/Engine/EngineMaterials/Substrate/Glints2/dict_0003_0010" 9381
"/Engine/EngineMaterials/Substrate/Glints2/dict_0003_0011" 9382
"/Engine/EngineMaterials/Substrate/Glints2/dict_0002_0252" 9383
"../../../Engine/Content/EngineMaterials/Substrate/Glints2/dict_0002_0246.uasset" 9384
"/Engine/EngineMaterials/Substrate/Glints2/dict_0002_0245" 9385
"../../../Engine/Content/EngineMaterials/Substrate/Glints2/dict_0002_0243.uasset" 9386
"/Engine/EngineMaterials/Substrate/Glints2/dict_0002_0251" 9387
"/Engine/EngineMaterials/Substrate/Glints2/dict_0002_0254" 9388
"../../../Engine/Content/EngineMaterials/Substrate/Glints2/dict_0002_0242.uasset" 9389
"/Engine/EngineMaterials/Substrate/Glints2/dict_0003_0004" 9390
"/Engine/EngineMaterials/Substrate/Glints2/dict_0002_0255" 9391
"../../../Engine/Content/EngineMaterials/Substrate/Glints2/dict_0002_0244.uasset" 9392
"/Engine/EngineMaterials/Substrate/Glints2/dict_0003_0000" 9393
"../../../Engine/Content/EngineMaterials/Substrate/Glints2/dict_0002_0238.uasset" 9394
"/Engine/EngineMaterials/Substrate/Glints2/dict_0002_0247" 9395
"../../../Engine/Content/EngineMaterials/Substrate/Glints2/dict_0002_0236.uasset" 9396
"/Engine/EngineMaterials/Substrate/Glints2/dict_0003_0005" 9397
"../../../Engine/Content/EngineMaterials/Substrate/Glints2/dict_0002_0239.uasset" 9398
"../../../Engine/Content/EngineMaterials/Substrate/Glints2/dict_0002_0234.uasset" 9399
"../../../Engine/Content/EngineMaterials/Substrate/Glints2/dict_0002_0240.uasset" 9400
"/Engine/EngineMaterials/Substrate/Glints2/dict_0002_0234" 9401
"../../../Engine/Content/EngineMaterials/Substrate/Glints2/dict_0002_0237.uasset" 9402
"/Engine/EngineMaterials/Substrate/Glints2/dict_0002_0242" 9403
"../../../Engine/Content/EngineMaterials/Substrate/Glints2/dict_0002_0241.uasset" 9404
"../../../Engine/Content/EngineMaterials/Substrate/Glints2/dict_0002_0229.uasset" 9405
"/Engine/EngineMaterials/Substrate/Glints2/dict_0002_0248" 9406
"/Engine/EngineMaterials/Substrate/Glints2/dict_0002_0235" 9407
"../../../Engine/Content/EngineMaterials/Substrate/Glints2/dict_0002_0233.uasset" 9408
"../../../Engine/Content/EngineMaterials/Substrate/Glints2/dict_0002_0220.uasset" 9409
"../../../Engine/Content/EngineMaterials/Substrate/Glints2/dict_0002_0219.uasset" 9410
"/Engine/EngineMaterials/Substrate/Glints2/dict_0003_0001" 9411
"/Engine/EngineMaterials/Substrate/Glints2/dict_0002_0250" 9412
"/Engine/EngineMaterials/Substrate/Glints2/dict_0002_0236" 9413
"/Engine/EngineMaterials/Substrate/Glints2/dict_0002_0243" 9414
"/Engine/EngineMaterials/Substrate/Glints2/dict_0002_0238" 9415
"/Engine/EngineMaterials/Substrate/Glints2/dict_0002_0239" 9416
"/Engine/EngineMaterials/Substrate/Glints2/dict_0002_0244" 9417
"/Engine/EngineMaterials/Substrate/Glints2/dict_0002_0246" 9418
"../../../Engine/Content/EngineMaterials/Substrate/Glints2/dict_0002_0227.uasset" 9419
"../../../Engine/Content/EngineMaterials/Substrate/Glints2/dict_0002_0228.uasset" 9420
"/Engine/EngineMaterials/Substrate/Glints2/dict_0002_0240" 9421
"../../../Engine/Content/EngineMaterials/Substrate/Glints2/dict_0002_0221.uasset" 9422
"../../../Engine/Content/EngineMaterials/Substrate/Glints2/dict_0002_0226.uasset" 9423
"../../../Engine/Content/EngineMaterials/Substrate/Glints2/dict_0002_0232.uasset" 9424
"../../../Engine/Content/EngineMaterials/Substrate/Glints2/dict_0002_0231.uasset" 9425
"/Engine/EngineMaterials/Substrate/Glints2/dict_0002_0233" 9426
"../../../Engine/Content/EngineMaterials/Substrate/Glints2/dict_0002_0222.uasset" 9427
"/Engine/EngineMaterials/Substrate/Glints2/dict_0002_0219" 9428
"../../../Engine/Content/EngineMaterials/Substrate/Glints2/dict_0002_0223.uasset" 9429
"../../../Engine/Content/EngineMaterials/Substrate/Glints2/dict_0002_0215.uasset" 9430
"/Engine/EngineMaterials/Substrate/Glints2/dict_0002_0220" 9431
"../../../Engine/Content/EngineMaterials/Substrate/Glints2/dict_0002_0230.uasset" 9432
"../../../Engine/Content/EngineMaterials/Substrate/Glints2/dict_0002_0224.uasset" 9433
"../../../Engine/Content/EngineMaterials/Substrate/Glints2/dict_0002_0225.uasset" 9434
"../../../Engine/Content/EngineMaterials/Substrate/Glints2/dict_0002_0207.uasset" 9435
"../../../Engine/Content/EngineMaterials/Substrate/Glints2/dict_0002_0209.uasset" 9436
"/Engine/EngineMaterials/Substrate/Glints2/dict_0002_0221" 9437
"../../../Engine/Content/EngineMaterials/Substrate/Glints2/dict_0002_0218.uasset" 9438
"/Engine/EngineMaterials/Substrate/Glints2/dict_0002_0237" 9439
"../../../Engine/Content/EngineMaterials/Substrate/Glints2/dict_0002_0253.uasset" 9440
"/Engine/EngineMaterials/Substrate/Glints2/dict_0002_0226" 9441
"/Engine/EngineMaterials/Substrate/Glints2/dict_0002_0227" 9442
"/Engine/EngineMaterials/Substrate/Glints2/dict_0002_0241" 9443
"/Engine/EngineMaterials/Substrate/Glints2/dict_0002_0228" 9444
"/Engine/EngineMaterials/Substrate/Glints2/dict_0002_0229" 9445
"/Engine/EngineMaterials/Substrate/Glints2/dict_0002_0218" 9446
"../../../Engine/Content/EngineMaterials/Substrate/Glints2/dict_0002_0217.uasset" 9447
"../../../Engine/Content/EngineMaterials/Substrate/Glints2/dict_0002_0212.uasset" 9448
"/Engine/EngineMaterials/Substrate/Glints2/dict_0002_0207" 9449
"../../../Engine/Content/EngineMaterials/Substrate/Glints2/dict_0002_0214.uasset" 9450
"../../../Engine/Content/EngineMaterials/Substrate/Glints2/dict_0002_0210.uasset" 9451
"../../../Engine/Content/EngineMaterials/Substrate/Glints2/dict_0002_0213.uasset" 9452
"../../../Engine/Content/EngineMaterials/Substrate/Glints2/dict_0002_0216.uasset" 9453
"../../../Engine/Content/EngineMaterials/Substrate/Glints2/dict_0002_0211.uasset" 9454
"../../../Engine/Content/EngineMaterials/Substrate/Glints2/dict_0002_0208.uasset" 9455
"/Engine/EngineMaterials/Substrate/Glints2/dict_0002_0222" 9456
"../../../Engine/Content/EngineMaterials/Substrate/Glints2/dict_0002_0202.uasset" 9457
"../../../Engine/Content/EngineMaterials/Substrate/Glints2/dict_0002_0205.uasset" 9458
"../../../Engine/Content/EngineMaterials/Substrate/Glints2/dict_0002_0195.uasset" 9459
"../../../Engine/Content/EngineMaterials/Substrate/Glints2/dict_0002_0196.uasset" 9460
"../../../Engine/Content/EngineMaterials/Substrate/Glints2/dict_0002_0206.uasset" 9461
"/Engine/EngineMaterials/Substrate/Glints2/dict_0002_0209" 9462
"/Engine/EngineMaterials/Substrate/Glints2/dict_0002_0223" 9463
"/Engine/EngineMaterials/Substrate/Glints2/dict_0002_0224" 9464
"/Engine/EngineMaterials/Substrate/Glints2/dict_0002_0253" 9465
"/Engine/EngineMaterials/Substrate/Glints2/dict_0002_0215" 9466
"/Engine/EngineMaterials/Substrate/Glints2/dict_0002_0225" 9467
"/Engine/EngineMaterials/Substrate/Glints2/dict_0002_0230" 9468
"/Engine/EngineMaterials/Substrate/Glints2/dict_0002_0231" 9469
"/Engine/EngineMaterials/Substrate/Glints2/dict_0002_0232" 9470
"../../../Engine/Content/EngineMaterials/Substrate/Glints2/dict_0002_0201.uasset" 9471
"../../../Engine/Content/EngineMaterials/Substrate/Glints2/dict_0002_0200.uasset" 9472
"../../../Engine/Content/EngineMaterials/Substrate/Glints2/dict_0002_0199.uasset" 9473
"../../../Engine/Content/EngineMaterials/Substrate/Glints2/dict_0002_0203.uasset" 9474
"../../../Engine/Content/EngineMaterials/Substrate/Glints2/dict_0002_0204.uasset" 9475
"/Engine/EngineMaterials/Substrate/Glints2/dict_0002_0195" 9476
"../../../Engine/Content/EngineMaterials/Substrate/Glints2/dict_0002_0198.uasset" 9477
"../../../Engine/Content/EngineMaterials/Substrate/Glints2/dict_0002_0197.uasset" 9478
"/Engine/EngineMaterials/Substrate/Glints2/dict_0002_0196" 9479
"/Engine/EngineMaterials/Substrate/Glints2/dict_0002_0205" 9480
"../../../Engine/Content/EngineMaterials/Substrate/Glints2/dict_0002_0192.uasset" 9481
"/Engine/EngineMaterials/Substrate/Glints2/dict_0002_0206" 9482
"/Engine/EngineMaterials/Substrate/Glints2/dict_0002_0208" 9483
"/Engine/EngineMaterials/Substrate/Glints2/dict_0002_0210" 9484
"/Engine/EngineMaterials/Substrate/Glints2/dict_0002_0211" 9485
"/Engine/EngineMaterials/Substrate/Glints2/dict_0002_0199" 9486
"/Engine/EngineMaterials/Substrate/Glints2/dict_0002_0212" 9487
"/Engine/EngineMaterials/Substrate/Glints2/dict_0002_0213" 9488
"/Engine/EngineMaterials/Substrate/Glints2/dict_0002_0214" 9489
"/Engine/EngineMaterials/Substrate/Glints2/dict_0002_0216" 9490
"/Engine/EngineMaterials/Substrate/Glints2/dict_0002_0200" 9491
"../../../Engine/Content/EngineMaterials/Substrate/Glints2/dict_0002_0186.uasset" 9492
"../../../Engine/Content/EngineMaterials/Substrate/Glints2/dict_0002_0185.uasset" 9493
"../../../Engine/Content/EngineMaterials/Substrate/Glints2/dict_0002_0190.uasset" 9494
"../../../Engine/Content/EngineMaterials/Substrate/Glints2/dict_0002_0189.uasset" 9495
"/Engine/EngineMaterials/Substrate/Glints2/dict_0002_0217" 9496
"../../../Engine/Content/EngineMaterials/Substrate/Glints2/dict_0002_0193.uasset" 9497
"../../../Engine/Content/EngineMaterials/Substrate/Glints2/dict_0002_0194.uasset" 9498
"../../../Engine/Content/EngineMaterials/Substrate/Glints2/dict_0002_0191.uasset" 9499
"../../../Engine/Content/EngineMaterials/Substrate/Glints2/dict_0002_0184.uasset" 9500
"../../../Engine/Content/EngineMaterials/Substrate/Glints2/dict_0002_0188.uasset" 9501
"../../../Engine/Content/EngineMaterials/Substrate/Glints2/dict_0002_0187.uasset" 9502
"/Engine/EngineMaterials/Substrate/Glints2/dict_0002_0201" 9503
"/Engine/EngineMaterials/Substrate/Glints2/dict_0002_0202" 9504
"/Engine/EngineMaterials/Substrate/Glints2/dict_0002_0184" 9505
"../../../Engine/Content/EngineMaterials/Substrate/Glints2/dict_0002_0183.uasset" 9506
"/Engine/EngineMaterials/Substrate/Glints2/dict_0002_0197" 9507
"/Engine/EngineMaterials/Substrate/Glints2/dict_0002_0198" 9508
"/Engine/EngineMaterials/Substrate/Glints2/dict_0002_0185" 9509
"../../../Engine/Content/EngineMaterials/Substrate/Glints2/dict_0002_0171.uasset" 9510
"../../../Engine/Content/EngineMaterials/Substrate/Glints2/dict_0002_0169.uasset" 9511
"/Engine/EngineMaterials/Substrate/Glints2/dict_0002_0186" 9512
"../../../Engine/Content/EngineMaterials/Substrate/Glints2/dict_0002_0172.uasset" 9513
"/Engine/EngineMaterials/Substrate/Glints2/dict_0002_0187" 9514
"/Engine/EngineMaterials/Substrate/Glints2/dict_0002_0188" 9515
"/Engine/EngineMaterials/Substrate/Glints2/dict_0002_0189" 9516
"/Engine/EngineMaterials/Substrate/Glints2/dict_0002_0190" 9517
"/Engine/EngineMaterials/Substrate/Glints2/dict_0002_0191" 9518
"../../../Engine/Content/EngineMaterials/Substrate/Glints2/dict_0002_0167.uasset" 9519
"/Engine/EngineMaterials/Substrate/Glints2/dict_0002_0203" 9520
"/Engine/EngineMaterials/Substrate/Glints2/dict_0002_0204" 9521
"/Engine/EngineMaterials/Substrate/Glints2/dict_0002_0192" 9522
"../../../Engine/Content/EngineMaterials/Substrate/Glints2/dict_0002_0181.uasset" 9523
"../../../Engine/Content/EngineMaterials/Substrate/Glints2/dict_0002_0178.uasset" 9524
"/Engine/EngineMaterials/Substrate/Glints2/dict_0002_0193" 9525
"../../../Engine/Content/EngineMaterials/Substrate/Glints2/dict_0002_0179.uasset" 9526
"/Engine/EngineMaterials/Substrate/Glints2/dict_0002_0194" 9527
"../../../Engine/Content/EngineMaterials/Substrate/Glints2/dict_0002_0180.uasset" 9528
"../../../Engine/Content/EngineMaterials/Substrate/Glints2/dict_0002_0175.uasset" 9529
"../../../Engine/Content/EngineMaterials/Substrate/Glints2/dict_0002_0176.uasset" 9530
"../../../Engine/Content/EngineMaterials/Substrate/Glints2/dict_0002_0170.uasset" 9531
"../../../Engine/Content/EngineMaterials/Substrate/Glints2/dict_0002_0177.uasset" 9532
"/Engine/EngineMaterials/Substrate/Glints2/dict_0002_0183" 9533
"../../../Engine/Content/EngineMaterials/Substrate/Glints2/dict_0002_0182.uasset" 9534
"../../../Engine/Content/EngineMaterials/Substrate/Glints2/dict_0002_0168.uasset" 9535
"../../../Engine/Content/EngineMaterials/Substrate/Glints2/dict_0002_0174.uasset" 9536
"/Engine/EngineMaterials/Substrate/Glints2/dict_0002_0167" 9537
"../../../Engine/Content/EngineMaterials/Substrate/Glints2/dict_0002_0160.uasset" 9538
"../../../Engine/Content/EngineMaterials/Substrate/Glints2/dict_0002_0166.uasset" 9539
"/Engine/EngineMaterials/Substrate/Glints2/dict_0002_0169" 9540
"/Engine/EngineMaterials/Substrate/Glints2/dict_0002_0170" 9541
"../../../Engine/Content/EngineMaterials/Substrate/Glints2/dict_0002_0173.uasset" 9542
"/Engine/EngineMaterials/Substrate/Glints2/dict_0002_0171" 9543
"/Engine/EngineMaterials/Substrate/Glints2/dict_0002_0172" 9544
"/Engine/EngineMaterials/Substrate/Glints2/dict_0002_0175" 9545
"/Engine/EngineMaterials/Substrate/Glints2/dict_0002_0176" 9546
"/Engine/EngineMaterials/Substrate/Glints2/dict_0002_0177" 9547
"/Engine/EngineMaterials/Substrate/Glints2/dict_0002_0178" 9548
"/Engine/EngineMaterials/Substrate/Glints2/dict_0002_0179" 9549
"../../../Engine/Content/EngineMaterials/Substrate/Glints2/dict_0002_0153.uasset" 9550
"../../../Engine/Content/EngineMaterials/Substrate/Glints2/dict_0002_0161.uasset" 9551
"../../../Engine/Content/EngineMaterials/Substrate/Glints2/dict_0002_0152.uasset" 9552
"../../../Engine/Content/EngineMaterials/Substrate/Glints2/dict_0002_0163.uasset" 9553
"../../../Engine/Content/EngineMaterials/Substrate/Glints2/dict_0002_0165.uasset" 9554
"../../../Engine/Content/EngineMaterials/Substrate/Glints2/dict_0002_0154.uasset" 9555
"/Engine/EngineMaterials/Substrate/Glints2/dict_0002_0180" 9556
"../../../Engine/Content/EngineMaterials/Substrate/Glints2/dict_0002_0155.uasset" 9557
"../../../Engine/Content/EngineMaterials/Substrate/Glints2/dict_0002_0157.uasset" 9558
"../../../Engine/Content/EngineMaterials/Substrate/Glints2/dict_0002_0159.uasset" 9559
"../../../Engine/Content/EngineMaterials/Substrate/Glints2/dict_0002_0162.uasset" 9560
"../../../Engine/Content/EngineMaterials/Substrate/Glints2/dict_0002_0164.uasset" 9561
"../../../Engine/Content/EngineMaterials/Substrate/Glints2/dict_0002_0158.uasset" 9562
"../../../Engine/Content/EngineMaterials/Substrate/Glints2/dict_0002_0156.uasset" 9563
"/Engine/EngineMaterials/Substrate/Glints2/dict_0002_0181" 9564
"/Engine/EngineMaterials/Substrate/Glints2/dict_0002_0168" 9565
"/Engine/EngineMaterials/Substrate/Glints2/dict_0002_0152" 9566
"../../../Engine/Content/EngineMaterials/Substrate/Glints2/dict_0002_0151.uasset" 9567
"/Engine/EngineMaterials/Substrate/Glints2/dict_0002_0153" 9568
"../../../Engine/Content/EngineMaterials/Substrate/Glints2/dict_0002_0139.uasset" 9569
"/Engine/EngineMaterials/Substrate/Glints2/dict_0002_0154" 9570
"/Engine/EngineMaterials/Substrate/Glints2/dict_0002_0155" 9571
"/Engine/EngineMaterials/Substrate/Glints2/dict_0002_0156" 9572
"/Engine/EngineMaterials/Substrate/Glints2/dict_0002_0157" 9573
"/Engine/EngineMaterials/Substrate/Glints2/dict_0002_0173" 9574
"/Engine/EngineMaterials/Substrate/Glints2/dict_0002_0174" 9575
"../../../Engine/Content/EngineMaterials/Substrate/Glints2/dict_0002_0145.uasset" 9576
"../../../Engine/Content/EngineMaterials/Substrate/Glints2/dict_0002_0149.uasset" 9577
"../../../Engine/Content/EngineMaterials/Substrate/Glints2/dict_0002_0150.uasset" 9578
"../../../Engine/Content/EngineMaterials/Substrate/Glints2/dict_0002_0147.uasset" 9579
"../../../Engine/Content/EngineMaterials/Substrate/Glints2/dict_0002_0143.uasset" 9580
"../../../Engine/Content/EngineMaterials/Substrate/Glints2/dict_0002_0148.uasset" 9581
"/Engine/EngineMaterials/Substrate/Glints2/dict_0002_0158" 9582
"../../../Engine/Content/EngineMaterials/Substrate/Glints2/dict_0002_0142.uasset" 9583
"../../../Engine/Content/EngineMaterials/Substrate/Glints2/dict_0002_0141.uasset" 9584
"../../../Engine/Content/EngineMaterials/Substrate/Glints2/dict_0002_0144.uasset" 9585
"../../../Engine/Content/EngineMaterials/Substrate/Glints2/dict_0002_0140.uasset" 9586
"../../../Engine/Content/EngineMaterials/Substrate/Glints2/dict_0002_0146.uasset" 9587
"/Engine/EngineMaterials/Substrate/Glints2/dict_0002_0159" 9588
"/Engine/EngineMaterials/Substrate/Glints2/dict_0002_0160" 9589
"/Engine/EngineMaterials/Substrate/Glints2/dict_0002_0161" 9590
"/Engine/EngineMaterials/Substrate/Glints2/dict_0002_0182" 9591
"/Engine/EngineMaterials/Substrate/Glints2/dict_0002_0162" 9592
"/Engine/EngineMaterials/Substrate/Glints2/dict_0002_0163" 9593
"/Engine/EngineMaterials/Substrate/Glints2/dict_0002_0164" 9594
"/Engine/EngineMaterials/Substrate/Glints2/dict_0002_0165" 9595
"/Engine/EngineMaterials/Substrate/Glints2/dict_0002_0166" 9596
"/Engine/EngineMaterials/Substrate/Glints2/dict_0002_0139" 9597
"/Engine/EngineMaterials/Substrate/Glints2/dict_0002_0140" 9598
"/Engine/EngineMaterials/Substrate/Glints2/dict_0002_0141" 9599
"../../../Engine/Content/EngineMaterials/Substrate/Glints2/dict_0002_0133.uasset" 9600
"/Engine/EngineMaterials/Substrate/Glints2/dict_0002_0142" 9601
"/Engine/EngineMaterials/Substrate/Glints2/dict_0002_0143" 9602
"/Engine/EngineMaterials/Substrate/Glints2/dict_0002_0144" 9603
"/Engine/EngineMaterials/Substrate/Glints2/dict_0002_0145" 9604
"/Engine/EngineMaterials/Substrate/Glints2/dict_0002_0146" 9605
"/Engine/EngineMaterials/Substrate/Glints2/dict_0002_0147" 9606
"/Engine/EngineMaterials/Substrate/Glints2/dict_0002_0148" 9607
"/Engine/EngineMaterials/Substrate/Glints2/dict_0002_0149" 9608
"../../../Engine/Content/EngineMaterials/Substrate/Glints2/dict_0002_0135.uasset" 9609
"../../../Engine/Content/EngineMaterials/Substrate/Glints2/dict_0002_0132.uasset" 9610
"../../../Engine/Content/EngineMaterials/Substrate/Glints2/dict_0002_0130.uasset" 9611
"../../../Engine/Content/EngineMaterials/Substrate/Glints2/dict_0002_0137.uasset" 9612
"../../../Engine/Content/EngineMaterials/Substrate/Glints2/dict_0002_0138.uasset" 9613
"../../../Engine/Content/EngineMaterials/Substrate/Glints2/dict_0002_0129.uasset" 9614
"/Engine/EngineMaterials/Substrate/Glints2/dict_0002_0150" 9615
"../../../Engine/Content/EngineMaterials/Substrate/Glints2/dict_0002_0127.uasset" 9616
"../../../Engine/Content/EngineMaterials/Substrate/Glints2/dict_0002_0126.uasset" 9617
"../../../Engine/Content/EngineMaterials/Substrate/Glints2/dict_0002_0136.uasset" 9618
"../../../Engine/Content/EngineMaterials/Substrate/Glints2/dict_0002_0134.uasset" 9619
"../../../Engine/Content/EngineMaterials/Substrate/Glints2/dict_0002_0123.uasset" 9620
"../../../Engine/Content/EngineMaterials/Substrate/Glints2/dict_0002_0122.uasset" 9621
"/Engine/EngineMaterials/Substrate/Glints2/dict_0002_0151" 9622
"../../../Engine/Content/EngineMaterials/Substrate/Glints2/dict_0002_0125.uasset" 9623
"../../../Engine/Content/EngineMaterials/Substrate/Glints2/dict_0002_0131.uasset" 9624
"/Engine/EngineMaterials/Substrate/Glints2/dict_0002_0122" 9625
"../../../Engine/Content/EngineMaterials/Substrate/Glints2/dict_0002_0121.uasset" 9626
"/Engine/EngineMaterials/Substrate/Glints2/dict_0002_0123" 9627
"../../../Engine/Content/EngineMaterials/Substrate/Glints2/dict_0002_0116.uasset" 9628
"/Engine/EngineMaterials/Substrate/Glints2/dict_0002_0125" 9629
"../../../Engine/Content/EngineMaterials/Substrate/Glints2/dict_0002_0124.uasset" 9630
"../../../Engine/Content/EngineMaterials/Substrate/Glints2/dict_0002_0115.uasset" 9631
"../../../Engine/Content/EngineMaterials/Substrate/Glints2/dict_0002_0128.uasset" 9632
"../../../Engine/Content/EngineMaterials/Substrate/Glints2/dict_0002_0111.uasset" 9633
"../../../Engine/Content/EngineMaterials/Substrate/Glints2/dict_0002_0112.uasset" 9634
"../../../Engine/Content/EngineMaterials/Substrate/Glints2/dict_0002_0107.uasset" 9635
"../../../Engine/Content/EngineMaterials/Substrate/Glints2/dict_0002_0120.uasset" 9636
"/Engine/EngineMaterials/Substrate/Glints2/dict_0002_0126" 9637
"../../../Engine/Content/EngineMaterials/Substrate/Glints2/dict_0002_0109.uasset" 9638
"/Engine/EngineMaterials/Substrate/Glints2/dict_0002_0127" 9639
"/Engine/EngineMaterials/Substrate/Glints2/dict_0002_0129" 9640
"/Engine/EngineMaterials/Substrate/Glints2/dict_0002_0130" 9641
"/Engine/EngineMaterials/Substrate/Glints2/dict_0002_0131" 9642
"/Engine/EngineMaterials/Substrate/Glints2/dict_0002_0132" 9643
"/Engine/EngineMaterials/Substrate/Glints2/dict_0002_0133" 9644
"../../../Engine/Content/EngineMaterials/Substrate/Glints2/dict_0002_0117.uasset" 9645
"../../../Engine/Content/EngineMaterials/Substrate/Glints2/dict_0002_0119.uasset" 9646
"../../../Engine/Content/EngineMaterials/Substrate/Glints2/dict_0002_0114.uasset" 9647
"/Engine/EngineMaterials/Substrate/Glints2/dict_0002_0134" 9648
"../../../Engine/Content/EngineMaterials/Substrate/Glints2/dict_0002_0113.uasset" 9649
"../../../Engine/Content/EngineMaterials/Substrate/Glints2/dict_0002_0108.uasset" 9650
"../../../Engine/Content/EngineMaterials/Substrate/Glints2/dict_0002_0118.uasset" 9651
"../../../Engine/Content/EngineMaterials/Substrate/Glints2/dict_0002_0110.uasset" 9652
"/Engine/EngineMaterials/Substrate/Glints2/dict_0002_0135" 9653
"/Engine/EngineMaterials/Substrate/Glints2/dict_0002_0136" 9654
"/Engine/EngineMaterials/Substrate/Glints2/dict_0002_0137" 9655
"/Engine/EngineMaterials/Substrate/Glints2/dict_0002_0138" 9656
"/Engine/EngineMaterials/Substrate/Glints2/dict_0002_0107" 9657
"/Engine/EngineMaterials/Substrate/Glints2/dict_0002_0108" 9658
"/Engine/EngineMaterials/Substrate/Glints2/dict_0002_0120" 9659
"/Engine/EngineMaterials/Substrate/Glints2/dict_0002_0109" 9660
"../../../Engine/Content/EngineMaterials/Substrate/Glints2/dict_0002_0098.uasset" 9661
"../../../Engine/Content/EngineMaterials/Substrate/Glints2/dict_0002_0094.uasset" 9662
"/Engine/EngineMaterials/Substrate/Glints2/dict_0002_0110" 9663
"/Engine/EngineMaterials/Substrate/Glints2/dict_0002_0121" 9664
"/Engine/EngineMaterials/Substrate/Glints2/dict_0002_0111" 9665
"/Engine/EngineMaterials/Substrate/Glints2/dict_0002_0124" 9666
"/Engine/EngineMaterials/Substrate/Glints2/dict_0002_0112" 9667
"/Engine/EngineMaterials/Substrate/Glints2/dict_0002_0128" 9668
"/Engine/EngineMaterials/Substrate/Glints2/dict_0002_0113" 9669
"../../../Engine/Content/EngineMaterials/Substrate/Glints2/dict_0002_0092.uasset" 9670
"/Engine/EngineMaterials/Substrate/Glints2/dict_0002_0114" 9671
"../../../Engine/Content/EngineMaterials/Substrate/Glints2/dict_0002_0106.uasset" 9672
"../../../Engine/Content/EngineMaterials/Substrate/Glints2/dict_0002_0099.uasset" 9673
"../../../Engine/Content/EngineMaterials/Substrate/Glints2/dict_0002_0100.uasset" 9674
"../../../Engine/Content/EngineMaterials/Substrate/Glints2/dict_0002_0097.uasset" 9675
"../../../Engine/Content/EngineMaterials/Substrate/Glints2/dict_0002_0105.uasset" 9676
"/Engine/EngineMaterials/Substrate/Glints2/dict_0002_0115" 9677
"../../../Engine/Content/EngineMaterials/Substrate/Glints2/dict_0002_0101.uasset" 9678
"../../../Engine/Content/EngineMaterials/Substrate/Glints2/dict_0002_0102.uasset" 9679
"../../../Engine/Content/EngineMaterials/Substrate/Glints2/dict_0002_0095.uasset" 9680
"../../../Engine/Content/EngineMaterials/Substrate/Glints2/dict_0002_0104.uasset" 9681
"../../../Engine/Content/EngineMaterials/Substrate/Glints2/dict_0002_0093.uasset" 9682
"/Engine/EngineMaterials/Substrate/Glints2/dict_0002_0116" 9683
"../../../Engine/Content/EngineMaterials/Substrate/Glints2/dict_0002_0103.uasset" 9684
"../../../Engine/Content/EngineMaterials/Substrate/Glints2/dict_0002_0096.uasset" 9685
"/Engine/EngineMaterials/Substrate/Glints2/dict_0002_0117" 9686
"/Engine/EngineMaterials/Substrate/Glints2/dict_0002_0118" 9687
"/Engine/EngineMaterials/Substrate/Glints2/dict_0002_0119" 9688
"/Engine/EngineMaterials/Substrate/Glints2/dict_0002_0092" 9689
"/Engine/EngineMaterials/Substrate/Glints2/dict_0002_0093" 9690
"/Engine/EngineMaterials/Substrate/Glints2/dict_0002_0094" 9691
"../../../Engine/Content/EngineMaterials/Substrate/Glints2/dict_0002_0089.uasset" 9692
"../../../Engine/Content/EngineMaterials/Substrate/Glints2/dict_0002_0087.uasset" 9693
"/Engine/EngineMaterials/Substrate/Glints2/dict_0002_0095" 9694
"../../../Engine/Content/EngineMaterials/Substrate/Glints2/dict_0002_0078.uasset" 9695
"/Engine/EngineMaterials/Substrate/Glints2/dict_0002_0096" 9696
"/Engine/EngineMaterials/Substrate/Glints2/dict_0002_0097" 9697
"/Engine/EngineMaterials/Substrate/Glints2/dict_0002_0098" 9698
"/Engine/EngineMaterials/Substrate/Glints2/dict_0002_0099" 9699
"/Engine/EngineMaterials/Substrate/Glints2/dict_0002_0100" 9700
"/Engine/EngineMaterials/Substrate/Glints2/dict_0002_0101" 9701
"/Engine/EngineMaterials/Substrate/Glints2/dict_0002_0102" 9702
"/Engine/EngineMaterials/Substrate/Glints2/dict_0002_0103" 9703
"/Engine/EngineMaterials/Substrate/Glints2/dict_0002_0104" 9704
"../../../Engine/Content/EngineMaterials/Substrate/Glints2/dict_0002_0082.uasset" 9705
"../../../Engine/Content/EngineMaterials/Substrate/Glints2/dict_0002_0079.uasset" 9706
"../../../Engine/Content/EngineMaterials/Substrate/Glints2/dict_0002_0083.uasset" 9707
"../../../Engine/Content/EngineMaterials/Substrate/Glints2/dict_0002_0088.uasset" 9708
"../../../Engine/Content/EngineMaterials/Substrate/Glints2/dict_0002_0091.uasset" 9709
"/Engine/EngineMaterials/Substrate/Glints2/dict_0002_0105" 9710
"../../../Engine/Content/EngineMaterials/Substrate/Glints2/dict_0002_0085.uasset" 9711
"../../../Engine/Content/EngineMaterials/Substrate/Glints2/dict_0002_0090.uasset" 9712
"../../../Engine/Content/EngineMaterials/Substrate/Glints2/dict_0002_0084.uasset" 9713
"/Engine/EngineMaterials/Substrate/Glints2/dict_0002_0106" 9714
"../../../Engine/Content/EngineMaterials/Substrate/Glints2/dict_0002_0077.uasset" 9715
"../../../Engine/Content/EngineMaterials/Substrate/Glints2/dict_0002_0086.uasset" 9716
"../../../Engine/Content/EngineMaterials/Substrate/Glints2/dict_0002_0081.uasset" 9717
"../../../Engine/Content/EngineMaterials/Substrate/Glints2/dict_0002_0075.uasset" 9718
"/Engine/EngineMaterials/Substrate/Glints2/dict_0002_0077" 9719
"../../../Engine/Content/EngineMaterials/Substrate/Glints2/dict_0002_0080.uasset" 9720
"/Engine/EngineMaterials/Substrate/Glints2/dict_0002_0078" 9721
"/Engine/EngineMaterials/Substrate/Glints2/dict_0002_0079" 9722
"/Engine/EngineMaterials/Substrate/Glints2/dict_0002_0081" 9723
"../../../Engine/Content/EngineMaterials/Substrate/Glints2/dict_0002_0066.uasset" 9724
"/Engine/EngineMaterials/Substrate/Glints2/dict_0002_0082" 9725
"/Engine/EngineMaterials/Substrate/Glints2/dict_0002_0083" 9726
"../../../Engine/Content/EngineMaterials/Substrate/Glints2/dict_0002_0076.uasset" 9727
"../../../Engine/Content/EngineMaterials/Substrate/Glints2/dict_0002_0061.uasset" 9728
"/Engine/EngineMaterials/Substrate/Glints2/dict_0002_0084" 9729
"/Engine/EngineMaterials/Substrate/Glints2/dict_0002_0085" 9730
"/Engine/EngineMaterials/Substrate/Glints2/dict_0002_0086" 9731
"/Engine/EngineMaterials/Substrate/Glints2/dict_0002_0087" 9732
"/Engine/EngineMaterials/Substrate/Glints2/dict_0002_0088" 9733
"/Engine/EngineMaterials/Substrate/Glints2/dict_0002_0089" 9734
"/Engine/EngineMaterials/Substrate/Glints2/dict_0002_0090" 9735
"../../../Engine/Content/EngineMaterials/Substrate/Glints2/dict_0002_0071.uasset" 9736
"/Engine/EngineMaterials/Substrate/Glints2/dict_0002_0091" 9737
"../../../Engine/Content/EngineMaterials/Substrate/Glints2/dict_0002_0074.uasset" 9738
"../../../Engine/Content/EngineMaterials/Substrate/Glints2/dict_0002_0064.uasset" 9739
"../../../Engine/Content/EngineMaterials/Substrate/Glints2/dict_0002_0065.uasset" 9740
"/Engine/EngineMaterials/Substrate/Glints2/dict_0002_0075" 9741
"../../../Engine/Content/EngineMaterials/Substrate/Glints2/dict_0002_0069.uasset" 9742
"/Engine/EngineMaterials/Substrate/Glints2/dict_0002_0076" 9743
"../../../Engine/Content/EngineMaterials/Substrate/Glints2/dict_0002_0073.uasset" 9744
"/Engine/EngineMaterials/Substrate/Glints2/dict_0002_0080" 9745
"../../../Engine/Content/EngineMaterials/Substrate/Glints2/dict_0002_0055.uasset" 9746
"/Engine/EngineMaterials/Substrate/Glints2/dict_0002_0061" 9747
"../../../Engine/Content/EngineMaterials/Substrate/Glints2/dict_0002_0072.uasset" 9748
"../../../Engine/Content/EngineMaterials/Substrate/Glints2/dict_0002_0070.uasset" 9749
"/Engine/EngineMaterials/Substrate/Glints2/dict_0002_0064" 9750
"/Engine/EngineMaterials/Substrate/Glints2/dict_0002_0066" 9751
"../../../Engine/Content/EngineMaterials/Substrate/Glints2/dict_0002_0067.uasset" 9752
"../../../Engine/Content/EngineMaterials/Substrate/Glints2/dict_0002_0052.uasset" 9753
"/Engine/EngineMaterials/Substrate/Glints2/dict_0002_0071" 9754
"../../../Engine/Content/EngineMaterials/Substrate/Glints2/dict_0002_0068.uasset" 9755
"../../../Engine/Content/EngineMaterials/Substrate/Glints2/dict_0002_0060.uasset" 9756
"../../../Engine/Content/EngineMaterials/Substrate/Glints2/dict_0002_0062.uasset" 9757
"../../../Engine/Content/EngineMaterials/Substrate/Glints2/dict_0002_0063.uasset" 9758
"/Engine/EngineMaterials/Substrate/Glints2/dict_0002_0074" 9759
"../../../Engine/Content/EngineMaterials/Substrate/Glints2/dict_0002_0046.uasset" 9760
"../../../Engine/Content/EngineMaterials/Substrate/Glints2/dict_0002_0047.uasset" 9761
"/Engine/EngineMaterials/Substrate/Glints2/dict_0002_0046" 9762
"/Engine/EngineMaterials/Substrate/Glints2/dict_0002_0047" 9763
"../../../Engine/Content/EngineMaterials/Substrate/Glints2/dict_0002_0044.uasset" 9764
"/Engine/EngineMaterials/Substrate/Glints2/dict_0002_0060" 9765
"../../../Engine/Content/EngineMaterials/Substrate/Glints2/dict_0002_0038.uasset" 9766
"/Engine/EngineMaterials/Substrate/Glints2/dict_0002_0062" 9767
"../../../Engine/Content/EngineMaterials/Substrate/Glints2/dict_0002_0053.uasset" 9768
"../../../Engine/Content/EngineMaterials/Substrate/Glints2/dict_0002_0057.uasset" 9769
"/Engine/EngineMaterials/Substrate/Glints2/dict_0002_0063" 9770
"../../../Engine/Content/EngineMaterials/Substrate/Glints2/dict_0002_0050.uasset" 9771
"../../../Engine/Content/EngineMaterials/Substrate/Glints2/dict_0002_0059.uasset" 9772
"/Engine/EngineMaterials/Substrate/Glints2/dict_0002_0052" 9773
"../../../Engine/Content/EngineMaterials/Substrate/Glints2/dict_0002_0048.uasset" 9774
"../../../Engine/Content/EngineMaterials/Substrate/Glints2/dict_0002_0056.uasset" 9775
"/Engine/EngineMaterials/Substrate/Glints2/dict_0002_0065" 9776
"../../../Engine/Content/EngineMaterials/Substrate/Glints2/dict_0002_0040.uasset" 9777
"/Engine/EngineMaterials/Substrate/Glints2/dict_0002_0055" 9778
"../../../Engine/Content/EngineMaterials/Substrate/Glints2/dict_0002_0051.uasset" 9779
"/Engine/EngineMaterials/Substrate/Glints2/dict_0002_0067" 9780
"/Engine/EngineMaterials/Substrate/Glints2/dict_0002_0068" 9781
"../../../Engine/Content/EngineMaterials/Substrate/Glints2/dict_0002_0058.uasset" 9782
"../../../Engine/Content/EngineMaterials/Substrate/Glints2/dict_0002_0054.uasset" 9783
"/Engine/EngineMaterials/Substrate/Glints2/dict_0002_0069" 9784
"../../../Engine/Content/EngineMaterials/Substrate/Glints2/dict_0002_0049.uasset" 9785
"/Engine/EngineMaterials/Substrate/Glints2/dict_0002_0070" 9786
"/Engine/EngineMaterials/Substrate/Glints2/dict_0002_0072" 9787
"/Engine/EngineMaterials/Substrate/Glints2/dict_0002_0073" 9788
"/Engine/EngineMaterials/Substrate/Glints2/dict_0002_0038" 9789
"../../../Engine/Content/EngineMaterials/Substrate/Glints2/dict_0002_0045.uasset" 9790
"/Engine/EngineMaterials/Substrate/Glints2/dict_0002_0048" 9791
"../../../Engine/Content/EngineMaterials/Substrate/Glints2/dict_0002_0042.uasset" 9792
"/Engine/EngineMaterials/Substrate/Glints2/dict_0002_0040" 9793
"../../../Engine/Content/EngineMaterials/Substrate/Glints2/dict_0002_0026.uasset" 9794
"../../../Engine/Content/EngineMaterials/Substrate/Glints2/dict_0002_0043.uasset" 9795
"/Engine/EngineMaterials/Substrate/Glints2/dict_0002_0049" 9796
"../../../Engine/Content/EngineMaterials/Substrate/Glints2/dict_0002_0041.uasset" 9797
"../../../Engine/Content/EngineMaterials/Substrate/Glints2/dict_0002_0025.uasset" 9798
"../../../Engine/Content/EngineMaterials/Substrate/Glints2/dict_0002_0039.uasset" 9799
"../../../Engine/Content/EngineMaterials/Substrate/Glints2/dict_0002_0028.uasset" 9800
"/Engine/EngineMaterials/Substrate/Glints2/dict_0002_0050" 9801
"/Engine/EngineMaterials/Substrate/Glints2/dict_0002_0051" 9802
"/Engine/EngineMaterials/Substrate/Glints2/dict_0002_0053" 9803
"/Engine/EngineMaterials/Substrate/Glints2/dict_0002_0054" 9804
"/Engine/EngineMaterials/Substrate/Glints2/dict_0002_0056" 9805
"/Engine/EngineMaterials/Substrate/Glints2/dict_0002_0057" 9806
"/Engine/EngineMaterials/Substrate/Glints2/dict_0002_0058" 9807
"../../../Engine/Content/EngineMaterials/Substrate/Glints2/dict_0002_0033.uasset" 9808
"../../../Engine/Content/EngineMaterials/Substrate/Glints2/dict_0002_0035.uasset" 9809
"../../../Engine/Content/EngineMaterials/Substrate/Glints2/dict_0002_0030.uasset" 9810
"/Engine/EngineMaterials/Substrate/Glints2/dict_0002_0059" 9811
"../../../Engine/Content/EngineMaterials/Substrate/Glints2/dict_0002_0036.uasset" 9812
"../../../Engine/Content/EngineMaterials/Substrate/Glints2/dict_0002_0031.uasset" 9813
"../../../Engine/Content/EngineMaterials/Substrate/Glints2/dict_0002_0032.uasset" 9814
"/Engine/EngineMaterials/Substrate/Glints2/dict_0002_0044" 9815
"../../../Engine/Content/EngineMaterials/Substrate/Glints2/dict_0002_0027.uasset" 9816
"../../../Engine/Content/EngineMaterials/Substrate/Glints2/dict_0002_0034.uasset" 9817
"../../../Engine/Content/EngineMaterials/Substrate/Glints2/dict_0002_0029.uasset" 9818
"../../../Engine/Content/EngineMaterials/Substrate/Glints2/dict_0002_0037.uasset" 9819
"/Engine/EngineMaterials/Substrate/Glints2/dict_0002_0039" 9820
"../../../Engine/Content/EngineMaterials/Substrate/Glints2/dict_0002_0024.uasset" 9821
"/Engine/EngineMaterials/Substrate/Glints2/dict_0002_0025" 9822
"/Engine/EngineMaterials/Substrate/Glints2/dict_0002_0026" 9823
"../../../Engine/Content/EngineMaterials/Substrate/Glints2/dict_0002_0012.uasset" 9824
"/Engine/EngineMaterials/Substrate/Glints2/dict_0002_0041" 9825
"../../../Engine/Content/EngineMaterials/Substrate/Glints2/dict_0002_0017.uasset" 9826
"/Engine/EngineMaterials/Substrate/Glints2/dict_0002_0027" 9827
"/Engine/EngineMaterials/Substrate/Glints2/dict_0002_0028" 9828
"/Engine/EngineMaterials/Substrate/Glints2/dict_0002_0042" 9829
"/Engine/EngineMaterials/Substrate/Glints2/dict_0002_0029" 9830
"/Engine/EngineMaterials/Substrate/Glints2/dict_0002_0030" 9831
"/Engine/EngineMaterials/Substrate/Glints2/dict_0002_0043" 9832
"/Engine/EngineMaterials/Substrate/Glints2/dict_0002_0031" 9833
"/Engine/EngineMaterials/Substrate/Glints2/dict_0002_0032" 9834
"../../../Engine/Content/EngineMaterials/Substrate/Glints2/dict_0002_0023.uasset" 9835
"../../../Engine/Content/EngineMaterials/Substrate/Glints2/dict_0002_0021.uasset" 9836
"../../../Engine/Content/EngineMaterials/Substrate/Glints2/dict_0002_0022.uasset" 9837
"../../../Engine/Content/EngineMaterials/Substrate/Glints2/dict_0002_0016.uasset" 9838
"../../../Engine/Content/EngineMaterials/Substrate/Glints2/dict_0002_0020.uasset" 9839
"/Engine/EngineMaterials/Substrate/Glints2/dict_0002_0033" 9840
"../../../Engine/Content/EngineMaterials/Substrate/Glints2/dict_0002_0019.uasset" 9841
"../../../Engine/Content/EngineMaterials/Substrate/Glints2/dict_0002_0013.uasset" 9842
"../../../Engine/Content/EngineMaterials/Substrate/Glints2/dict_0002_0018.uasset" 9843
"../../../Engine/Content/EngineMaterials/Substrate/Glints2/dict_0002_0014.uasset" 9844
"../../../Engine/Content/EngineMaterials/Substrate/Glints2/dict_0002_0015.uasset" 9845
"../../../Engine/Content/EngineMaterials/Substrate/Glints2/dict_0002_0011.uasset" 9846
"/Engine/EngineMaterials/Substrate/Glints2/dict_0002_0034" 9847
"/Engine/EngineMaterials/Substrate/Glints2/dict_0002_0035" 9848
"/Engine/EngineMaterials/Substrate/Glints2/dict_0002_0036" 9849
"/Engine/EngineMaterials/Substrate/Glints2/dict_0002_0037" 9850
"/Engine/EngineMaterials/Substrate/Glints2/dict_0002_0045" 9851
"/Engine/EngineMaterials/Substrate/Glints2/dict_0002_0011" 9852
"/Engine/EngineMaterials/Substrate/Glints2/dict_0002_0024" 9853
"/Engine/EngineMaterials/Substrate/Glints2/dict_0002_0012" 9854
"../../../Engine/Content/EngineMaterials/Substrate/Glints2/dict_0002_0010.uasset" 9855
"/Engine/EngineMaterials/Substrate/Glints2/dict_0002_0013" 9856
"../../../Engine/Content/EngineMaterials/Substrate/Glints2/dict_0001_0251.uasset" 9857
"../../../Engine/Content/EngineMaterials/Substrate/Glints2/dict_0001_0250.uasset" 9858
"/Engine/EngineMaterials/Substrate/Glints2/dict_0002_0014" 9859
"../../../Engine/Content/EngineMaterials/Substrate/Glints2/dict_0002_0004.uasset" 9860
"/Engine/EngineMaterials/Substrate/Glints2/dict_0002_0015" 9861
"/Engine/EngineMaterials/Substrate/Glints2/dict_0002_0016" 9862
"/Engine/EngineMaterials/Substrate/Glints2/dict_0002_0017" 9863
"/Engine/EngineMaterials/Substrate/Glints2/dict_0002_0018" 9864
"/Engine/EngineMaterials/Substrate/Glints2/dict_0002_0019" 9865
"/Engine/EngineMaterials/Substrate/Glints2/dict_0002_0020" 9866
"../../../Engine/Content/EngineMaterials/Substrate/Glints2/dict_0001_0252.uasset" 9867
"../../../Engine/Content/EngineMaterials/Substrate/Glints2/dict_0001_0249.uasset" 9868
"../../../Engine/Content/EngineMaterials/Substrate/Glints2/dict_0001_0253.uasset" 9869
"../../../Engine/Content/EngineMaterials/Substrate/Glints2/dict_0002_0005.uasset" 9870
"/Engine/EngineMaterials/Substrate/Glints2/dict_0002_0021" 9871
"../../../Engine/Content/EngineMaterials/Substrate/Glints2/dict_0002_0000.uasset" 9872
"../../../Engine/Content/EngineMaterials/Substrate/Glints2/dict_0002_0008.uasset" 9873
"../../../Engine/Content/EngineMaterials/Substrate/Glints2/dict_0001_0255.uasset" 9874
"../../../Engine/Content/EngineMaterials/Substrate/Glints2/dict_0002_0003.uasset" 9875
"../../../Engine/Content/EngineMaterials/Substrate/Glints2/dict_0002_0002.uasset" 9876
"/Engine/EngineMaterials/Substrate/Glints2/dict_0002_0022" 9877
"../../../Engine/Content/EngineMaterials/Substrate/Glints2/dict_0002_0001.uasset" 9878
"../../../Engine/Content/EngineMaterials/Substrate/Glints2/dict_0002_0009.uasset" 9879
"../../../Engine/Content/EngineMaterials/Substrate/Glints2/dict_0002_0006.uasset" 9880
"../../../Engine/Content/EngineMaterials/Substrate/Glints2/dict_0002_0007.uasset" 9881
"../../../Engine/Content/EngineMaterials/Substrate/Glints2/dict_0001_0254.uasset" 9882
"/Engine/EngineMaterials/Substrate/Glints2/dict_0002_0023" 9883
"/Engine/EngineMaterials/Substrate/Glints2/dict_0001_0249" 9884
"/Engine/EngineMaterials/Substrate/Glints2/dict_0001_0250" 9885
"/Engine/EngineMaterials/Substrate/Glints2/dict_0001_0251" 9886
"../../../Engine/Content/EngineMaterials/Substrate/Glints2/dict_0001_0243.uasset" 9887
"/Engine/EngineMaterials/Substrate/Glints2/dict_0001_0252" 9888
"/Engine/EngineMaterials/Substrate/Glints2/dict_0001_0253" 9889
"/Engine/EngineMaterials/Substrate/Glints2/dict_0001_0254" 9890
"/Engine/EngineMaterials/Substrate/Glints2/dict_0001_0255" 9891
"/Engine/EngineMaterials/Substrate/Glints2/dict_0002_0000" 9892
"/Engine/EngineMaterials/Substrate/Glints2/dict_0002_0001" 9893
"/Engine/EngineMaterials/Substrate/Glints2/dict_0002_0002" 9894
"/Engine/EngineMaterials/Substrate/Glints2/dict_0002_0003" 9895
"/Engine/EngineMaterials/Substrate/Glints2/dict_0002_0004" 9896
"/Engine/EngineMaterials/Substrate/Glints2/dict_0002_0005" 9897
"../../../Engine/Content/EngineMaterials/Substrate/Glints2/dict_0001_0245.uasset" 9898
"../../../Engine/Content/EngineMaterials/Substrate/Glints2/dict_0001_0236.uasset" 9899
"/Engine/EngineMaterials/Substrate/Glints2/dict_0002_0006" 9900
"../../../Engine/Content/EngineMaterials/Substrate/Glints2/dict_0001_0244.uasset" 9901
"/Engine/EngineMaterials/Substrate/Glints2/dict_0002_0007" 9902
"/Engine/EngineMaterials/Substrate/Glints2/dict_0002_0008" 9903
"/Engine/EngineMaterials/Substrate/Glints2/dict_0002_0009" 9904
"/Engine/EngineMaterials/Substrate/Glints2/dict_0002_0010" 9905
"../../../Engine/Content/EngineMaterials/Substrate/Glints2/dict_0001_0246.uasset" 9906
"../../../Engine/Content/EngineMaterials/Substrate/Glints2/dict_0001_0247.uasset" 9907
"../../../Engine/Content/EngineMaterials/Substrate/Glints2/dict_0001_0240.uasset" 9908
"../../../Engine/Content/EngineMaterials/Substrate/Glints2/dict_0001_0238.uasset" 9909
"../../../Engine/Content/EngineMaterials/Substrate/Glints2/dict_0001_0242.uasset" 9910
"/Engine/EngineMaterials/Substrate/Glints2/dict_0001_0236" 9911
"../../../Engine/Content/EngineMaterials/Substrate/Glints2/dict_0001_0248.uasset" 9912
"../../../Engine/Content/EngineMaterials/Substrate/Glints2/dict_0001_0237.uasset" 9913
"../../../Engine/Content/EngineMaterials/Substrate/Glints2/dict_0001_0239.uasset" 9914
"/Engine/EngineMaterials/Substrate/Glints2/dict_0001_0243" 9915
"/Engine/EngineMaterials/Substrate/Glints2/dict_0001_0244" 9916
"../../../Engine/Content/EngineMaterials/Substrate/Glints2/dict_0001_0234.uasset" 9917
"/Engine/EngineMaterials/Substrate/Glints2/dict_0001_0245" 9918
"../../../Engine/Content/EngineMaterials/Substrate/Glints2/dict_0001_0235.uasset" 9919
"../../../Engine/Content/EngineMaterials/Substrate/Glints2/dict_0001_0241.uasset" 9920
"/Engine/EngineMaterials/Substrate/Glints2/dict_0001_0246" 9921
"/Engine/EngineMaterials/Substrate/Glints2/dict_0001_0247" 9922
"/Engine/EngineMaterials/Substrate/Glints2/dict_0001_0235" 9923
"../../../Engine/Content/EngineMaterials/Substrate/Glints2/dict_0001_0217.uasset" 9924
"/Engine/EngineMaterials/Substrate/Glints2/dict_0001_0237" 9925
"/Engine/EngineMaterials/Substrate/Glints2/dict_0001_0238" 9926
"../../../Engine/Content/EngineMaterials/Substrate/Glints2/dict_0001_0229.uasset" 9927
"/Engine/EngineMaterials/Substrate/Glints2/dict_0001_0239" 9928
"/Engine/EngineMaterials/Substrate/Glints2/dict_0001_0240" 9929
"/Engine/EngineMaterials/Substrate/Glints2/dict_0001_0241" 9930
"../../../Engine/Content/EngineMaterials/Substrate/Glints2/dict_0001_0214.uasset" 9931
"/Engine/EngineMaterials/Substrate/Glints2/dict_0001_0242" 9932
"../../../Engine/Content/EngineMaterials/Substrate/Glints2/dict_0001_0233.uasset" 9933
"/Engine/EngineMaterials/Substrate/Glints2/dict_0001_0248" 9934
"/Engine/EngineMaterials/Substrate/Glints2/dict_0001_0234" 9935
"/Engine/EngineMaterials/Substrate/Glints2/dict_0001_0217" 9936
"/Engine/EngineMaterials/Substrate/Glints2/dict_0001_0229" 9937
"../../../Engine/Content/EngineMaterials/Substrate/Glints2/dict_0001_0232.uasset" 9938
"../../../Engine/Content/EngineMaterials/Substrate/Glints2/dict_0001_0219.uasset" 9939
"../../../Engine/Content/EngineMaterials/Substrate/Glints2/dict_0001_0222.uasset" 9940
"/Engine/EngineMaterials/Substrate/Glints2/dict_0001_0214" 9941
"../../../Engine/Content/EngineMaterials/Substrate/Glints2/dict_0001_0224.uasset" 9942
"../../../Engine/Content/EngineMaterials/Substrate/Glints2/dict_0001_0218.uasset" 9943
"../../../Engine/Content/EngineMaterials/Substrate/Glints2/dict_0001_0228.uasset" 9944
"/Engine/EngineMaterials/Substrate/Glints2/dict_0001_0233" 9945
"../../../Engine/Content/EngineMaterials/Substrate/Glints2/dict_0001_0221.uasset" 9946
"/Engine/EngineMaterials/Substrate/Glints2/dict_0001_0218" 9947
"../../../Engine/Content/EngineMaterials/Substrate/Glints2/dict_0001_0211.uasset" 9948
"/Engine/EngineMaterials/Substrate/Glints2/dict_0001_0219" 9949
"/Engine/EngineMaterials/Substrate/Glints2/dict_0001_0221" 9950
"../../../Engine/Content/EngineMaterials/Substrate/Glints2/dict_0001_0230.uasset" 9951
"../../../Engine/Content/EngineMaterials/Substrate/Glints2/dict_0001_0231.uasset" 9952
"/Engine/EngineMaterials/Substrate/Glints2/dict_0001_0222" 9953
"../../../Engine/Content/EngineMaterials/Substrate/Glints2/dict_0001_0223.uasset" 9954
"../../../Engine/Content/EngineMaterials/Substrate/Glints2/dict_0001_0226.uasset" 9955
"../../../Engine/Content/EngineMaterials/Substrate/Glints2/dict_0001_0220.uasset" 9956
"/Engine/EngineMaterials/Substrate/Glints2/dict_0001_0224" 9957
"/Engine/EngineMaterials/Substrate/Glints2/dict_0001_0228" 9958
"../../../Engine/Content/EngineMaterials/Substrate/Glints2/dict_0001_0212.uasset" 9959
"/Engine/EngineMaterials/Substrate/Glints2/dict_0001_0232" 9960
"../../../Engine/Content/EngineMaterials/Substrate/Glints2/dict_0001_0200.uasset" 9961
"/Engine/EngineMaterials/Substrate/Glints2/dict_0001_0211" 9962
"/Engine/EngineMaterials/Substrate/Glints2/dict_0001_0220" 9963
"../../../Engine/Content/EngineMaterials/Substrate/Glints2/dict_0001_0225.uasset" 9964
"../../../Engine/Content/EngineMaterials/Substrate/Glints2/dict_0001_0213.uasset" 9965
"/Engine/EngineMaterials/Substrate/Glints2/dict_0001_0223" 9966
"/Engine/EngineMaterials/Substrate/Glints2/dict_0001_0226" 9967
"/Engine/EngineMaterials/Substrate/Glints2/dict_0001_0212" 9968
"../../../Engine/Content/EngineMaterials/Substrate/Glints2/dict_0001_0206.uasset" 9969
"../../../Engine/Content/EngineMaterials/Substrate/Glints2/dict_0001_0216.uasset" 9970
"/Engine/EngineMaterials/Substrate/Glints2/dict_0001_0200" 9971
"../../../Engine/Content/EngineMaterials/Substrate/Glints2/dict_0001_0210.uasset" 9972
"/Engine/EngineMaterials/Substrate/Glints2/dict_0001_0230" 9973
"/Engine/EngineMaterials/Substrate/Glints2/dict_0001_0231" 9974
"../../../Engine/Content/EngineMaterials/Substrate/Glints2/dict_0001_0227.uasset" 9975
"/Engine/EngineMaterials/Substrate/Glints2/dict_0001_0206" 9976
"../../../Engine/Content/EngineMaterials/Substrate/Glints2/dict_0001_0208.uasset" 9977
"../../../Engine/Content/EngineMaterials/Substrate/Glints2/dict_0001_0204.uasset" 9978
"/Engine/EngineMaterials/Substrate/Glints2/dict_0001_0225" 9979
"../../../Engine/Content/EngineMaterials/Substrate/Glints2/dict_0001_0207.uasset" 9980
"/Engine/EngineMaterials/Substrate/Glints2/dict_0001_0227" 9981
"../../../Engine/Content/EngineMaterials/Substrate/Glints2/dict_0001_0209.uasset" 9982
"/Engine/EngineMaterials/Substrate/Glints2/dict_0001_0213" 9983
"../../../Engine/Content/EngineMaterials/Substrate/Glints2/dict_0001_0202.uasset" 9984
"../../../Engine/Content/EngineMaterials/Substrate/Glints2/dict_0001_0215.uasset" 9985
"/Engine/EngineMaterials/Substrate/Glints2/dict_0001_0216" 9986
"/Engine/EngineMaterials/Substrate/Glints2/dict_0001_0210" 9987
"/Engine/EngineMaterials/Substrate/Glints2/dict_0001_0202" 9988
"../../../Engine/Content/EngineMaterials/Substrate/Glints2/dict_0001_0197.uasset" 9989
"../../../Engine/Content/EngineMaterials/Substrate/Glints2/dict_0001_0203.uasset" 9990
"/Engine/EngineMaterials/Substrate/Glints2/dict_0001_0204" 9991
"/Engine/EngineMaterials/Substrate/Glints2/dict_0001_0207" 9992
"../../../Engine/Content/EngineMaterials/Substrate/Glints2/dict_0001_0198.uasset" 9993
"../../../Engine/Content/EngineMaterials/Substrate/Glints2/dict_0001_0193.uasset" 9994
"/Engine/EngineMaterials/Substrate/Glints2/dict_0001_0208" 9995
"/Engine/EngineMaterials/Substrate/Glints2/dict_0001_0215" 9996
"/Engine/EngineMaterials/Substrate/Glints2/dict_0001_0209" 9997
"/Engine/EngineMaterials/Substrate/Glints2/dict_0001_0198" 9998
"../../../Engine/Content/EngineMaterials/Substrate/Glints2/dict_0001_0201.uasset" 9999
"../../../Engine/Content/EngineMaterials/Substrate/Glints2/dict_0001_0194.uasset" 10000
"../../../Engine/Content/EngineMaterials/Substrate/Glints2/dict_0001_0196.uasset" 10001
"../../../Engine/Content/EngineMaterials/Substrate/Glints2/dict_0001_0195.uasset" 10002
"/Engine/EngineMaterials/Substrate/Glints2/dict_0001_0203" 10003
"../../../Engine/Content/EngineMaterials/Substrate/Glints2/dict_0001_0192.uasset" 10004
"/Engine/EngineMaterials/Substrate/Glints2/dict_0001_0193" 10005
"/Engine/EngineMaterials/Substrate/Glints2/dict_0001_0197" 10006
"../../../Engine/Content/EngineMaterials/Substrate/Glints2/dict_0001_0178.uasset" 10007
"../../../Engine/Content/EngineMaterials/Substrate/Glints2/dict_0001_0205.uasset" 10008
"/Engine/EngineMaterials/Substrate/Glints2/dict_0001_0205" 10009
"../../../Engine/Content/EngineMaterials/Substrate/Glints2/dict_0001_0190.uasset" 10010
"/Engine/EngineMaterials/Substrate/Glints2/dict_0001_0192" 10011
"../../../Engine/Content/EngineMaterials/Substrate/Glints2/dict_0001_0186.uasset" 10012
"/Engine/EngineMaterials/Substrate/Glints2/dict_0001_0194" 10013
"../../../Engine/Content/EngineMaterials/Substrate/Glints2/dict_0001_0189.uasset" 10014
"/Engine/EngineMaterials/Substrate/Glints2/dict_0001_0195" 10015
"../../../Engine/Content/EngineMaterials/Substrate/Glints2/dict_0001_0199.uasset" 10016
"../../../Engine/Content/EngineMaterials/Substrate/Glints2/dict_0001_0188.uasset" 10017
"../../../Engine/Content/EngineMaterials/Substrate/Glints2/dict_0001_0173.uasset" 10018
"/Engine/EngineMaterials/Substrate/Glints2/dict_0001_0178" 10019
"/Engine/EngineMaterials/Substrate/Glints2/dict_0001_0196" 10020
"/Engine/EngineMaterials/Substrate/Glints2/dict_0001_0201" 10021
"../../../Engine/Content/EngineMaterials/Substrate/Glints2/dict_0001_0184.uasset" 10022
"../../../Engine/Content/EngineMaterials/Substrate/Glints2/dict_0001_0185.uasset" 10023
"../../../Engine/Content/EngineMaterials/Substrate/Glints2/dict_0001_0182.uasset" 10024
"../../../Engine/Content/EngineMaterials/Substrate/Glints2/dict_0001_0174.uasset" 10025
"/Engine/EngineMaterials/Substrate/Glints2/dict_0001_0184" 10026
"../../../Engine/Content/EngineMaterials/Substrate/Glints2/dict_0001_0183.uasset" 10027
"../../../Engine/Content/EngineMaterials/Substrate/Glints2/dict_0001_0181.uasset" 10028
"/Engine/EngineMaterials/Substrate/Glints2/dict_0001_0173" 10029
"../../../Engine/Content/EngineMaterials/Substrate/Glints2/dict_0001_0167.uasset" 10030
"/Engine/EngineMaterials/Substrate/Glints2/dict_0001_0185" 10031
"/Engine/EngineMaterials/Substrate/Glints2/dict_0001_0186" 10032
"../../../Engine/Content/EngineMaterials/Substrate/Glints2/dict_0001_0163.uasset" 10033
"../../../Engine/Content/EngineMaterials/Substrate/Glints2/dict_0001_0162.uasset" 10034
"/Engine/EngineMaterials/Substrate/Glints2/dict_0001_0174" 10035
"../../../Engine/Content/EngineMaterials/Substrate/Glints2/dict_0001_0187.uasset" 10036
"/Engine/EngineMaterials/Substrate/Glints2/dict_0001_0199" 10037
"../../../Engine/Content/EngineMaterials/Substrate/Glints2/dict_0001_0179.uasset" 10038
"../../../Engine/Content/EngineMaterials/Substrate/Glints2/dict_0001_0176.uasset" 10039
"../../../Engine/Content/EngineMaterials/Substrate/Glints2/dict_0001_0165.uasset" 10040
"/Engine/EngineMaterials/Substrate/Glints2/dict_0001_0188" 10041
"/Engine/EngineMaterials/Substrate/Glints2/dict_0001_0189" 10042
"../../../Engine/Content/EngineMaterials/Substrate/Glints2/dict_0001_0172.uasset" 10043
"/Engine/EngineMaterials/Substrate/Glints2/dict_0001_0190" 10044
"/Engine/EngineMaterials/Substrate/Glints2/dict_0001_0182" 10045
"../../../Engine/Content/EngineMaterials/Substrate/Glints2/dict_0001_0169.uasset" 10046
"../../../Engine/Content/EngineMaterials/Substrate/Glints2/dict_0001_0175.uasset" 10047
"/Engine/EngineMaterials/Substrate/Glints2/dict_0001_0167" 10048
"../../../Engine/Content/EngineMaterials/Substrate/Glints2/dict_0001_0171.uasset" 10049
"/Engine/EngineMaterials/Substrate/Glints2/dict_0001_0183" 10050
"/Engine/EngineMaterials/Substrate/Glints2/dict_0001_0172" 10051
"/Engine/EngineMaterials/Substrate/Glints2/dict_0001_0169" 10052
"../../../Engine/Content/EngineMaterials/Substrate/Glints2/dict_0001_0153.uasset" 10053
"/Engine/EngineMaterials/Substrate/Glints2/dict_0001_0162" 10054
"../../../Engine/Content/EngineMaterials/Substrate/Glints2/dict_0001_0168.uasset" 10055
"../../../Engine/Content/EngineMaterials/Substrate/Glints2/dict_0001_0152.uasset" 10056
"/Engine/EngineMaterials/Substrate/Glints2/dict_0001_0163" 10057
"../../../Engine/Content/EngineMaterials/Substrate/Glints2/dict_0001_0164.uasset" 10058
"/Engine/EngineMaterials/Substrate/Glints2/dict_0001_0187" 10059
"/Engine/EngineMaterials/Substrate/Glints2/dict_0001_0179" 10060
"../../../Engine/Content/EngineMaterials/Substrate/Glints2/dict_0001_0166.uasset" 10061
"/Engine/EngineMaterials/Substrate/Glints2/dict_0001_0165" 10062
"../../../Engine/Content/EngineMaterials/Substrate/Glints2/dict_0001_0161.uasset" 10063
"/Engine/EngineMaterials/Substrate/Glints2/dict_0001_0175" 10064
"/Engine/EngineMaterials/Substrate/Glints2/dict_0001_0181" 10065
"../../../Engine/Content/EngineMaterials/Substrate/Glints2/dict_0001_0160.uasset" 10066
"/Engine/EngineMaterials/Substrate/Glints2/dict_0001_0176" 10067
"/Engine/EngineMaterials/Substrate/Glints2/dict_0001_0171" 10068
"/Engine/EngineMaterials/Substrate/Glints2/dict_0001_0168" 10069
"/Engine/EngineMaterials/Substrate/Glints2/dict_0001_0160" 10070
"../../../Engine/Content/EngineMaterials/Substrate/Glints2/dict_0001_0146.uasset" 10071
"../../../Engine/Content/EngineMaterials/Substrate/Glints2/dict_0001_0159.uasset" 10072
"/Engine/EngineMaterials/Substrate/Glints2/dict_0001_0161" 10073
"../../../Engine/Content/EngineMaterials/Substrate/Glints2/dict_0001_0154.uasset" 10074
"../../../Engine/Content/EngineMaterials/Substrate/Glints2/dict_0001_0156.uasset" 10075
"/Engine/EngineMaterials/Substrate/Glints2/dict_0001_0152" 10076
"../../../Engine/Content/EngineMaterials/Substrate/Glints2/dict_0001_0158.uasset" 10077
"../../../Engine/Content/EngineMaterials/Substrate/Glints2/dict_0001_0155.uasset" 10078
"/Engine/EngineMaterials/Substrate/Glints2/dict_0001_0164" 10079
"/Engine/EngineMaterials/Substrate/Glints2/dict_0001_0153" 10080
"../../../Engine/Content/EngineMaterials/Substrate/Glints2/dict_0001_0157.uasset" 10081
"/Engine/EngineMaterials/Substrate/Glints2/dict_0001_0166" 10082
"/Engine/EngineMaterials/Substrate/Glints2/dict_0001_0154" 10083
"../../../Engine/Content/EngineMaterials/Substrate/Glints2/dict_0001_0150.uasset" 10084
"/Engine/EngineMaterials/Substrate/Glints2/dict_0001_0146" 10085
"../../../Engine/Content/EngineMaterials/Substrate/Glints2/dict_0001_0151.uasset" 10086
"../../../Engine/Content/EngineMaterials/Substrate/Glints2/dict_0001_0180.uasset" 10087
"/Engine/EngineMaterials/Substrate/Glints2/dict_0001_0155" 10088
"/Engine/EngineMaterials/Substrate/Glints2/dict_0001_0156" 10089
"/Engine/EngineMaterials/Substrate/Glints2/dict_0001_0157" 10090
"/Engine/EngineMaterials/Substrate/Glints2/dict_0001_0158" 10091
"../../../Engine/Content/EngineMaterials/Substrate/Glints2/dict_0001_0147.uasset" 10092
"/Engine/EngineMaterials/Substrate/Glints2/dict_0001_0159" 10093
"../../../Engine/Content/EngineMaterials/Substrate/Glints2/dict_0001_0145.uasset" 10094
"../../../Engine/Content/EngineMaterials/Substrate/Glints2/dict_0001_0149.uasset" 10095
"../../../Engine/Content/EngineMaterials/Substrate/Glints2/dict_0001_0144.uasset" 10096
"../../../Engine/Content/EngineMaterials/Substrate/Glints2/dict_0001_0143.uasset" 10097
"/Engine/EngineMaterials/Substrate/Glints2/dict_0001_0150" 10098
"../../../Engine/Content/EngineMaterials/Substrate/Glints2/dict_0001_0141.uasset" 10099
"/Engine/EngineMaterials/Substrate/Glints2/dict_0001_0151" 10100
"../../../Engine/Content/EngineMaterials/Substrate/Glints2/dict_0001_0148.uasset" 10101
"../../../Engine/Content/EngineMaterials/Substrate/Glints2/dict_0001_0142.uasset" 10102
"../../../Engine/Content/EngineMaterials/Substrate/Glints2/dict_0001_0140.uasset" 10103
"/Engine/EngineMaterials/Substrate/Glints2/dict_0001_0144" 10104
"../../../Engine/Content/EngineMaterials/Substrate/Glints2/dict_0001_0138.uasset" 10105
"../../../Engine/Content/EngineMaterials/Substrate/Glints2/dict_0001_0131.uasset" 10106
"../../../Engine/Content/EngineMaterials/Substrate/Glints2/dict_0001_0139.uasset" 10107
"/Engine/EngineMaterials/Substrate/Glints2/dict_0001_0145" 10108
"/Engine/EngineMaterials/Substrate/Glints2/dict_0001_0180" 10109
"/Engine/EngineMaterials/Substrate/Glints2/dict_0001_0147" 10110
"../../../Engine/Content/EngineMaterials/Substrate/Glints2/dict_0001_0137.uasset" 10111
"../../../Engine/Content/EngineMaterials/Substrate/Glints2/dict_0001_0136.uasset" 10112
"/Engine/EngineMaterials/Substrate/Glints2/dict_0001_0149" 10113
"../../../Engine/Content/EngineMaterials/Substrate/Glints2/dict_0001_0191.uasset" 10114
"/Engine/EngineMaterials/Substrate/Glints2/dict_0001_0138" 10115
"/Engine/EngineMaterials/Substrate/Glints2/dict_0001_0139" 10116
"../../../Engine/Content/EngineMaterials/Substrate/Glints2/dict_0001_0135.uasset" 10117
"../../../Engine/Content/EngineMaterials/Substrate/Glints2/dict_0001_0134.uasset" 10118
"../../../Engine/Content/EngineMaterials/Substrate/Glints2/dict_0001_0133.uasset" 10119
"/Engine/EngineMaterials/Substrate/Glints2/dict_0001_0131" 10120
"../../../Engine/Content/EngineMaterials/Substrate/Glints2/dict_0001_0132.uasset" 10121
"/Engine/EngineMaterials/Substrate/Glints2/dict_0001_0140" 10122
"../../../Engine/Content/EngineMaterials/Substrate/Glints2/dict_0001_0129.uasset" 10123
"../../../Engine/Content/EngineMaterials/Substrate/Glints2/dict_0001_0122.uasset" 10124
"../../../Engine/Content/EngineMaterials/Substrate/Glints2/dict_0001_0128.uasset" 10125
"../../../Engine/Content/EngineMaterials/Substrate/Glints2/dict_0001_0130.uasset" 10126
"/Engine/EngineMaterials/Substrate/Glints2/dict_0001_0141" 10127
"../../../Engine/Content/EngineMaterials/Substrate/Glints2/dict_0001_0116.uasset" 10128
"/Engine/EngineMaterials/Substrate/Glints2/dict_0001_0142" 10129
"../../../Engine/Content/EngineMaterials/Substrate/Glints2/dict_0001_0126.uasset" 10130
"/Engine/EngineMaterials/Substrate/Glints2/dict_0001_0143" 10131
"../../../Engine/Content/EngineMaterials/Substrate/Glints2/dict_0001_0127.uasset" 10132
"/Engine/EngineMaterials/Substrate/Glints2/dict_0001_0136" 10133
"../../../Engine/Content/EngineMaterials/Substrate/Glints2/dict_0001_0125.uasset" 10134
"/Engine/EngineMaterials/Substrate/Glints2/dict_0001_0148" 10135
"../../../Engine/Content/EngineMaterials/Substrate/Glints2/dict_0001_0124.uasset" 10136
"/Engine/EngineMaterials/Substrate/Glints2/dict_0001_0137" 10137
"../../../Engine/Content/EngineMaterials/Substrate/Glints2/dict_0001_0123.uasset" 10138
"/Engine/EngineMaterials/Substrate/Glints2/dict_0001_0130" 10139
"/Engine/EngineMaterials/Substrate/Glints2/dict_0001_0191" 10140
"/Engine/EngineMaterials/Substrate/Glints2/dict_0001_0132" 10141
"../../../Engine/Content/EngineMaterials/Substrate/Glints2/dict_0001_0113.uasset" 10142
"/Engine/EngineMaterials/Substrate/Glints2/dict_0001_0133" 10143
"/Engine/EngineMaterials/Substrate/Glints2/dict_0001_0116" 10144
"/Engine/EngineMaterials/Substrate/Glints2/dict_0001_0134" 10145
"../../../Engine/Content/EngineMaterials/Substrate/Glints2/dict_0001_0121.uasset" 10146
"/Engine/EngineMaterials/Substrate/Glints2/dict_0001_0135" 10147
"/Engine/EngineMaterials/Substrate/Glints2/dict_0001_0123" 10148
"../../../Engine/Content/EngineMaterials/Substrate/Glints2/dict_0001_0120.uasset" 10149
"/Engine/EngineMaterials/Substrate/Glints2/dict_0001_0124" 10150
"../../../Engine/Content/EngineMaterials/Substrate/Glints2/dict_0001_0117.uasset" 10151
"/Engine/EngineMaterials/Substrate/Glints2/dict_0001_0125" 10152
"/Engine/EngineMaterials/Substrate/Glints2/dict_0001_0126" 10153
"../../../Engine/Content/EngineMaterials/Substrate/Glints2/dict_0001_0118.uasset" 10154
"/Engine/EngineMaterials/Substrate/Glints2/dict_0001_0127" 10155
"/Engine/EngineMaterials/Substrate/Glints2/dict_0001_0128" 10156
"/Engine/EngineMaterials/Substrate/Glints2/dict_0001_0122" 10157
"/Engine/EngineMaterials/Substrate/Glints2/dict_0001_0129" 10158
"../../../Engine/Content/EngineMaterials/Substrate/Glints2/dict_0001_0115.uasset" 10159
"../../../Engine/Content/EngineMaterials/Substrate/Glints2/dict_0001_0114.uasset" 10160
"../../../Engine/Content/EngineMaterials/Substrate/Glints2/dict_0001_0112.uasset" 10161
"/Engine/EngineMaterials/Substrate/Glints2/dict_0001_0117" 10162
"../../../Engine/Content/EngineMaterials/Substrate/Glints2/dict_0001_0170.uasset" 10163
"../../../Engine/Content/EngineMaterials/Substrate/Glints2/dict_0001_0110.uasset" 10164
"/Engine/EngineMaterials/Substrate/Glints2/dict_0001_0113" 10165
"/Engine/EngineMaterials/Substrate/Glints2/dict_0001_0118" 10166
"../../../Engine/Content/EngineMaterials/Substrate/Glints2/dict_0001_0106.uasset" 10167
"../../../Engine/Content/EngineMaterials/Substrate/Glints2/dict_0001_0177.uasset" 10168
"/Engine/EngineMaterials/Substrate/Glints2/dict_0001_0120" 10169
"../../../Engine/Content/EngineMaterials/Substrate/Glints2/dict_0001_0111.uasset" 10170
"/Engine/EngineMaterials/Substrate/Glints2/dict_0001_0121" 10171
"../../../Engine/Content/EngineMaterials/Substrate/Glints2/dict_0001_0108.uasset" 10172
"../../../Engine/Content/EngineMaterials/Substrate/Glints2/dict_0001_0109.uasset" 10173
"/Engine/EngineMaterials/Substrate/Glints2/dict_0001_0106" 10174
"../../../Engine/Content/EngineMaterials/Substrate/Glints2/dict_0001_0107.uasset" 10175
"/Engine/EngineMaterials/Substrate/Glints2/dict_0001_0108" 10176
"/Engine/EngineMaterials/Substrate/Glints2/dict_0001_0109" 10177
"/Engine/EngineMaterials/Substrate/Glints2/dict_0001_0177" 10178
"/Engine/EngineMaterials/Substrate/Glints2/dict_0001_0110" 10179
"/Engine/EngineMaterials/Substrate/Glints2/dict_0001_0111" 10180
"/Engine/EngineMaterials/Substrate/Glints2/dict_0001_0112" 10181
"/Engine/EngineMaterials/Substrate/Glints2/dict_0001_0114" 10182
"/Engine/EngineMaterials/Substrate/Glints2/dict_0001_0170" 10183
"../../../Engine/Content/EngineMaterials/Substrate/Glints2/dict_0001_0094.uasset" 10184
"/Engine/EngineMaterials/Substrate/Glints2/dict_0001_0115" 10185
"/Engine/EngineMaterials/Substrate/Glints2/dict_0001_0107" 10186
"../../../Engine/Content/EngineMaterials/Substrate/Glints2/dict_0001_0105.uasset" 10187
"/Engine/EngineMaterials/Substrate/Glints2/dict_0001_0094" 10188
"../../../Engine/Content/EngineMaterials/Substrate/Glints2/dict_0001_0101.uasset" 10189
"/Engine/EngineMaterials/Substrate/Glints2/dict_0001_0105" 10190
"../../../Engine/Content/EngineMaterials/Substrate/Glints2/dict_0001_0097.uasset" 10191
"../../../Engine/Content/EngineMaterials/Substrate/Glints2/dict_0001_0098.uasset" 10192
"/Engine/EngineMaterials/Substrate/Glints2/dict_0001_0097" 10193
"../../../Engine/Content/EngineMaterials/Substrate/Glints2/dict_0001_0090.uasset" 10194
"/Engine/EngineMaterials/Substrate/Glints2/dict_0001_0101" 10195
"../../../Engine/Content/EngineMaterials/Substrate/Glints2/dict_0001_0095.uasset" 10196
"/Engine/EngineMaterials/Substrate/Glints2/dict_0001_0098" 10197
"/Engine/EngineMaterials/Substrate/Glints2/dict_0001_0090" 10198
"../../../Engine/Content/EngineMaterials/Substrate/Glints2/dict_0001_0104.uasset" 10199
"../../../Engine/Content/EngineMaterials/Substrate/Glints2/dict_0001_0089.uasset" 10200
"../../../Engine/Content/EngineMaterials/Substrate/Glints2/dict_0001_0087.uasset" 10201
"../../../Engine/Content/EngineMaterials/Substrate/Glints2/dict_0001_0100.uasset" 10202
"/Engine/EngineMaterials/Substrate/Glints2/dict_0001_0095" 10203
"../../../Engine/Content/EngineMaterials/Substrate/Glints2/dict_0001_0103.uasset" 10204
"../../../Engine/Content/EngineMaterials/Substrate/Glints2/dict_0001_0099.uasset" 10205
"../../../Engine/Content/EngineMaterials/Substrate/Glints2/dict_0001_0102.uasset" 10206
"../../../Engine/Content/EngineMaterials/Substrate/Glints2/dict_0001_0091.uasset" 10207
"../../../Engine/Content/EngineMaterials/Substrate/Glints2/dict_0001_0092.uasset" 10208
"/Engine/EngineMaterials/Substrate/Glints2/dict_0001_0104" 10209
"/Engine/EngineMaterials/Substrate/Glints2/dict_0001_0091" 10210
"../../../Engine/Content/EngineMaterials/Substrate/Glints2/dict_0001_0093.uasset" 10211
"/Engine/EngineMaterials/Substrate/Glints2/dict_0001_0092" 10212
"/Engine/EngineMaterials/Substrate/Glints2/dict_0001_0087" 10213
"/Engine/EngineMaterials/Substrate/Glints2/dict_0001_0099" 10214
"/Engine/EngineMaterials/Substrate/Glints2/dict_0001_0100" 10215
"/Engine/EngineMaterials/Substrate/Glints2/dict_0001_0089" 10216
"../../../Engine/Content/EngineMaterials/Substrate/Glints2/dict_0001_0084.uasset" 10217
"../../../Engine/Content/EngineMaterials/Substrate/Glints2/dict_0001_0085.uasset" 10218
"../../../Engine/Content/EngineMaterials/Substrate/Glints2/dict_0001_0086.uasset" 10219
"/Engine/EngineMaterials/Substrate/Glints2/dict_0001_0102" 10220
"/Engine/EngineMaterials/Substrate/Glints2/dict_0001_0103" 10221
"../../../Engine/Content/EngineMaterials/Substrate/Glints2/dict_0001_0082.uasset" 10222
"../../../Engine/Content/EngineMaterials/Substrate/Glints2/dict_0001_0079.uasset" 10223
"../../../Engine/Content/EngineMaterials/Substrate/Glints2/dict_0001_0088.uasset" 10224
"../../../Engine/Content/EngineMaterials/Substrate/Glints2/dict_0001_0083.uasset" 10225
"../../../Engine/Content/EngineMaterials/Substrate/Glints2/dict_0001_0071.uasset" 10226
"../../../Engine/Content/EngineMaterials/Substrate/Glints2/dict_0001_0096.uasset" 10227
"../../../Engine/Content/EngineMaterials/Substrate/Glints2/dict_0001_0070.uasset" 10228
"../../../Engine/Content/EngineMaterials/Substrate/Glints2/dict_0001_0076.uasset" 10229
"/Engine/EngineMaterials/Substrate/Glints2/dict_0001_0093" 10230
"../../../Engine/Content/EngineMaterials/Substrate/Glints2/dict_0001_0081.uasset" 10231
"../../../Engine/Content/EngineMaterials/Substrate/Glints2/dict_0001_0073.uasset" 10232
"../../../Engine/Content/EngineMaterials/Substrate/Glints2/dict_0001_0080.uasset" 10233
"/Engine/EngineMaterials/Substrate/Glints2/dict_0001_0079" 10234
"../../../Engine/Content/EngineMaterials/Substrate/Glints2/dict_0001_0078.uasset" 10235
"/Engine/EngineMaterials/Substrate/Glints2/dict_0001_0086" 10236
"../../../Engine/Content/EngineMaterials/Substrate/Glints2/dict_0001_0075.uasset" 10237
"/Engine/EngineMaterials/Substrate/Glints2/dict_0001_0082" 10238
"../../../Engine/Content/EngineMaterials/Substrate/Glints2/dict_0001_0072.uasset" 10239
"/Engine/EngineMaterials/Substrate/Glints2/dict_0001_0071" 10240
"../../../Engine/Content/EngineMaterials/Substrate/Glints2/dict_0001_0074.uasset" 10241
"/Engine/EngineMaterials/Substrate/Glints2/dict_0001_0088" 10242
"../../../Engine/Content/EngineMaterials/Substrate/Glints2/dict_0001_0077.uasset" 10243
"/Engine/EngineMaterials/Substrate/Glints2/dict_0001_0083" 10244
"/Engine/EngineMaterials/Substrate/Glints2/dict_0001_0084" 10245
"/Engine/EngineMaterials/Substrate/Glints2/dict_0001_0085" 10246
"/Engine/EngineMaterials/Substrate/Glints2/dict_0001_0076" 10247
"/Engine/EngineMaterials/Substrate/Glints2/dict_0001_0074" 10248
"/Engine/EngineMaterials/Substrate/Glints2/dict_0001_0077" 10249
"/Engine/EngineMaterials/Substrate/Glints2/dict_0001_0078" 10250
"../../../Engine/Content/EngineMaterials/Substrate/Glints2/dict_0001_0061.uasset" 10251
"/Engine/EngineMaterials/Substrate/Glints2/dict_0001_0075" 10252
"../../../Engine/Content/EngineMaterials/Substrate/Glints2/dict_0001_0064.uasset" 10253
"/Engine/EngineMaterials/Substrate/Glints2/dict_0001_0080" 10254
"../../../Engine/Content/EngineMaterials/Substrate/Glints2/dict_0001_0067.uasset" 10255
"/Engine/EngineMaterials/Substrate/Glints2/dict_0001_0081" 10256
"../../../Engine/Content/EngineMaterials/Substrate/Glints2/dict_0001_0069.uasset" 10257
"../../../Engine/Content/EngineMaterials/Substrate/Glints2/dict_0001_0066.uasset" 10258
"../../../Engine/Content/EngineMaterials/Substrate/Glints2/dict_0001_0068.uasset" 10259
"/Engine/EngineMaterials/Substrate/Glints2/dict_0001_0096" 10260
"../../../Engine/Content/EngineMaterials/Substrate/Glints2/dict_0001_0062.uasset" 10261
"../../../Engine/Content/EngineMaterials/Substrate/Glints2/dict_0001_0060.uasset" 10262
"../../../Engine/Content/EngineMaterials/Substrate/Glints2/dict_0001_0065.uasset" 10263
"/Engine/EngineMaterials/Substrate/Glints2/dict_0001_0072" 10264
"../../../Engine/Content/EngineMaterials/Substrate/Glints2/dict_0001_0059.uasset" 10265
"/Engine/EngineMaterials/Substrate/Glints2/dict_0001_0070" 10266
"/Engine/EngineMaterials/Substrate/Glints2/dict_0001_0073" 10267
"/Engine/EngineMaterials/Substrate/Glints2/dict_0001_0059" 10268
"../../../Engine/Content/EngineMaterials/Substrate/Glints2/dict_0001_0119.uasset" 10269
"../../../Engine/Content/EngineMaterials/Substrate/Glints2/dict_0001_0058.uasset" 10270
"/Engine/EngineMaterials/Substrate/Glints2/dict_0001_0060" 10271
"../../../Engine/Content/EngineMaterials/Substrate/Glints2/dict_0001_0057.uasset" 10272
"../../../Engine/Content/EngineMaterials/Substrate/Glints2/dict_0001_0063.uasset" 10273
"../../../Engine/Content/EngineMaterials/Substrate/Glints2/dict_0001_0053.uasset" 10274
"../../../Engine/Content/EngineMaterials/Substrate/Glints2/dict_0001_0056.uasset" 10275
"../../../Engine/Content/EngineMaterials/Substrate/Glints2/dict_0001_0055.uasset" 10276
"../../../Engine/Content/EngineMaterials/Substrate/Glints2/dict_0001_0048.uasset" 10277
"/Engine/EngineMaterials/Substrate/Glints2/dict_0001_0067" 10278
"../../../Engine/Content/EngineMaterials/Substrate/Glints2/dict_0001_0044.uasset" 10279
"../../../Engine/Content/EngineMaterials/Substrate/Glints2/dict_0001_0041.uasset" 10280
"../../../Engine/Content/EngineMaterials/Substrate/Glints2/dict_0001_0054.uasset" 10281
"/Engine/EngineMaterials/Substrate/Glints2/dict_0001_0061" 10282
"../../../Engine/Content/EngineMaterials/Substrate/Glints2/dict_0001_0051.uasset" 10283
"../../../Engine/Content/EngineMaterials/Substrate/Glints2/dict_0001_0052.uasset" 10284
"/Engine/EngineMaterials/Substrate/Glints2/dict_0001_0069" 10285
"/Engine/EngineMaterials/Substrate/Glints2/dict_0001_0062" 10286
"../../../Engine/Content/EngineMaterials/Substrate/Glints2/dict_0001_0050.uasset" 10287
"/Engine/EngineMaterials/Substrate/Glints2/dict_0001_0064" 10288
"/Engine/EngineMaterials/Substrate/Glints2/dict_0001_0065" 10289
"/Engine/EngineMaterials/Substrate/Glints2/dict_0001_0066" 10290
"../../../Engine/Content/EngineMaterials/Substrate/Glints2/dict_0001_0046.uasset" 10291
"/Engine/EngineMaterials/Substrate/Glints2/dict_0001_0068" 10292
"../../../Engine/Content/EngineMaterials/Substrate/Glints2/dict_0001_0047.uasset" 10293
"../../../Engine/Content/EngineMaterials/Substrate/Glints2/dict_0001_0042.uasset" 10294
"../../../Engine/Content/EngineMaterials/Substrate/Glints2/dict_0001_0045.uasset" 10295
"../../../Engine/Content/EngineMaterials/Substrate/Glints2/dict_0001_0043.uasset" 10296
"../../../Engine/Content/EngineMaterials/Substrate/Glints2/dict_0001_0039.uasset" 10297
"../../../Engine/Content/EngineMaterials/Substrate/Glints2/dict_0001_0049.uasset" 10298
"/Engine/EngineMaterials/Substrate/Glints2/dict_0001_0041" 10299
"/Engine/EngineMaterials/Substrate/Glints2/dict_0001_0042" 10300
"../../../Engine/Content/EngineMaterials/Substrate/Glints2/dict_0001_0037.uasset" 10301
"/Engine/EngineMaterials/Substrate/Glints2/dict_0001_0050" 10302
"../../../Engine/Content/EngineMaterials/Substrate/Glints2/dict_0001_0036.uasset" 10303
"../../../Engine/Content/EngineMaterials/Substrate/Glints2/dict_0001_0029.uasset" 10304
"/Engine/EngineMaterials/Substrate/Glints2/dict_0001_0051" 10305
"../../../Engine/Content/EngineMaterials/Substrate/Glints2/dict_0001_0040.uasset" 10306
"/Engine/EngineMaterials/Substrate/Glints2/dict_0001_0044" 10307
"/Engine/EngineMaterials/Substrate/Glints2/dict_0001_0045" 10308
"/Engine/EngineMaterials/Substrate/Glints2/dict_0001_0052" 10309
"/Engine/EngineMaterials/Substrate/Glints2/dict_0001_0046" 10310
"/Engine/EngineMaterials/Substrate/Glints2/dict_0001_0053" 10311
"/Engine/EngineMaterials/Substrate/Glints2/dict_0001_0054" 10312
"/Engine/EngineMaterials/Substrate/Glints2/dict_0001_0055" 10313
"/Engine/EngineMaterials/Substrate/Glints2/dict_0001_0119" 10314
"../../../Engine/Content/EngineMaterials/Substrate/Glints2/dict_0001_0034.uasset" 10315
"/Engine/EngineMaterials/Substrate/Glints2/dict_0001_0063" 10316
"../../../Engine/Content/EngineMaterials/Substrate/Glints2/dict_0001_0033.uasset" 10317
"../../../Engine/Content/EngineMaterials/Substrate/Glints2/dict_0001_0031.uasset" 10318
"../../../Engine/Content/EngineMaterials/Substrate/Glints2/dict_0001_0032.uasset" 10319
"/Engine/EngineMaterials/Substrate/Glints2/dict_0001_0047" 10320
"../../../Engine/Content/EngineMaterials/Substrate/Glints2/dict_0001_0035.uasset" 10321
"../../../Engine/Content/EngineMaterials/Substrate/Glints2/dict_0001_0038.uasset" 10322
"../../../Engine/Content/EngineMaterials/Substrate/Glints2/dict_0001_0030.uasset" 10323
"/Engine/EngineMaterials/Substrate/Glints2/dict_0001_0048" 10324
"/Engine/EngineMaterials/Substrate/Glints2/dict_0001_0056" 10325
"/Engine/EngineMaterials/Substrate/Glints2/dict_0001_0057" 10326
"/Engine/EngineMaterials/Substrate/Glints2/dict_0001_0058" 10327
"/Engine/EngineMaterials/Substrate/Glints2/dict_0001_0029" 10328
"/Engine/EngineMaterials/Substrate/Glints2/dict_0001_0039" 10329
"/Engine/EngineMaterials/Substrate/Glints2/dict_0001_0040" 10330
"/Engine/EngineMaterials/Substrate/Glints2/dict_0001_0030" 10331
"../../../Engine/Content/EngineMaterials/Substrate/Glints2/dict_0001_0019.uasset" 10332
"../../../Engine/Content/EngineMaterials/Substrate/Glints2/dict_0001_0017.uasset" 10333
"../../../Engine/Content/EngineMaterials/Substrate/Glints2/dict_0001_0015.uasset" 10334
"/Engine/EngineMaterials/Substrate/Glints2/dict_0001_0043" 10335
"/Engine/EngineMaterials/Substrate/Glints2/dict_0001_0031" 10336
"/Engine/EngineMaterials/Substrate/Glints2/dict_0001_0032" 10337
"/Engine/EngineMaterials/Substrate/Glints2/dict_0001_0033" 10338
"/Engine/EngineMaterials/Substrate/Glints2/dict_0001_0034" 10339
"/Engine/EngineMaterials/Substrate/Glints2/dict_0001_0035" 10340
"/Engine/EngineMaterials/Substrate/Glints2/dict_0001_0036" 10341
"/Engine/EngineMaterials/Substrate/Glints2/dict_0001_0037" 10342
"../../../Engine/Content/EngineMaterials/Substrate/Glints2/dict_0001_0016.uasset" 10343
"../../../Engine/Content/EngineMaterials/Substrate/Glints2/dict_0001_0025.uasset" 10344
"../../../Engine/Content/EngineMaterials/Substrate/Glints2/dict_0001_0021.uasset" 10345
"../../../Engine/Content/EngineMaterials/Substrate/Glints2/dict_0001_0023.uasset" 10346
"../../../Engine/Content/EngineMaterials/Substrate/Glints2/dict_0001_0028.uasset" 10347
"../../../Engine/Content/EngineMaterials/Substrate/Glints2/dict_0001_0011.uasset" 10348
"../../../Engine/Content/EngineMaterials/Substrate/Glints2/dict_0001_0026.uasset" 10349
"../../../Engine/Content/EngineMaterials/Substrate/Glints2/dict_0001_0020.uasset" 10350
"../../../Engine/Content/EngineMaterials/Substrate/Glints2/dict_0001_0018.uasset" 10351
"../../../Engine/Content/EngineMaterials/Substrate/Glints2/dict_0001_0013.uasset" 10352
"../../../Engine/Content/EngineMaterials/Substrate/Glints2/dict_0001_0024.uasset" 10353
"../../../Engine/Content/EngineMaterials/Substrate/Glints2/dict_0001_0027.uasset" 10354
"../../../Engine/Content/EngineMaterials/Substrate/Glints2/dict_0001_0014.uasset" 10355
"../../../Engine/Content/EngineMaterials/Substrate/Glints2/dict_0001_0012.uasset" 10356
"../../../Engine/Content/EngineMaterials/Substrate/Glints2/dict_0001_0022.uasset" 10357
"/Engine/EngineMaterials/Substrate/Glints2/dict_0001_0038" 10358
"/Engine/EngineMaterials/Substrate/Glints2/dict_0001_0049" 10359
"/Engine/EngineMaterials/Substrate/Glints2/dict_0001_0011" 10360
"/Engine/EngineMaterials/Substrate/Glints2/dict_0001_0012" 10361
"/Engine/EngineMaterials/Substrate/Glints2/dict_0001_0013" 10362
"/Engine/EngineMaterials/Substrate/Glints2/dict_0001_0014" 10363
"../../../Engine/Content/EngineMaterials/Substrate/Glints2/dict_0001_0006.uasset" 10364
"/Engine/EngineMaterials/Substrate/Glints2/dict_0001_0015" 10365
"/Engine/EngineMaterials/Substrate/Glints2/dict_0001_0016" 10366
"/Engine/EngineMaterials/Substrate/Glints2/dict_0001_0017" 10367
"/Engine/EngineMaterials/Substrate/Glints2/dict_0001_0018" 10368
"/Engine/EngineMaterials/Substrate/Glints2/dict_0001_0019" 10369
"/Engine/EngineMaterials/Substrate/Glints2/dict_0001_0020" 10370
"/Engine/EngineMaterials/Substrate/Glints2/dict_0001_0021" 10371
"../../../Engine/Content/EngineMaterials/Substrate/Glints2/dict_0001_0000.uasset" 10372
"../../../Engine/Content/EngineMaterials/Substrate/Glints2/dict_0001_0008.uasset" 10373
"../../../Engine/Content/EngineMaterials/Substrate/Glints2/dict_0001_0010.uasset" 10374
"../../../Engine/Content/EngineMaterials/Substrate/Glints2/dict_0000_0254.uasset" 10375
"../../../Engine/Content/EngineMaterials/Substrate/Glints2/dict_0001_0003.uasset" 10376
"../../../Engine/Content/EngineMaterials/Substrate/Glints2/dict_0001_0005.uasset" 10377
"/Engine/EngineMaterials/Substrate/Glints2/dict_0001_0022" 10378
"../../../Engine/Content/EngineMaterials/Substrate/Glints2/dict_0001_0002.uasset" 10379
"../../../Engine/Content/EngineMaterials/Substrate/Glints2/dict_0001_0007.uasset" 10380
"../../../Engine/Content/EngineMaterials/Substrate/Glints2/dict_0000_0253.uasset" 10381
"../../../Engine/Content/EngineMaterials/Substrate/Glints2/dict_0001_0004.uasset" 10382
"../../../Engine/Content/EngineMaterials/Substrate/Glints2/dict_0000_0255.uasset" 10383
"../../../Engine/Content/EngineMaterials/Substrate/Glints2/dict_0001_0001.uasset" 10384
"/Engine/EngineMaterials/Substrate/Glints2/dict_0001_0023" 10385
"/Engine/EngineMaterials/Substrate/Glints2/dict_0001_0024" 10386
"../../../Engine/Content/EngineMaterials/Substrate/Glints2/dict_0001_0009.uasset" 10387
"/Engine/EngineMaterials/Substrate/Glints2/dict_0001_0025" 10388
"/Engine/EngineMaterials/Substrate/Glints2/dict_0001_0026" 10389
"/Engine/EngineMaterials/Substrate/Glints2/dict_0001_0027" 10390
"/Engine/EngineMaterials/Substrate/Glints2/dict_0001_0028" 10391
"/Engine/EngineMaterials/Substrate/Glints2/dict_0000_0253" 10392
"/Engine/EngineMaterials/Substrate/Glints2/dict_0000_0254" 10393
"/Engine/EngineMaterials/Substrate/Glints2/dict_0000_0255" 10394
"../../../Engine/Content/EngineMaterials/Substrate/Glints2/dict_0000_0251.uasset" 10395
"../../../Engine/Content/EngineMaterials/Substrate/Glints2/dict_0000_0248.uasset" 10396
"../../../Engine/Content/EngineMaterials/Substrate/Glints2/dict_0000_0241.uasset" 10397
"../../../Engine/Content/EngineMaterials/Substrate/Glints2/dict_0000_0246.uasset" 10398
"../../../Engine/Content/EngineMaterials/Substrate/Glints2/dict_0000_0245.uasset" 10399
"../../../Engine/Content/EngineMaterials/Substrate/Glints2/dict_0000_0235.uasset" 10400
"/Engine/EngineMaterials/Substrate/Glints2/dict_0001_0000" 10401
"/Engine/EngineMaterials/Substrate/Glints2/dict_0001_0001" 10402
"/Engine/EngineMaterials/Substrate/Glints2/dict_0001_0002" 10403
"/Engine/EngineMaterials/Substrate/Glints2/dict_0001_0003" 10404
"/Engine/EngineMaterials/Substrate/Glints2/dict_0001_0004" 10405
"/Engine/EngineMaterials/Substrate/Glints2/dict_0001_0005" 10406
"/Engine/EngineMaterials/Substrate/Glints2/dict_0001_0006" 10407
"/Engine/EngineMaterials/Substrate/Glints2/dict_0001_0007" 10408
"../../../Engine/Content/EngineMaterials/Substrate/Glints2/dict_0000_0247.uasset" 10409
"../../../Engine/Content/EngineMaterials/Substrate/Glints2/dict_0000_0244.uasset" 10410
"/Engine/EngineMaterials/Substrate/Glints2/dict_0001_0008" 10411
"../../../Engine/Content/EngineMaterials/Substrate/Glints2/dict_0000_0238.uasset" 10412
"../../../Engine/Content/EngineMaterials/Substrate/Glints2/dict_0000_0252.uasset" 10413
"../../../Engine/Content/EngineMaterials/Substrate/Glints2/dict_0000_0240.uasset" 10414
"../../../Engine/Content/EngineMaterials/Substrate/Glints2/dict_0000_0249.uasset" 10415
"../../../Engine/Content/EngineMaterials/Substrate/Glints2/dict_0000_0250.uasset" 10416
"../../../Engine/Content/EngineMaterials/Substrate/Glints2/dict_0000_0236.uasset" 10417
"../../../Engine/Content/EngineMaterials/Substrate/Glints2/dict_0000_0243.uasset" 10418
"/Engine/EngineMaterials/Substrate/Glints2/dict_0001_0009" 10419
"../../../Engine/Content/EngineMaterials/Substrate/Glints2/dict_0000_0237.uasset" 10420
"/Engine/EngineMaterials/Substrate/Glints2/dict_0001_0010" 10421
"../../../Engine/Content/EngineMaterials/Substrate/Glints2/dict_0000_0239.uasset" 10422
"../../../Engine/Content/EngineMaterials/Substrate/Glints2/dict_0000_0242.uasset" 10423
"/Engine/EngineMaterials/Substrate/Glints2/dict_0000_0235" 10424
"/Engine/EngineMaterials/Substrate/Glints2/dict_0000_0236" 10425
"/Engine/EngineMaterials/Substrate/Glints2/dict_0000_0237" 10426
"../../../Engine/Content/EngineMaterials/Substrate/Glints2/dict_0000_0223.uasset" 10427
"/Engine/EngineMaterials/Substrate/Glints2/dict_0000_0238" 10428
"../../../Engine/Content/EngineMaterials/Substrate/Glints2/dict_0000_0222.uasset" 10429
"/Engine/EngineMaterials/Substrate/Glints2/dict_0000_0239" 10430
"/Engine/EngineMaterials/Substrate/Glints2/dict_0000_0240" 10431
"/Engine/EngineMaterials/Substrate/Glints2/dict_0000_0241" 10432
"/Engine/EngineMaterials/Substrate/Glints2/dict_0000_0242" 10433
"/Engine/EngineMaterials/Substrate/Glints2/dict_0000_0243" 10434
"/Engine/EngineMaterials/Substrate/Glints2/dict_0000_0244" 10435
"/Engine/EngineMaterials/Substrate/Glints2/dict_0000_0245" 10436
"/Engine/EngineMaterials/Substrate/Glints2/dict_0000_0246" 10437
"/Engine/EngineMaterials/Substrate/Glints2/dict_0000_0247" 10438
"../../../Engine/Content/EngineMaterials/Substrate/Glints2/dict_0000_0234.uasset" 10439
"../../../Engine/Content/EngineMaterials/Substrate/Glints2/dict_0000_0233.uasset" 10440
"../../../Engine/Content/EngineMaterials/Substrate/Glints2/dict_0000_0221.uasset" 10441
"../../../Engine/Content/EngineMaterials/Substrate/Glints2/dict_0000_0227.uasset" 10442
"../../../Engine/Content/EngineMaterials/Substrate/Glints2/dict_0000_0229.uasset" 10443
"../../../Engine/Content/EngineMaterials/Substrate/Glints2/dict_0000_0232.uasset" 10444
"/Engine/EngineMaterials/Substrate/Glints2/dict_0000_0248" 10445
"../../../Engine/Content/EngineMaterials/Substrate/Glints2/dict_0000_0231.uasset" 10446
"../../../Engine/Content/EngineMaterials/Substrate/Glints2/dict_0000_0230.uasset" 10447
"../../../Engine/Content/EngineMaterials/Substrate/Glints2/dict_0000_0228.uasset" 10448
"/Engine/EngineMaterials/Substrate/Glints2/dict_0000_0249" 10449
"../../../Engine/Content/EngineMaterials/Substrate/Glints2/dict_0000_0225.uasset" 10450
"../../../Engine/Content/EngineMaterials/Substrate/Glints2/dict_0000_0224.uasset" 10451
"/Engine/EngineMaterials/Substrate/Glints2/dict_0000_0250" 10452
"/Engine/EngineMaterials/Substrate/Glints2/dict_0000_0251" 10453
"/Engine/EngineMaterials/Substrate/Glints2/dict_0000_0252" 10454
"../../../Engine/Content/EngineMaterials/Substrate/Glints2/dict_0000_0226.uasset" 10455
"/Engine/EngineMaterials/Substrate/Glints2/dict_0000_0221" 10456
"/Engine/EngineMaterials/Substrate/Glints2/dict_0000_0222" 10457
"/Engine/EngineMaterials/Substrate/Glints2/dict_0000_0223" 10458
"../../../Engine/Content/EngineMaterials/Substrate/Glints2/dict_0000_0220.uasset" 10459
"../../../Engine/Content/EngineMaterials/Substrate/Glints2/dict_0000_0218.uasset" 10460
"/Engine/EngineMaterials/Substrate/Glints2/dict_0000_0224" 10461
"/Engine/EngineMaterials/Substrate/Glints2/dict_0000_0225" 10462
"/Engine/EngineMaterials/Substrate/Glints2/dict_0000_0227" 10463
"/Engine/EngineMaterials/Substrate/Glints2/dict_0000_0228" 10464
"/Engine/EngineMaterials/Substrate/Glints2/dict_0000_0229" 10465
"/Engine/EngineMaterials/Substrate/Glints2/dict_0000_0230" 10466
"/Engine/EngineMaterials/Substrate/Glints2/dict_0000_0231" 10467
"/Engine/EngineMaterials/Substrate/Glints2/dict_0000_0232" 10468
"../../../Engine/Content/EngineMaterials/Substrate/Glints2/dict_0000_0211.uasset" 10469
"../../../Engine/Content/EngineMaterials/Substrate/Glints2/dict_0000_0208.uasset" 10470
"../../../Engine/Content/EngineMaterials/Substrate/Glints2/dict_0000_0219.uasset" 10471
"../../../Engine/Content/EngineMaterials/Substrate/Glints2/dict_0000_0213.uasset" 10472
"../../../Engine/Content/EngineMaterials/Substrate/Glints2/dict_0000_0216.uasset" 10473
"../../../Engine/Content/EngineMaterials/Substrate/Glints2/dict_0000_0206.uasset" 10474
"/Engine/EngineMaterials/Substrate/Glints2/dict_0000_0233" 10475
"../../../Engine/Content/EngineMaterials/Substrate/Glints2/dict_0000_0212.uasset" 10476
"../../../Engine/Content/EngineMaterials/Substrate/Glints2/dict_0000_0217.uasset" 10477
"../../../Engine/Content/EngineMaterials/Substrate/Glints2/dict_0000_0203.uasset" 10478
"../../../Engine/Content/EngineMaterials/Substrate/Glints2/dict_0000_0214.uasset" 10479
"/Engine/EngineMaterials/Substrate/Glints2/dict_0000_0234" 10480
"../../../Engine/Content/EngineMaterials/Substrate/Glints2/dict_0000_0205.uasset" 10481
"../../../Engine/Content/EngineMaterials/Substrate/Glints2/dict_0000_0210.uasset" 10482
"/Engine/EngineMaterials/Substrate/Glints2/dict_0000_0203" 10483
"/Engine/EngineMaterials/Substrate/Glints2/dict_0000_0205" 10484
"../../../Engine/Content/EngineMaterials/Substrate/Glints2/dict_0000_0215.uasset" 10485
"../../../Engine/Content/EngineMaterials/Substrate/Glints2/dict_0000_0200.uasset" 10486
"/Engine/EngineMaterials/Substrate/Glints2/dict_0000_0226" 10487
"../../../Engine/Content/EngineMaterials/Substrate/Glints2/dict_0000_0207.uasset" 10488
"../../../Engine/Content/EngineMaterials/Substrate/Glints2/dict_0000_0201.uasset" 10489
"../../../Engine/Content/EngineMaterials/Substrate/Glints2/dict_0000_0197.uasset" 10490
"../../../Engine/Content/EngineMaterials/Substrate/Glints2/dict_0000_0209.uasset" 10491
"/Engine/EngineMaterials/Substrate/Glints2/dict_0000_0206" 10492
"../../../Engine/Content/EngineMaterials/Substrate/Glints2/dict_0000_0191.uasset" 10493
"/Engine/EngineMaterials/Substrate/Glints2/dict_0000_0208" 10494
"../../../Engine/Content/EngineMaterials/Substrate/Glints2/dict_0000_0204.uasset" 10495
"/Engine/EngineMaterials/Substrate/Glints2/dict_0000_0210" 10496
"/Engine/EngineMaterials/Substrate/Glints2/dict_0000_0211" 10497
"/Engine/EngineMaterials/Substrate/Glints2/dict_0000_0212" 10498
"/Engine/EngineMaterials/Substrate/Glints2/dict_0000_0213" 10499
"/Engine/EngineMaterials/Substrate/Glints2/dict_0000_0214" 10500
"/Engine/EngineMaterials/Substrate/Glints2/dict_0000_0216" 10501
"../../../Engine/Content/EngineMaterials/Substrate/Glints2/dict_0000_0202.uasset" 10502
"../../../Engine/Content/EngineMaterials/Substrate/Glints2/dict_0000_0198.uasset" 10503
"../../../Engine/Content/EngineMaterials/Substrate/Glints2/dict_0000_0196.uasset" 10504
"../../../Engine/Content/EngineMaterials/Substrate/Glints2/dict_0000_0193.uasset" 10505
"../../../Engine/Content/EngineMaterials/Substrate/Glints2/dict_0000_0194.uasset" 10506
"/Engine/EngineMaterials/Substrate/Glints2/dict_0000_0217" 10507
"../../../Engine/Content/EngineMaterials/Substrate/Glints2/dict_0000_0195.uasset" 10508
"/Engine/EngineMaterials/Substrate/Glints2/dict_0000_0218" 10509
"../../../Engine/Content/EngineMaterials/Substrate/Glints2/dict_0000_0192.uasset" 10510
"../../../Engine/Content/EngineMaterials/Substrate/Glints2/dict_0000_0199.uasset" 10511
"../../../Engine/Content/EngineMaterials/Substrate/Glints2/dict_0000_0190.uasset" 10512
"/Engine/EngineMaterials/Substrate/Glints2/dict_0000_0219" 10513
"/Engine/EngineMaterials/Substrate/Glints2/dict_0000_0220" 10514
"/Engine/EngineMaterials/Substrate/Glints2/dict_0000_0190" 10515
"/Engine/EngineMaterials/Substrate/Glints2/dict_0000_0191" 10516
"/Engine/EngineMaterials/Substrate/Glints2/dict_0000_0192" 10517
"../../../Engine/Content/EngineMaterials/Substrate/Glints2/dict_0000_0186.uasset" 10518
"../../../Engine/Content/EngineMaterials/Substrate/Glints2/dict_0000_0182.uasset" 10519
"/Engine/EngineMaterials/Substrate/Glints2/dict_0000_0193" 10520
"/Engine/EngineMaterials/Substrate/Glints2/dict_0000_0204" 10521
"/Engine/EngineMaterials/Substrate/Glints2/dict_0000_0194" 10522
"/Engine/EngineMaterials/Substrate/Glints2/dict_0000_0207" 10523
"/Engine/EngineMaterials/Substrate/Glints2/dict_0000_0209" 10524
"/Engine/EngineMaterials/Substrate/Glints2/dict_0000_0195" 10525
"/Engine/EngineMaterials/Substrate/Glints2/dict_0000_0196" 10526
"/Engine/EngineMaterials/Substrate/Glints2/dict_0000_0197" 10527
"../../../Engine/Content/EngineMaterials/Substrate/Glints2/dict_0000_0188.uasset" 10528
"../../../Engine/Content/EngineMaterials/Substrate/Glints2/dict_0000_0177.uasset" 10529
"../../../Engine/Content/EngineMaterials/Substrate/Glints2/dict_0000_0184.uasset" 10530
"../../../Engine/Content/EngineMaterials/Substrate/Glints2/dict_0000_0185.uasset" 10531
"../../../Engine/Content/EngineMaterials/Substrate/Glints2/dict_0000_0179.uasset" 10532
"../../../Engine/Content/EngineMaterials/Substrate/Glints2/dict_0000_0187.uasset" 10533
"/Engine/EngineMaterials/Substrate/Glints2/dict_0000_0215" 10534
"../../../Engine/Content/EngineMaterials/Substrate/Glints2/dict_0000_0183.uasset" 10535
"../../../Engine/Content/EngineMaterials/Substrate/Glints2/dict_0000_0189.uasset" 10536
"../../../Engine/Content/EngineMaterials/Substrate/Glints2/dict_0000_0175.uasset" 10537
"../../../Engine/Content/EngineMaterials/Substrate/Glints2/dict_0000_0178.uasset" 10538
"../../../Engine/Content/EngineMaterials/Substrate/Glints2/dict_0000_0180.uasset" 10539
"../../../Engine/Content/EngineMaterials/Substrate/Glints2/dict_0000_0176.uasset" 10540
"/Engine/EngineMaterials/Substrate/Glints2/dict_0000_0198" 10541
"../../../Engine/Content/EngineMaterials/Substrate/Glints2/dict_0000_0181.uasset" 10542
"/Engine/EngineMaterials/Substrate/Glints2/dict_0000_0199" 10543
"/Engine/EngineMaterials/Substrate/Glints2/dict_0000_0200" 10544
"/Engine/EngineMaterials/Substrate/Glints2/dict_0000_0201" 10545
"/Engine/EngineMaterials/Substrate/Glints2/dict_0000_0202" 10546
"/Engine/EngineMaterials/Substrate/Glints2/dict_0000_0175" 10547
"/Engine/EngineMaterials/Substrate/Glints2/dict_0000_0176" 10548
"/Engine/EngineMaterials/Substrate/Glints2/dict_0000_0177" 10549
"../../../Engine/Content/EngineMaterials/Substrate/Glints2/dict_0000_0165.uasset" 10550
"/Engine/EngineMaterials/Substrate/Glints2/dict_0000_0178" 10551
"/Engine/EngineMaterials/Substrate/Glints2/dict_0000_0179" 10552
"/Engine/EngineMaterials/Substrate/Glints2/dict_0000_0180" 10553
"/Engine/EngineMaterials/Substrate/Glints2/dict_0000_0181" 10554
"/Engine/EngineMaterials/Substrate/Glints2/dict_0000_0182" 10555
"/Engine/EngineMaterials/Substrate/Glints2/dict_0000_0183" 10556
"../../../Engine/Content/EngineMaterials/Substrate/Glints2/dict_0000_0174.uasset" 10557
"../../../Engine/Content/EngineMaterials/Substrate/Glints2/dict_0000_0170.uasset" 10558
"../../../Engine/Content/EngineMaterials/Substrate/Glints2/dict_0000_0173.uasset" 10559
"../../../Engine/Content/EngineMaterials/Substrate/Glints2/dict_0000_0168.uasset" 10560
"../../../Engine/Content/EngineMaterials/Substrate/Glints2/dict_0000_0167.uasset" 10561
"/Engine/EngineMaterials/Substrate/Glints2/dict_0000_0184" 10562
"../../../Engine/Content/EngineMaterials/Substrate/Glints2/dict_0000_0171.uasset" 10563
"../../../Engine/Content/EngineMaterials/Substrate/Glints2/dict_0000_0164.uasset" 10564
"/Engine/EngineMaterials/Substrate/Glints2/dict_0000_0185" 10565
"../../../Engine/Content/EngineMaterials/Substrate/Glints2/dict_0000_0163.uasset" 10566
"../../../Engine/Content/EngineMaterials/Substrate/Glints2/dict_0000_0169.uasset" 10567
"../../../Engine/Content/EngineMaterials/Substrate/Glints2/dict_0000_0172.uasset" 10568
"/Engine/EngineMaterials/Substrate/Glints2/dict_0000_0186" 10569
"/Engine/EngineMaterials/Substrate/Glints2/dict_0000_0187" 10570
"/Engine/EngineMaterials/Substrate/Glints2/dict_0000_0188" 10571
"/Engine/EngineMaterials/Substrate/Glints2/dict_0000_0189" 10572
"../../../Engine/Content/EngineMaterials/Substrate/Glints2/dict_0000_0161.uasset" 10573
"../../../Engine/Content/EngineMaterials/Substrate/Glints2/dict_0000_0160.uasset" 10574
"../../../Engine/Content/EngineMaterials/Substrate/Glints2/dict_0000_0166.uasset" 10575
"../../../Engine/Content/EngineMaterials/Substrate/Glints2/dict_0000_0159.uasset" 10576
"/Engine/EngineMaterials/Substrate/Glints2/dict_0000_0159" 10577
"../../../Engine/Content/EngineMaterials/Substrate/Glints2/dict_0000_0162.uasset" 10578
"/Engine/EngineMaterials/Substrate/Glints2/dict_0000_0160" 10579
"../../../Engine/Content/EngineMaterials/Substrate/Glints2/dict_0000_0158.uasset" 10580
"/Engine/EngineMaterials/Substrate/Glints2/dict_0000_0161" 10581
"/Engine/EngineMaterials/Substrate/Glints2/dict_0000_0163" 10582
"../../../Engine/Content/EngineMaterials/Substrate/Glints2/dict_0000_0147.uasset" 10583
"../../../Engine/Content/EngineMaterials/Substrate/Glints2/dict_0000_0148.uasset" 10584
"/Engine/EngineMaterials/Substrate/Glints2/dict_0000_0164" 10585
"/Engine/EngineMaterials/Substrate/Glints2/dict_0000_0165" 10586
"/Engine/EngineMaterials/Substrate/Glints2/dict_0000_0166" 10587
"/Engine/EngineMaterials/Substrate/Glints2/dict_0000_0167" 10588
"/Engine/EngineMaterials/Substrate/Glints2/dict_0000_0168" 10589
"/Engine/EngineMaterials/Substrate/Glints2/dict_0000_0169" 10590
"/Engine/EngineMaterials/Substrate/Glints2/dict_0000_0170" 10591
"/Engine/EngineMaterials/Substrate/Glints2/dict_0000_0171" 10592
"/Engine/EngineMaterials/Substrate/Glints2/dict_0000_0172" 10593
"../../../Engine/Content/EngineMaterials/Substrate/Glints2/dict_0000_0156.uasset" 10594
"/Engine/EngineMaterials/Substrate/Glints2/dict_0000_0173" 10595
"../../../Engine/Content/EngineMaterials/Substrate/Glints2/dict_0000_0157.uasset" 10596
"../../../Engine/Content/EngineMaterials/Substrate/Glints2/dict_0000_0151.uasset" 10597
"../../../Engine/Content/EngineMaterials/Substrate/Glints2/dict_0000_0144.uasset" 10598
"/Engine/EngineMaterials/Substrate/Glints2/dict_0000_0174" 10599
"../../../Engine/Content/EngineMaterials/Substrate/Glints2/dict_0000_0155.uasset" 10600
"../../../Engine/Content/EngineMaterials/Substrate/Glints2/dict_0000_0152.uasset" 10601
"../../../Engine/Content/EngineMaterials/Substrate/Glints2/dict_0000_0146.uasset" 10602
"../../../Engine/Content/EngineMaterials/Substrate/Glints2/dict_0000_0143.uasset" 10603
"../../../Engine/Content/EngineMaterials/Substrate/Glints2/dict_0000_0150.uasset" 10604
"../../../Engine/Content/EngineMaterials/Substrate/Glints2/dict_0000_0153.uasset" 10605
"/Engine/EngineMaterials/Substrate/Glints2/dict_0000_0158" 10606
"/Engine/EngineMaterials/Substrate/Glints2/dict_0000_0143" 10607
"../../../Engine/Content/EngineMaterials/Substrate/Glints2/dict_0000_0145.uasset" 10608
"/Engine/EngineMaterials/Substrate/Glints2/dict_0000_0162" 10609
"../../../Engine/Content/EngineMaterials/Substrate/Glints2/dict_0000_0142.uasset" 10610
"/Engine/EngineMaterials/Substrate/Glints2/dict_0000_0144" 10611
"../../../Engine/Content/EngineMaterials/Substrate/Glints2/dict_0000_0149.uasset" 10612
"/Engine/EngineMaterials/Substrate/Glints2/dict_0000_0146" 10613
"/Engine/EngineMaterials/Substrate/Glints2/dict_0000_0147" 10614
"/Engine/EngineMaterials/Substrate/Glints2/dict_0000_0148" 10615
"/Engine/EngineMaterials/Substrate/Glints2/dict_0000_0150" 10616
"/Engine/EngineMaterials/Substrate/Glints2/dict_0000_0151" 10617
"../../../Engine/Content/EngineMaterials/Substrate/Glints2/dict_0000_0154.uasset" 10618
"/Engine/EngineMaterials/Substrate/Glints2/dict_0000_0152" 10619
"/Engine/EngineMaterials/Substrate/Glints2/dict_0000_0155" 10620
"/Engine/EngineMaterials/Substrate/Glints2/dict_0000_0156" 10621
"../../../Engine/Content/EngineMaterials/Substrate/Glints2/dict_0000_0136.uasset" 10622
"/Engine/EngineMaterials/Substrate/Glints2/dict_0000_0157" 10623
"../../../Engine/Content/EngineMaterials/Substrate/Glints2/dict_0000_0141.uasset" 10624
"../../../Engine/Content/EngineMaterials/Substrate/Glints2/dict_0000_0137.uasset" 10625
"/Engine/EngineMaterials/Substrate/Glints2/dict_0000_0145" 10626
"../../../Engine/Content/EngineMaterials/Substrate/Glints2/dict_0000_0140.uasset" 10627
"../../../Engine/Content/EngineMaterials/Substrate/Glints2/dict_0000_0135.uasset" 10628
"../../../Engine/Content/EngineMaterials/Substrate/Glints2/dict_0000_0133.uasset" 10629
"../../../Engine/Content/EngineMaterials/Substrate/Glints2/dict_0000_0139.uasset" 10630
"/Engine/EngineMaterials/Substrate/Glints2/dict_0000_0149" 10631
"../../../Engine/Content/EngineMaterials/Substrate/Glints2/dict_0000_0128.uasset" 10632
"/Engine/EngineMaterials/Substrate/Glints2/dict_0000_0136" 10633
"../../../Engine/Content/EngineMaterials/Substrate/Glints2/dict_0000_0138.uasset" 10634
"../../../Engine/Content/EngineMaterials/Substrate/Glints2/dict_0000_0129.uasset" 10635
"../../../Engine/Content/EngineMaterials/Substrate/Glints2/dict_0000_0122.uasset" 10636
"/Engine/EngineMaterials/Substrate/Glints2/dict_0000_0137" 10637
"../../../Engine/Content/EngineMaterials/Substrate/Glints2/dict_0000_0126.uasset" 10638
"../../../Engine/Content/EngineMaterials/Substrate/Glints2/dict_0000_0120.uasset" 10639
"/Engine/EngineMaterials/Substrate/Glints2/dict_0000_0153" 10640
"../../../Engine/Content/EngineMaterials/Substrate/Glints2/dict_0000_0124.uasset" 10641
"/Engine/EngineMaterials/Substrate/Glints2/dict_0000_0154" 10642
"/Engine/EngineMaterials/Substrate/Glints2/dict_0000_0141" 10643
"../../../Engine/Content/EngineMaterials/Substrate/Glints2/dict_0000_0131.uasset" 10644
"../../../Engine/Content/EngineMaterials/Substrate/Glints2/dict_0000_0130.uasset" 10645
"/Engine/EngineMaterials/Substrate/Glints2/dict_0000_0142" 10646
"../../../Engine/Content/EngineMaterials/Substrate/Glints2/dict_0000_0134.uasset" 10647
"../../../Engine/Content/EngineMaterials/Substrate/Glints2/dict_0000_0132.uasset" 10648
"/Engine/EngineMaterials/Substrate/Glints2/dict_0000_0128" 10649
"/Engine/EngineMaterials/Substrate/Glints2/dict_0000_0129" 10650
"/Engine/EngineMaterials/Substrate/Glints2/dict_0000_0130" 10651
"../../../Engine/Content/EngineMaterials/Substrate/Glints2/dict_0000_0113.uasset" 10652
"../../../Engine/Content/EngineMaterials/Substrate/Glints2/dict_0000_0127.uasset" 10653
"/Engine/EngineMaterials/Substrate/Glints2/dict_0000_0131" 10654
"../../../Engine/Content/EngineMaterials/Substrate/Glints2/dict_0000_0110.uasset" 10655
"../../../Engine/Content/EngineMaterials/Substrate/Glints2/dict_0000_0119.uasset" 10656
"/Engine/EngineMaterials/Substrate/Glints2/dict_0000_0132" 10657
"../../../Engine/Content/EngineMaterials/Substrate/Glints2/dict_0000_0125.uasset" 10658
"../../../Engine/Content/EngineMaterials/Substrate/Glints2/dict_0000_0118.uasset" 10659
"../../../Engine/Content/EngineMaterials/Substrate/Glints2/dict_0000_0117.uasset" 10660
"../../../Engine/Content/EngineMaterials/Substrate/Glints2/dict_0000_0121.uasset" 10661
"/Engine/EngineMaterials/Substrate/Glints2/dict_0000_0120" 10662
"../../../Engine/Content/EngineMaterials/Substrate/Glints2/dict_0000_0123.uasset" 10663
"../../../Engine/Content/EngineMaterials/Substrate/Glints2/dict_0000_0115.uasset" 10664
"/Engine/EngineMaterials/Substrate/Glints2/dict_0000_0133" 10665
"../../../Engine/Content/EngineMaterials/Substrate/Glints2/dict_0000_0116.uasset" 10666
"/Engine/EngineMaterials/Substrate/Glints2/dict_0000_0122" 10667
"/Engine/EngineMaterials/Substrate/Glints2/dict_0000_0134" 10668
"/Engine/EngineMaterials/Substrate/Glints2/dict_0000_0135" 10669
"../../../Engine/Content/EngineMaterials/Substrate/Glints2/dict_0000_0107.uasset" 10670
"../../../Engine/Content/EngineMaterials/Substrate/Glints2/dict_0000_0112.uasset" 10671
"/Engine/EngineMaterials/Substrate/Glints2/dict_0000_0124" 10672
"../../../Engine/Content/EngineMaterials/Substrate/Glints2/dict_0000_0111.uasset" 10673
"../../../Engine/Content/EngineMaterials/Substrate/Glints2/dict_0000_0114.uasset" 10674
"/Engine/EngineMaterials/Substrate/Glints2/dict_0000_0138" 10675
"../../../Engine/Content/EngineMaterials/Substrate/Glints2/dict_0000_0108.uasset" 10676
"../../../Engine/Content/EngineMaterials/Substrate/Glints2/dict_0000_0109.uasset" 10677
"/Engine/EngineMaterials/Substrate/Glints2/dict_0000_0139" 10678
"/Engine/EngineMaterials/Substrate/Glints2/dict_0000_0140" 10679
"/Engine/EngineMaterials/Substrate/Glints2/dict_0000_0126" 10680
"/Engine/EngineMaterials/Substrate/Glints2/dict_0000_0115" 10681
"/Engine/EngineMaterials/Substrate/Glints2/dict_0000_0116" 10682
"/Engine/EngineMaterials/Substrate/Glints2/dict_0000_0117" 10683
"../../../Engine/Content/EngineMaterials/Substrate/Glints2/dict_0000_0100.uasset" 10684
"../../../Engine/Content/EngineMaterials/Substrate/Glints2/dict_0000_0104.uasset" 10685
"/Engine/EngineMaterials/Substrate/Glints2/dict_0000_0118" 10686
"/Engine/EngineMaterials/Substrate/Glints2/dict_0000_0107" 10687
"../../../Engine/Content/EngineMaterials/Substrate/Glints2/dict_0000_0103.uasset" 10688
"/Engine/EngineMaterials/Substrate/Glints2/dict_0000_0119" 10689
"/Engine/EngineMaterials/Substrate/Glints2/dict_0000_0121" 10690
"/Engine/EngineMaterials/Substrate/Glints2/dict_0000_0108" 10691
"/Engine/EngineMaterials/Substrate/Glints2/dict_0000_0123" 10692
"/Engine/EngineMaterials/Substrate/Glints2/dict_0000_0109" 10693
"/Engine/EngineMaterials/Substrate/Glints2/dict_0000_0110" 10694
"/Engine/EngineMaterials/Substrate/Glints2/dict_0000_0111" 10695
"/Engine/EngineMaterials/Substrate/Glints2/dict_0000_0112" 10696
"../../../Engine/Content/EngineMaterials/Substrate/Glints2/dict_0000_0106.uasset" 10697
"../../../Engine/Content/EngineMaterials/Substrate/Glints2/dict_0000_0094.uasset" 10698
"../../../Engine/Content/EngineMaterials/Substrate/Glints2/dict_0000_0098.uasset" 10699
"../../../Engine/Content/EngineMaterials/Substrate/Glints2/dict_0000_0102.uasset" 10700
"/Engine/EngineMaterials/Substrate/Glints2/dict_0000_0125" 10701
"../../../Engine/Content/EngineMaterials/Substrate/Glints2/dict_0000_0105.uasset" 10702
"../../../Engine/Content/EngineMaterials/Substrate/Glints2/dict_0000_0093.uasset" 10703
"../../../Engine/Content/EngineMaterials/Substrate/Glints2/dict_0000_0101.uasset" 10704
"../../../Engine/Content/EngineMaterials/Substrate/Glints2/dict_0000_0097.uasset" 10705
"../../../Engine/Content/EngineMaterials/Substrate/Glints2/dict_0000_0099.uasset" 10706
"../../../Engine/Content/EngineMaterials/Substrate/Glints2/dict_0000_0096.uasset" 10707
"/Engine/EngineMaterials/Substrate/Glints2/dict_0000_0113" 10708
"/Engine/EngineMaterials/Substrate/Glints2/dict_0000_0127" 10709
"/Engine/EngineMaterials/Substrate/Glints2/dict_0000_0114" 10710
"../../../Engine/Content/EngineMaterials/Substrate/Glints2/dict_0000_0092.uasset" 10711
"../../../Engine/Content/EngineMaterials/Substrate/Glints2/dict_0000_0095.uasset" 10712
"/Engine/EngineMaterials/Substrate/Glints2/dict_0000_0092" 10713
"/Engine/EngineMaterials/Substrate/Glints2/dict_0000_0093" 10714
"/Engine/EngineMaterials/Substrate/Glints2/dict_0000_0094" 10715
"../../../Engine/Content/EngineMaterials/Substrate/Glints2/dict_0000_0088.uasset" 10716
"/Engine/EngineMaterials/Substrate/Glints2/dict_0000_0095" 10717
"../../../Engine/Content/EngineMaterials/Substrate/Glints2/dict_0000_0080.uasset" 10718
"/Engine/EngineMaterials/Substrate/Glints2/dict_0000_0096" 10719
"/Engine/EngineMaterials/Substrate/Glints2/dict_0000_0097" 10720
"/Engine/EngineMaterials/Substrate/Glints2/dict_0000_0098" 10721
"/Engine/EngineMaterials/Substrate/Glints2/dict_0000_0099" 10722
"/Engine/EngineMaterials/Substrate/Glints2/dict_0000_0100" 10723
"/Engine/EngineMaterials/Substrate/Glints2/dict_0000_0101" 10724
"/Engine/EngineMaterials/Substrate/Glints2/dict_0000_0102" 10725
"/Engine/EngineMaterials/Substrate/Glints2/dict_0000_0103" 10726
"/Engine/EngineMaterials/Substrate/Glints2/dict_0000_0104" 10727
"/Engine/EngineMaterials/Substrate/Glints2/dict_0000_0105" 10728
"../../../Engine/Content/EngineMaterials/Substrate/Glints2/dict_0000_0091.uasset" 10729
"../../../Engine/Content/EngineMaterials/Substrate/Glints2/dict_0000_0090.uasset" 10730
"/Engine/EngineMaterials/Substrate/Glints2/dict_0000_0106" 10731
"../../../Engine/Content/EngineMaterials/Substrate/Glints2/dict_0000_0077.uasset" 10732
"/Engine/EngineMaterials/Substrate/Glints2/dict_0000_0080" 10733
"../../../Engine/Content/EngineMaterials/Substrate/Glints2/dict_0000_0086.uasset" 10734
"/Engine/EngineMaterials/Substrate/Glints2/dict_0000_0088" 10735
"../../../Engine/Content/EngineMaterials/Substrate/Glints2/dict_0000_0083.uasset" 10736
"../../../Engine/Content/EngineMaterials/Substrate/Glints2/dict_0000_0081.uasset" 10737
"../../../Engine/Content/EngineMaterials/Substrate/Glints2/dict_0000_0087.uasset" 10738
"/Engine/EngineMaterials/Substrate/Glints2/dict_0000_0090" 10739
"../../../Engine/Content/EngineMaterials/Substrate/Glints2/dict_0000_0075.uasset" 10740
"../../../Engine/Content/EngineMaterials/Substrate/Glints2/dict_0000_0069.uasset" 10741
"/Engine/EngineMaterials/Substrate/Glints2/dict_0000_0091" 10742
"../../../Engine/Content/EngineMaterials/Substrate/Glints2/dict_0000_0089.uasset" 10743
"../../../Engine/Content/EngineMaterials/Substrate/Glints2/dict_0000_0082.uasset" 10744
"../../../Engine/Content/EngineMaterials/Substrate/Glints2/dict_0000_0068.uasset" 10745
"/Engine/EngineMaterials/Substrate/Glints2/dict_0000_0075" 10746
"../../../Engine/Content/EngineMaterials/Substrate/Glints2/dict_0000_0084.uasset" 10747
"../../../Engine/Content/EngineMaterials/Substrate/Glints2/dict_0000_0085.uasset" 10748
"/Engine/EngineMaterials/Substrate/Glints2/dict_0000_0077" 10749
"/Engine/EngineMaterials/Substrate/Glints2/dict_0000_0081" 10750
"/Engine/EngineMaterials/Substrate/Glints2/dict_0000_0082" 10751
"/Engine/EngineMaterials/Substrate/Glints2/dict_0000_0069" 10752
"/Engine/EngineMaterials/Substrate/Glints2/dict_0000_0083" 10753
"../../../Engine/Content/EngineMaterials/Substrate/Glints2/dict_0000_0078.uasset" 10754
"/Engine/EngineMaterials/Substrate/Glints2/dict_0000_0086" 10755
"/Engine/EngineMaterials/Substrate/Glints2/dict_0000_0087" 10756
"../../../Engine/Content/EngineMaterials/Substrate/Glints2/dict_0000_0079.uasset" 10757
"../../../Engine/Content/EngineMaterials/Substrate/Glints2/dict_0000_0076.uasset" 10758
"/Engine/EngineMaterials/Substrate/Glints2/dict_0000_0089" 10759
"../../../Engine/Content/EngineMaterials/Substrate/Glints2/dict_0000_0070.uasset" 10760
"../../../Engine/Content/EngineMaterials/Substrate/Glints2/dict_0000_0074.uasset" 10761
"../../../Engine/Content/EngineMaterials/Substrate/Glints2/dict_0000_0073.uasset" 10762
"/Engine/EngineMaterials/Substrate/Glints2/dict_0000_0076" 10763
"/Engine/EngineMaterials/Substrate/Glints2/dict_0000_0078" 10764
"/Engine/EngineMaterials/Substrate/Glints2/dict_0000_0079" 10765
"/Engine/EngineMaterials/Substrate/Glints2/dict_0000_0068" 10766
"/Engine/EngineMaterials/Substrate/Glints2/dict_0000_0070" 10767
"../../../Engine/Content/EngineMaterials/Substrate/Glints2/dict_0000_0072.uasset" 10768
"/Engine/EngineMaterials/Substrate/Glints2/dict_0000_0084" 10769
"/Engine/EngineMaterials/Substrate/Glints2/dict_0000_0085" 10770
"../../../Engine/Content/EngineMaterials/Substrate/Glints2/dict_0000_0063.uasset" 10771
"../../../Engine/Content/EngineMaterials/Substrate/Glints2/dict_0000_0067.uasset" 10772
"/Engine/EngineMaterials/Substrate/Glints2/dict_0000_0074" 10773
"../../../Engine/Content/EngineMaterials/Substrate/Glints2/dict_0000_0059.uasset" 10774
"/Engine/EngineMaterials/Substrate/Glints2/dict_0000_0063" 10775
"/Engine/EngineMaterials/Substrate/Glints2/dict_0000_0067" 10776
"../../../Engine/Content/EngineMaterials/Substrate/Glints2/dict_0000_0050.uasset" 10777
"../../../Engine/Content/EngineMaterials/Substrate/Glints2/dict_0000_0066.uasset" 10778
"/Engine/EngineMaterials/Substrate/Glints2/dict_0000_0072" 10779
"../../../Engine/Content/EngineMaterials/Substrate/Glints2/dict_0000_0065.uasset" 10780
"/Engine/EngineMaterials/Substrate/Glints2/dict_0000_0073" 10781
"../../../Engine/Content/EngineMaterials/Substrate/Glints2/dict_0000_0071.uasset" 10782
"/Engine/EngineMaterials/Substrate/Glints2/dict_0000_0059" 10783
"../../../Engine/Content/EngineMaterials/Substrate/Glints2/dict_0000_0062.uasset" 10784
"/Engine/EngineMaterials/Substrate/Glints2/dict_0000_0062" 10785
"/Engine/EngineMaterials/Substrate/Glints2/dict_0000_0065" 10786
"../../../Engine/Content/EngineMaterials/Substrate/Glints2/dict_0000_0044.uasset" 10787
"/Engine/EngineMaterials/Substrate/Glints2/dict_0000_0066" 10788
"../../../Engine/Content/EngineMaterials/Substrate/Glints2/dict_0000_0049.uasset" 10789
"/Engine/EngineMaterials/Substrate/Glints2/dict_0000_0050" 10790
"../../../Engine/Content/EngineMaterials/Substrate/Glints2/dict_0000_0061.uasset" 10791
"../../../Engine/Content/EngineMaterials/Substrate/Glints2/dict_0000_0055.uasset" 10792
"../../../Engine/Content/EngineMaterials/Substrate/Glints2/dict_0000_0056.uasset" 10793
"/Engine/EngineMaterials/Substrate/Glints2/dict_0000_0071" 10794
"../../../Engine/Content/EngineMaterials/Substrate/Glints2/dict_0000_0053.uasset" 10795
"../../../Engine/Content/EngineMaterials/Substrate/Glints2/dict_0000_0054.uasset" 10796
"/Engine/EngineMaterials/Substrate/Glints2/dict_0000_0061" 10797
"../../../Engine/Content/EngineMaterials/Substrate/Glints2/dict_0000_0052.uasset" 10798
"/Engine/EngineMaterials/Substrate/Glints2/dict_0000_0056" 10799
"/Engine/EngineMaterials/Substrate/Glints2/dict_0000_0049" 10800
"/Engine/EngineMaterials/Substrate/Glints2/dict_0000_0044" 10801
"/Engine/EngineMaterials/Substrate/Glints2/dict_0000_0053" 10802
"../../../Engine/Content/EngineMaterials/Substrate/Glints2/dict_0000_0048.uasset" 10803
"../../../Engine/Content/EngineMaterials/Substrate/Glints2/dict_0000_0060.uasset" 10804
"../../../Engine/Content/EngineMaterials/Substrate/Glints2/dict_0000_0047.uasset" 10805
"/Engine/EngineMaterials/Substrate/Glints2/dict_0000_0055" 10806
"../../../Engine/Content/EngineMaterials/Substrate/Glints2/dict_0000_0043.uasset" 10807
"../../../Engine/Content/EngineMaterials/Substrate/Glints2/dict_0000_0045.uasset" 10808
"/Engine/EngineMaterials/Substrate/Glints2/dict_0000_0047" 10809
"../../../Engine/Content/EngineMaterials/Substrate/Glints2/dict_0000_0032.uasset" 10810
"../../../Engine/Content/EngineMaterials/Substrate/Glints2/dict_0000_0030.uasset" 10811
"/Engine/EngineMaterials/Substrate/Glints2/dict_0000_0060" 10812
"../../../Engine/Content/EngineMaterials/Substrate/Glints2/dict_0000_0058.uasset" 10813
"/Engine/EngineMaterials/Substrate/Glints2/dict_0000_0048" 10814
"../../../Engine/Content/EngineMaterials/Substrate/Glints2/dict_0000_0040.uasset" 10815
"../../../Engine/Content/EngineMaterials/Substrate/Glints2/dict_0000_0029.uasset" 10816
"../../../Engine/Content/EngineMaterials/Substrate/Glints2/dict_0000_0037.uasset" 10817
"/Engine/EngineMaterials/Substrate/Glints2/dict_0000_0052" 10818
"../../../Engine/Content/EngineMaterials/Substrate/Glints2/dict_0000_0038.uasset" 10819
"/Engine/EngineMaterials/Substrate/Glints2/dict_0000_0043" 10820
"../../../Engine/Content/EngineMaterials/Substrate/Glints2/dict_0000_0026.uasset" 10821
"/Engine/EngineMaterials/Substrate/Glints2/dict_0000_0045" 10822
"../../../Engine/Content/EngineMaterials/Substrate/Glints2/dict_0000_0057.uasset" 10823
"/Engine/EngineMaterials/Substrate/Glints2/dict_0000_0054" 10824
"/Engine/EngineMaterials/Substrate/Glints2/dict_0000_0029" 10825
"/Engine/EngineMaterials/Substrate/Glints2/dict_0000_0040" 10826
"/Engine/EngineMaterials/Substrate/Glints2/dict_0000_0030" 10827
"../../../Engine/Content/EngineMaterials/Substrate/Glints2/dict_0000_0034.uasset" 10828
"../../../Engine/Content/EngineMaterials/Substrate/Glints2/dict_0000_0021.uasset" 10829
"/Engine/EngineMaterials/Substrate/Glints2/dict_0000_0032" 10830
"../../../Engine/Content/EngineMaterials/Substrate/Glints2/dict_0000_0046.uasset" 10831
"/Engine/EngineMaterials/Substrate/Glints2/dict_0000_0026" 10832
"../../../Engine/Content/EngineMaterials/Substrate/Glints2/dict_0000_0036.uasset" 10833
"../../../Engine/Content/EngineMaterials/Substrate/Glints2/dict_0000_0033.uasset" 10834
"../../../Engine/Content/EngineMaterials/Substrate/Glints2/dict_0000_0020.uasset" 10835
"/Engine/EngineMaterials/Substrate/Glints2/dict_0000_0057" 10836
"../../../Engine/Content/EngineMaterials/Substrate/Glints2/dict_0000_0041.uasset" 10837
"/Engine/EngineMaterials/Substrate/Glints2/dict_0000_0037" 10838
"../../../Engine/Content/EngineMaterials/Substrate/Glints2/dict_0000_0019.uasset" 10839
"../../../Engine/Content/EngineMaterials/Substrate/Glints2/dict_0000_0031.uasset" 10840
"/Engine/EngineMaterials/Substrate/Glints2/dict_0000_0058" 10841
"/Engine/EngineMaterials/Substrate/Glints2/dict_0000_0038" 10842
"../../../Engine/Content/EngineMaterials/Substrate/Glints2/dict_0000_0023.uasset" 10843
"../../../Engine/Content/EngineMaterials/Substrate/Glints2/dict_0000_0028.uasset" 10844
"../../../Engine/Content/EngineMaterials/Substrate/Glints2/dict_0000_0051.uasset" 10845
"/Engine/EngineMaterials/Substrate/Glints2/dict_0000_0023" 10846
"../../../Engine/Content/EngineMaterials/Substrate/Glints2/dict_0000_0024.uasset" 10847
"../../../Engine/Content/EngineMaterials/Substrate/Glints2/dict_0000_0025.uasset" 10848
"/Engine/EngineMaterials/Substrate/Glints2/dict_0000_0034" 10849
"../../../Engine/Content/EngineMaterials/Substrate/Glints2/dict_0000_0017.uasset" 10850
"/Engine/EngineMaterials/Substrate/Glints2/dict_0000_0041" 10851
"../../../Engine/Content/EngineMaterials/Substrate/Glints2/dict_0000_0009.uasset" 10852
"../../../Engine/Content/EngineMaterials/Substrate/Glints2/dict_0000_0011.uasset" 10853
"/Engine/EngineMaterials/Substrate/Glints2/dict_0000_0031" 10854
"/Engine/EngineMaterials/Substrate/Glints2/dict_0000_0019" 10855
"../../../Engine/Content/EngineMaterials/Substrate/Glints2/dict_0000_0022.uasset" 10856
"/Engine/EngineMaterials/Substrate/Glints2/dict_0000_0020" 10857
"/Engine/EngineMaterials/Substrate/Glints2/dict_0000_0021" 10858
"../../../Engine/Content/EngineMaterials/Substrate/Glints2/dict_0000_0027.uasset" 10859
"/Engine/EngineMaterials/Substrate/Glints2/dict_0000_0033" 10860
"../../../Engine/Content/EngineMaterials/Substrate/Glints2/dict_0000_0016.uasset" 10861
"/Engine/EngineMaterials/Substrate/Glints2/dict_0000_0036" 10862
"../../../Engine/Content/EngineMaterials/Substrate/Glints2/dict_0000_0035.uasset" 10863
"/Engine/EngineMaterials/Substrate/Glints2/dict_0000_0028" 10864
"../../../Engine/Content/EngineMaterials/Substrate/Glints2/dict_0000_0018.uasset" 10865
"/Engine/EngineMaterials/Substrate/Glints2/dict_0000_0046" 10866
"../../../Engine/Content/EngineMaterials/Substrate/Glints2/dict_0000_0039.uasset" 10867
"../../../Engine/Content/EngineMaterials/Substrate/Glints2/dict_0000_0014.uasset" 10868
"../../../Engine/Content/EngineMaterials/Substrate/Glints2/dict_0000_0012.uasset" 10869
"/Engine/EngineMaterials/Substrate/Glints2/dict_0000_0016" 10870
"../../../Engine/Content/EngineMaterials/Substrate/Volume/SubstrateSimpleVolumeLUT3D.uasset" 10871
"../../../Engine/Content/EngineMaterials/Substrate/Volume/SubstrateSimpleVolumeLUT2D.uasset" 10872
"/Engine/EngineMaterials/Substrate/Glints2/dict_0000_0017" 10873
"../../../Engine/Content/EngineMaterials/Substrate/Glints2/dict_0000_0007.uasset" 10874
"../../../Engine/Content/EngineMaterials/Substrate/Volume/SubstrateSimpleVolumeEnvLUT2D.uasset" 10875
"../../../Engine/Content/EngineMaterials/Substrate/Glints2/dict_0000_0013.uasset" 10876
"../../../Engine/Content/EngineMaterials/Substrate/Glints2/dict_0000_0008.uasset" 10877
"../../../Engine/Content/EngineMaterials/Substrate/Glints2/dict_0000_0010.uasset" 10878
"../../../Engine/Content/EngineMaterials/Substrate/Glints2/dict_0000_0015.uasset" 10879
"/Engine/EngineMaterials/Substrate/Glints2/dict_0000_0039" 10880
"../../../Engine/Content/EngineMaterials/Substrate/Glints2/dict_0000_0042.uasset" 10881
"/Engine/EngineMaterials/Substrate/Glints2/dict_0000_0018" 10882
"../../../Engine/Content/EngineMaterials/Substrate/Glints2/dict_0000_0064.uasset" 10883
"/Engine/EngineMaterials/Substrate/Glints2/dict_0000_0024" 10884
"/Engine/EngineMaterials/Substrate/Glints2/dict_0000_0009" 10885
"/Engine/EngineMaterials/Substrate/Glints2/dict_0000_0025" 10886
"/Engine/EngineMaterials/Substrate/Glints2/dict_0000_0035" 10887
"/Engine/EngineMaterials/Substrate/Glints2/dict_0000_0051" 10888
"/Engine/EngineMaterials/Substrate/Glints2/dict_0000_0011" 10889
"/Engine/EngineMaterials/Substrate/Glints2/dict_0000_0027" 10890
"../../../Engine/Content/EngineMaterials/Substrate/Glints2/AGlintTex2dArray2.uasset" 10891
"../../../Engine/Content/EngineMaterials/Substrate/Glints2/dict_0000_0002.uasset" 10892
"/Engine/EngineMaterials/Substrate/Glints2/dict_0000_0022" 10893
"../../../Engine/Content/EngineMaterials/Substrate/Glints2/dict_0000_0005.uasset" 10894
"../../../Engine/Content/EngineMaterials/Substrate/Glints2/dict_0000_0004.uasset" 10895
"../../../Engine/Content/EngineMaterials/Substrate/Glints2/dict_0000_0001.uasset" 10896
"/Engine/EngineMaterials/Substrate/Glints2/dict_0000_0012" 10897
"../../../Engine/Content/EngineMaterials/Substrate/Glints2/dict_0000_0006.uasset" 10898
"/Engine/EngineMaterials/Substrate/Glints2/dict_0000_0014" 10899
"../../../Engine/Content/EngineMaterials/Substrate/Glints2/dict_0000_0003.uasset" 10900
"../../../Engine/Content/EngineMaterials/Substrate/Glints2/dict_0000_0000.uasset" 10901
"/Engine/EngineMaterials/Substrate/Volume/SubstrateSimpleVolumeEnvLUT2D" 10902
"../../../Engine/Content/EngineMaterials/Substrate/Volume/SubstrateSimpleVolumeEnvLUT3D.uasset" 10903
"../../../Engine/Content/MobileResources/HUD/VirtualJoystick_Background.uasset" 10904
"../../../Engine/Content/EngineMaterials/DefaultCalibrationColor.uasset" 10905
"../../../Engine/Content/MobileResources/HUD/DefaultVirtualJoysticks.uasset" 10906
"../../../Engine/Plugins/Interchange/Assets/Content/Functions/MX_Surface.uasset" 10907
"/Engine/EngineMaterials/Substrate/Glints2/dict_0000_0007" 10908
"../../../Engine/Content/EngineMaterials/PPM_DefaultCalibrationColor.uasset" 10909
"../../../Engine/Plugins/Interchange/Assets/Content/Functions/MX_Displacement.uasset" 10910
"../../../Engine/Content/Functions/MaterialLayerFunctions/MatLayerBlend_OverrideOpacity.uasset" 10911
"../../../Engine/Content/EngineMaterials/DefaultCalibrationGrayscale.uasset" 10912
"../../../Engine/Content/MobileResources/HUD/VirtualJoystick_Thumb.uasset" 10913
"../../../Engine/Content/EngineMaterials/PPM_DefaultCalibrationGrayscale.uasset" 10914
"/Engine/EngineMaterials/Substrate/Glints2/dict_0000_0008" 10915
"E:/Unreal_Project/BlueArchive/Content/BP/WBP/WBP_Widget_Login.uasset" 10916
"/Engine/EngineMaterials/Substrate/Volume/SubstrateSimpleVolumeLUT3D" 10917
"/Engine/EngineMaterials/Substrate/Glints2/dict_0000_0064" 10918
"/Engine/EngineMaterials/Substrate/Glints2/dict_0000_0010" 10919
"/Engine/EngineMaterials/Substrate/Glints2/dict_0000_0042" 10920
"/Engine/EngineMaterials/Substrate/Glints2/dict_0000_0001" 10921
"/Engine/EngineMaterials/Substrate/Glints2/dict_0000_0002" 10922
"/Engine/EngineMaterials/Substrate/Glints2/dict_0000_0003" 10923
"/Engine/EngineMaterials/Substrate/Glints2/dict_0000_0004" 10924
"/Engine/EngineMaterials/Substrate/Glints2/dict_0000_0013" 10925
"../../../Engine/Content/Functions/Engine_MaterialFunctions03/Procedurals/HeightToNormalSmooth.uasset" 10926
"/Engine/EngineMaterials/Substrate/Glints2/dict_0000_0005" 10927
"/Engine/EngineMaterials/Substrate/Glints2/dict_0000_0006" 10928
"../../../Engine/Content/Functions/Engine_MaterialFunctions02/Utility/BlendAngleCorrectedNormals.uasset" 10929
"/Engine/EngineMaterials/Substrate/Glints2/dict_0000_0015" 10930
"/Game/BP/WBP/WBP_Widget_Login" 10931
"E:/Unreal_Project/BlueArchive/Content/UIs/Port/Student_Portrait_CH0295_Small.uasset" 10932
"E:/Unreal_Project/BlueArchive/Content/UIs/Port/Student_Portrait_Serika_Newyear_Small.uasset" 10933
"E:/Unreal_Project/BlueArchive/Content/UIs/Port/Student_Portrait_Ibuki_Small.uasset" 10934
"E:/Unreal_Project/BlueArchive/Content/UIs/Port/Student_Portrait_CH0293_Small.uasset" 10935
"E:/Unreal_Project/BlueArchive/Content/UIs/Port/Student_Portrait_Hibiki_Small.uasset" 10936
"E:/Unreal_Project/BlueArchive/Content/UIs/Port/Student_Portrait_CH0243_Small.uasset" 10937
"E:/Unreal_Project/BlueArchive/Content/UIs/Port/Student_Portrait_CH0291_Small.uasset" 10938
"E:/Unreal_Project/BlueArchive/Content/UIs/Port/Student_Portrait_CH0285_Small.uasset" 10939
"E:/Unreal_Project/BlueArchive/Content/UIs/Port/Student_Portrait_CH0233_Small.uasset" 10940
"E:/Unreal_Project/BlueArchive/Content/UIs/Port/Student_Portrait_CH0218_Small.uasset" 10941
"E:/Unreal_Project/BlueArchive/Content/UIs/Port/Student_Portrait_CH0258_Small.uasset" 10942
"E:/Unreal_Project/BlueArchive/Content/UIs/Port/Student_Portrait_CH0242_Small.uasset" 10943
"E:/Unreal_Project/BlueArchive/Content/UIs/Port/Student_Portrait_CH0217_Small.uasset" 10944
"E:/Unreal_Project/BlueArchive/Content/UIs/Port/Student_Portrait_CH0287_Small.uasset" 10945
"E:/Unreal_Project/BlueArchive/Content/UIs/Port/Student_Portrait_CH0240_Small.uasset" 10946
"E:/Unreal_Project/BlueArchive/Content/UIs/Port/Student_Portrait_CH0280_Small.uasset" 10947
"/InterchangeAssets/Functions/MX_Displacement" 10948
"/InterchangeAssets/Functions/MX_Surface" 10949
"/Engine/EngineMaterials/Substrate/Glints2/AGlintTex2dArray2" 10950
"/Engine/EngineMaterials/PPM_DefaultCalibrationGrayscale" 10951
"/Engine/EngineMaterials/PPM_DefaultCalibrationColor" 10952
"/Engine/MobileResources/HUD/DefaultVirtualJoysticks" 10953
"/Engine/EngineMaterials/Substrate/Volume/SubstrateSimpleVolumeEnvLUT3D" 10954
"/Game/UIs/Port/Student_Portrait_CH0217_Small" 10955
"E:/Unreal_Project/BlueArchive/Content/UIs/Port/Student_Portrait_CH0201_Small.uasset" 10956
"E:/Unreal_Project/BlueArchive/Content/UIs/Port/Student_Portrait_CH0215_Small.uasset" 10957
"E:/Unreal_Project/BlueArchive/Content/UIs/Port/Student_Portrait_CH0205_Small.uasset" 10958
"E:/Unreal_Project/BlueArchive/Content/UIs/Port/Student_Portrait_CH0202_Small.uasset" 10959
"E:/Unreal_Project/BlueArchive/Content/UIs/Port/Student_Portrait_CH0238_Small.uasset" 10960
"E:/Unreal_Project/BlueArchive/Content/UIs/Port/Student_Portrait_CH0200_Small.uasset" 10961
"E:/Unreal_Project/BlueArchive/Content/UIs/Port/Student_Portrait_CH0172_Small.uasset" 10962
"E:/Unreal_Project/BlueArchive/Content/UIs/Port/Student_Portrait_CH0273_Small.uasset" 10963
"E:/Unreal_Project/BlueArchive/Content/UIs/Port/Student_Portrait_CH0193_Small.uasset" 10964
"E:/Unreal_Project/BlueArchive/Content/UIs/Port/Student_Portrait_CH0212_Small.uasset" 10965
"E:/Unreal_Project/BlueArchive/Content/UIs/Port/Student_Portrait_CH0203_Small.uasset" 10966
"E:/Unreal_Project/BlueArchive/Content/UIs/Port/Student_Portrait_CH0139_Small.uasset" 10967
"E:/Unreal_Project/BlueArchive/Content/UIs/Port/Student_Portrait_CH0185_Small.uasset" 10968
"E:/Unreal_Project/BlueArchive/Content/UIs/Port/Student_Portrait_CH0138_Small.uasset" 10969
"/Game/UIs/Port/Student_Portrait_CH0218_Small" 10970
"E:/Unreal_Project/BlueArchive/Content/UIs/Port/Student_Portrait_CH0292_Small.uasset" 10971
"E:/Unreal_Project/BlueArchive/Content/UIs/Port/Student_Portrait_CH0184_Small.uasset" 10972
"/Game/UIs/Port/Student_Portrait_CH0233_Small" 10973
"/Game/UIs/Port/Student_Portrait_CH0240_Small" 10974
"/Game/UIs/Port/Student_Portrait_CH0242_Small" 10975
"/Game/UIs/Port/Student_Portrait_CH0243_Small" 10976
"/Game/UIs/Port/Student_Portrait_CH0258_Small" 10977
"/Game/UIs/Port/Student_Portrait_CH0280_Small" 10978
"/Game/UIs/Port/Student_Portrait_CH0285_Small" 10979
"/Game/UIs/Port/Student_Portrait_CH0287_Small" 10980
"/Game/UIs/Port/Student_Portrait_CH0291_Small" 10981
"/Game/UIs/Port/Student_Portrait_CH0293_Small" 10982
"/Game/UIs/Port/Student_Portrait_CH0295_Small" 10983
"/Game/UIs/Port/Student_Portrait_Hibiki_Small" 10984
"/Game/UIs/Port/Student_Portrait_Ibuki_Small" 10985
"/Game/UIs/Port/Student_Portrait_Serika_Newyear_Small" 10986
"/Game/UIs/Port/Student_Portrait_CH0238_Small" 10987
"E:/Unreal_Project/BlueArchive/Content/Data/DA_Default.uasset" 10988
"E:/Unreal_Project/BlueArchive/Content/UIs/Port/Student_Portrait_CH0209_Small.uasset" 10989
"E:/Unreal_Project/BlueArchive/Content/UIs/Port/Student_Portrait_Hihumi_Small.uasset" 10990
"E:/Unreal_Project/BlueArchive/Content/UIs/Port/Student_Portrait_CH0294_Small.uasset" 10991
"/Game/UIs/Port/Student_Portrait_CH0273_Small" 10992
"/Game/UIs/Port/Student_Portrait_CH0184_Small" 10993
"/Game/UIs/Port/Student_Portrait_CH0193_Small" 10994
"/Game/UIs/Port/Student_Portrait_CH0292_Small" 10995
"/Game/UIs/Port/Student_Portrait_CH0212_Small" 10996
"/Game/UIs/Port/Student_Portrait_CH0138_Small" 10997
"/Game/UIs/Port/Student_Portrait_CH0139_Small" 10998
"/Game/UIs/Port/Student_Portrait_CH0172_Small" 10999
"/Game/UIs/Port/Student_Portrait_CH0185_Small" 11000
"/Game/UIs/Port/Student_Portrait_CH0200_Small" 11001
"/Game/UIs/Port/Student_Portrait_CH0201_Small" 11002
"/Game/UIs/Port/Student_Portrait_CH0202_Small" 11003
"/Game/UIs/Port/Student_Portrait_CH0203_Small" 11004
"/Game/UIs/Port/Student_Portrait_CH0205_Small" 11005
"/Game/UIs/Port/Student_Portrait_CH0215_Small" 11006
"E:/Unreal_Project/BlueArchive/Content/UIs/EventBanner/Event_Banner_825_kr.uasset" 11007
"E:/Unreal_Project/BlueArchive/Content/UIs/EventBanner/Lobby_Guide_Banner_kr.uasset" 11008
"E:/Unreal_Project/BlueArchive/Content/UIs/EventBanner/Lobby_Guide_Banner_S15_2_kr.uasset" 11009
"/Game/Data/DA_Default" 11010
"/Game/UIs/Port/Student_Portrait_Hihumi_Small" 11011
"/Game/UIs/Port/Student_Portrait_CH0294_Small" 11012
"/Game/UIs/Port/Student_Portrait_CH0209_Small" 11013
"/Game/UIs/EventBanner/Event_Banner_825_kr" 11014
"../../../Engine/Plugins/NNE/NNEDenoiser/Content/NNEDIM_ColorAlbedoNormal_Default.uasset" 11015
"../../../Engine/Plugins/NNE/NNEDenoiser/Content/NNEDIM_ColorAlbedoNormal_Alpha.uasset" 11016
"../../../Engine/Plugins/NNE/NNEDenoiser/Content/NNEDTOM_Output_Default.uasset" 11017
"../../../Engine/Plugins/NNE/NNEDenoiser/Content/NNEDOM_Output_Alpha.uasset" 11018
"../../../Engine/Plugins/NNE/NNEDenoiser/Content/NNEDIM_HighQuality_Default.uasset" 11019
"/Game/UIs/EventBanner/Lobby_Guide_Banner_kr" 11020
"../../../Engine/Plugins/NNE/NNEDenoiser/Content/NNED_Oidn2-3_Balanced.uasset" 11021
"../../../Engine/Plugins/NNE/NNEDenoiser/Content/NNEDTIM_ColorAlbedoNormal_Alpha.uasset" 11022
"../../../Engine/Plugins/NNE/NNEDenoiser/Content/NNEDTIM_ColorAlbedoNormal_Default.uasset" 11023
"../../../Engine/Plugins/NNE/NNEDenoiser/Content/NNEDT_Oidn2-3_Balanced.uasset" 11024
"../../../Engine/Plugins/NNE/NNEDenoiser/Content/NNEDT_Oidn2-3_Balanced_Alpha.uasset" 11025
"/Game/UIs/EventBanner/Lobby_Guide_Banner_S15_2_kr" 11026
"../../../Engine/Plugins/NNE/NNEDenoiser/Content/NNED_Oidn2-3_HighQuality.uasset" 11027
"../../../Engine/Plugins/NNE/NNEDenoiser/Content/NNED_Oidn2-3_Fast.uasset" 11028
"../../../Engine/Plugins/NNE/NNEDenoiser/Content/NNEDIM_HighQuality_Alpha.uasset" 11029
"../../../Engine/Plugins/NNE/NNEDenoiser/Content/NNED_Oidn2-3_Fast_Alpha.uasset" 11030
"../../../Engine/Plugins/NNE/NNEDenoiser/Content/NNEDOM_Output_Default.uasset" 11031
"../../../Engine/Plugins/NNE/NNEDenoiser/Content/NNEDTOM_Output_Alpha.uasset" 11032
"../../../Engine/Plugins/NNE/NNEDenoiser/Content/NNE_oidn2-3-0_rt_hdr_alb_nrm_small__dyn__fp16_opset11_ForwardAlpha.uasset" 11033
"../../../Engine/Plugins/NNE/NNEDenoiser/Content/NNED_Oidn2-3_Balanced_Alpha.uasset" 11034
"../../../Engine/Plugins/NNE/NNEDenoiser/Content/NNE_oidn2-3-0_rt_hdr_alb_nrm_small__dyn__fp16_opset11_DenoiseAlpha.uasset" 11035
"../../../Engine/Plugins/NNE/NNEDenoiser/Content/NNE_oidn2-3-0_rt_hdr_alb_nrm__dyn__fp16_opset11_ForwardAlpha.uasset" 11036
"../../../Engine/Plugins/NNE/NNEDenoiser/Content/NNE_oidn2-3-0_rt_hdr_calb_cnrm_large__dyn__fp16_opset11_DenoiseAlpha.uasset" 11037
"../../../Engine/Plugins/NNE/NNEDenoiser/Content/NNE_oidn2-3-0_rt_hdr_calb_cnrm_large__dyn__fp16_opset11_ForwardAlpha.uasset" 11038
"../../../Engine/Plugins/NNE/NNEDenoiser/Content/NNED_Oidn2-3_HighQuality_Alpha.uasset" 11039
"../../../Engine/Plugins/NNE/NNEDenoiser/Content/NNE_oidn2-3-0_rt_hdr_alb_nrm__dyn__fp16_opset11_DenoiseAlpha.uasset" 11040
"/NNEDenoiser/NNED_Oidn2-3_HighQuality" 11041
"/NNEDenoiser/NNED_Oidn2-3_Fast_Alpha" 11042
"/NNEDenoiser/NNED_Oidn2-3_Fast" 11043
"/NNEDenoiser/NNED_Oidn2-3_Balanced_Alpha" 11044
"/NNEDenoiser/NNED_Oidn2-3_Balanced" 11045
"/NNEDenoiser/NNE_oidn2-3-0_rt_hdr_calb_cnrm_large__dyn__fp16_opset11_ForwardAlpha" 11046
"/NNEDenoiser/NNEDT_Oidn2-3_Balanced_Alpha" 11047
"/NNEDenoiser/NNEDT_Oidn2-3_Balanced" 11048
"/NNEDenoiser/NNEDTOM_Output_Default" 11049
"/NNEDenoiser/NNE_oidn2-3-0_rt_hdr_calb_cnrm_large__dyn__fp16_opset11_DenoiseAlpha" 11050
"/NNEDenoiser/NNEDTOM_Output_Alpha" 11051
"/NNEDenoiser/NNE_oidn2-3-0_rt_hdr_alb_nrm__dyn__fp16_opset11_ForwardAlpha" 11052
"/NNEDenoiser/NNEDTIM_ColorAlbedoNormal_Default" 11053
"/NNEDenoiser/NNEDTIM_ColorAlbedoNormal_Alpha" 11054
"/NNEDenoiser/NNE_oidn2-3-0_rt_hdr_alb_nrm__dyn__fp16_opset11_DenoiseAlpha" 11055
"/NNEDenoiser/NNEDOM_Output_Default" 11056
"E:/Unreal_Project/BlueArchive/Intermediate/ORTOptimizerPass_Optimized7C4E09674E2006522F753AB3AF4C3081.onnx" 11057
"E:/Unreal_Project/BlueArchive/Intermediate/ORTOptimizerPass_OptimizedAC632B9C4A6A81E05668C0AD956237BB.onnx" 11058
"/NNEDenoiser/NNE_oidn2-3-0_rt_hdr_alb_nrm_small__dyn__fp16_opset11_ForwardAlpha" 11059
"/NNEDenoiser/NNE_oidn2-3-0_rt_hdr_alb_nrm_small__dyn__fp16_opset11_DenoiseAlpha" 11060
"/NNEDenoiser/NNEDOM_Output_Alpha" 11061
"/NNEDenoiser/NNED_Oidn2-3_HighQuality_Alpha" 11062
"/NNEDenoiser/NNEDIM_HighQuality_Default" 11063
"/NNEDenoiser/NNEDIM_HighQuality_Alpha" 11064
"/NNEDenoiser/NNEDIM_ColorAlbedoNormal_Default" 11065
"/NNEDenoiser/NNEDIM_ColorAlbedoNormal_Alpha" 11066
"E:/Unreal_Project/BlueArchive/Intermediate/ORTOptimizerPass_OptimizedF63012CB480478C62A8E6BB76CC3ED98.onnx" 11067
"E:/Unreal_Project/BlueArchive/Intermediate/ORTOptimizerPass_OptimizedE9E6971B40331A9708AF618A0BFE0387.onnx" 11068
"E:/Unreal_Project/BlueArchive/Intermediate/ORTOptimizerPass_OptimizedC3713A464F230E6E9193D9898D49BA50.onnx" 11069
"E:/Unreal_Project/BlueArchive/Intermediate/ORTOptimizerPass_Optimized317D8F984FA8830831B19DA1A00F133B.onnx" 11070
"E:/Unreal_Project/BlueArchive/Intermediate/ORTOptimizerPass_OptimizedA07C0B32437C37961E127BBB10DAA194.onnx" 11071
"E:/Unreal_Project/BlueArchive/Intermediate/ORTOptimizerPass_Optimized660C75514D07CD8149611BB1B6063694.onnx" 11072
"E:/Unreal_Project/BlueArchive/Intermediate/ORTOptimizerPass_OptimizedD46F45A54BC040BEE64886B4CA900E62.onnx" 11073
"E:/Unreal_Project/BlueArchive/Intermediate/ORTOptimizerPass_Optimized8E5DD8694FB1B2065DE9F98FCEA5C1ED.onnx" 11074
"E:/Unreal_Project/BlueArchive/Intermediate/ORTOptimizerPass_OptimizedB2B4700D44251B8CC4204C90FA6719EE.onnx" 11075
"E:/Unreal_Project/BlueArchive/Intermediate/ORTOptimizerPass_Optimized232642CC4CCC861F6D41AC980311E867.onnx" 11076
"../../../Engine/Content/EditorResources/BSPVertex.uasset" 11077
"../../../Engine/Content/EngineResources/Development/ZenLogo_64.uasset" 11078
"../../../Engine/Content/EngineResources/FilmGrains/Marcie_Grain_v3_128_M2_000.uasset" 11079
"../../../Engine/Content/EngineMaterials/FastBlueNoise_scalar_128x128x64.uasset" 11080
"../../../Engine/Content/EngineMaterials/FastBlueNoise_scalar_128x128x8.uasset" 11081
"../../../Engine/Content/EngineMaterials/EnergyConservation/SheenLegacy_Energy.uasset" 11082
"../../../Engine/Content/EngineMaterials/FastBlueNoise_vec2_128x128x64.uasset" 11083
"E:/Unreal_Project/BlueArchive/DerivedDataCache/VT/TEXTURE_7C16439390E24F1F9468894FB4D4BC55_VTCHUNK84C05FFC339C0CEFE446DED1628C0AFB5362331E" 11084
"../../../Engine/Content/EngineMaterials/DefaultBloomKernel.uasset" 11085
"../../../Engine/Content/EngineDebugMaterials/DebugEditorMaterial.uasset" 11086
"E:/Unreal_Project/BlueArchive/DerivedDataCache/VT/TEXTURE_7C16439390E24F1F9468894FB4D4BC55_VTCHUNK38740DBD4108040D6985AA56705D97D46F27920C" 11087
"E:/Unreal_Project/BlueArchive/DerivedDataCache/VT/TEXTURE_7C16439390E24F1F9468894FB4D4BC55_VTCHUNKD2DAB16BFF152507817E734DBB935160EA97A322" 11088
"E:/Unreal_Project/BlueArchive/DerivedDataCache/VT/TEXTURE_7C16439390E24F1F9468894FB4D4BC55_VTCHUNKC0393DE8C5B4673D99D1BECB92AA8C1F72FEB491" 11089
"E:/Unreal_Project/BlueArchive/DerivedDataCache/VT/TEXTURE_7C16439390E24F1F9468894FB4D4BC55_VTCHUNK02D4C3BCAD7DFA48AB32B8281FB06B8B83DB6275" 11090
"/Engine/EngineMaterials/EnergyConservation/SheenLegacy_Energy" 11091
"/Engine/EngineMaterials/FastBlueNoise_vec2_128x128x64" 11092
"/Engine/EngineMaterials/FastBlueNoise_scalar_128x128x8" 11093
"/Engine/EngineMaterials/FastBlueNoise_scalar_128x128x64" 11094
"/Engine/EngineDebugMaterials/DebugEditorMaterial" 11095
"/Engine/EngineResources/Development/ZenLogo_64" 11096
"/Engine/EngineResources/FilmGrains/Marcie_Grain_v3_128_M2_000" 11097
"/Engine/EngineMaterials/DefaultBloomKernel" 11098
"/Engine/EditorResources/BSPVertex" 11099
"../../../Engine/Plugins/Interchange/Runtime/Content/Pipelines/DefaultMaterialPipeline.uasset" 11100
"../../../Engine/Content/EngineMaterials/SMAASearchTex.uasset" 11101
"../../../Engine/Content/EngineSounds/Master.uasset" 11102
"../../../Engine/Content/EngineMaterials/SMAAAreaTex.uasset" 11103
"../../../Engine/Plugins/Interchange/Runtime/Content/Pipelines/DefaultSceneAssetsPipeline.uasset" 11104
"../../../Engine/Plugins/Interchange/Runtime/Content/Pipelines/DefaultGLTFPipeline.uasset" 11105
"../../../Engine/Plugins/Interchange/Runtime/Content/Pipelines/DefaultAssetsPipeline.uasset" 11106
"../../../Engine/Plugins/Interchange/Runtime/Content/Pipelines/DefaultGLTFSceneAssetsPipeline.uasset" 11107
"../../../Engine/Plugins/Interchange/Assets/Content/Functions/MX_UsdPreviewSurface.uasset" 11108
"../../../Engine/Plugins/Interchange/Assets/Content/Substrate/MX_SimpleVolume.uasset" 11109
"../../../Engine/Plugins/Interchange/Runtime/Content/Pipelines/DefaultGLTFAssetsPipeline.uasset" 11110
"../../../Engine/Plugins/Interchange/Runtime/Content/Pipelines/DefaultAudioPipeline.uasset" 11111
"../../../Engine/Plugins/Interchange/Runtime/Content/Pipelines/DefaultTexturePipeline.uasset" 11112
"../../../Engine/Plugins/Interchange/Runtime/Content/Pipelines/DefaultSceneLevelPipeline.uasset" 11113
"../../../Engine/Plugins/Interchange/Runtime/Content/Pipelines/DefaultMaterialXPipeline.uasset" 11114
"../../../Engine/Plugins/Interchange/Assets/Content/Functions/MX_BurleyDiffuseBSDF.uasset" 11115
"../../../Engine/Plugins/Interchange/Assets/Content/Functions/MX_ConductorBSDF.uasset" 11116
"../../../Engine/Plugins/Interchange/Assets/Content/Functions/MX_SubsurfaceBSDF.uasset" 11117
"../../../Engine/Plugins/Interchange/Assets/Content/Functions/MX_TranslucentBSDF.uasset" 11118
"../../../Engine/Plugins/Interchange/Assets/Content/Functions/MX_SurfaceUnlit.uasset" 11119
"../../../Engine/Plugins/Interchange/Assets/Content/Functions/MX_DielectricBSDF.uasset" 11120
"../../../Engine/Plugins/Interchange/Assets/Content/Functions/MX_OrenNayarBSDF.uasset" 11121
"../../../Engine/Plugins/Interchange/Assets/Content/Functions/MX_GeneralizedSchlickBSDF.uasset" 11122
"../../../Engine/Plugins/Interchange/Assets/Content/Functions/MX_SheenBSDF.uasset" 11123
"../../../Engine/Plugins/Interchange/Assets/Content/Functions/MX_ChiangHairBSDF.uasset" 11124
"../../../Engine/Plugins/Interchange/Assets/Content/Functions/MX_UniformEDF.uasset" 11125
"../../../Engine/Plugins/Interchange/Assets/Content/Functions/MX_ConicalEDF.uasset" 11126
"../../../Engine/Plugins/Interchange/Assets/Content/Functions/MX_MeasuredEDF.uasset" 11127
"../../../Engine/Plugins/Interchange/Assets/Content/Functions/MX_AnisotropicVDF.uasset" 11128
"../../../Engine/Plugins/Animation/ControlRig/Content/Controls/ControlRigGizmoMaterial.uasset" 11129
"../../../Engine/Plugins/Interchange/Assets/Content/Functions/MX_AbsorptionVDF.uasset" 11130
"/InterchangeAssets/Functions/MX_SheenBSDF" 11131
"/InterchangeAssets/Functions/MX_SubsurfaceBSDF" 11132
"/ControlRig/Controls/ControlRigGizmoMaterial" 11133
"/InterchangeAssets/Functions/MX_GeneralizedSchlickBSDF" 11134
"/InterchangeAssets/Functions/MX_ConductorBSDF" 11135
"/InterchangeAssets/Functions/MX_AnisotropicVDF" 11136
"/InterchangeAssets/Functions/MX_AbsorptionVDF" 11137
"/InterchangeAssets/Functions/MX_MeasuredEDF" 11138
"/InterchangeAssets/Functions/MX_DielectricBSDF" 11139
"/InterchangeAssets/Functions/MX_TranslucentBSDF" 11140
"/InterchangeAssets/Functions/MX_BurleyDiffuseBSDF" 11141
"/InterchangeAssets/Functions/MX_OrenNayarBSDF" 11142
"/InterchangeAssets/Substrate/MX_SimpleVolume" 11143
"/InterchangeAssets/Functions/MX_UsdPreviewSurface" 11144
"/InterchangeAssets/Functions/MX_SurfaceUnlit" 11145
"/Interchange/Pipelines/DefaultGLTFSceneAssetsPipeline" 11146
"/Interchange/Pipelines/DefaultSceneLevelPipeline" 11147
"/Interchange/Pipelines/DefaultSceneAssetsPipeline" 11148
"/Interchange/Pipelines/DefaultAudioPipeline" 11149
"/Interchange/Pipelines/DefaultTexturePipeline" 11150
"/Interchange/Pipelines/DefaultMaterialPipeline" 11151
"/Interchange/Pipelines/DefaultGLTFPipeline" 11152
"/Interchange/Pipelines/DefaultGLTFAssetsPipeline" 11153
"/InterchangeAssets/Functions/MX_ConicalEDF" 11154
"/InterchangeAssets/Functions/MX_UniformEDF" 11155
"/Interchange/Pipelines/DefaultMaterialXPipeline" 11156
"/Interchange/Pipelines/DefaultAssetsPipeline" 11157
"/Engine/EngineSounds/Master" 11158
"/Engine/EngineMaterials/SMAASearchTex" 11159
"/InterchangeAssets/Functions/MX_ChiangHairBSDF" 11160
"/Engine/EngineMaterials/SMAAAreaTex" 11161
"E:/Unreal_Project/BlueArchive/Saved/Cooked/Windows/BlueArchive/Metadata/CookedSettings.txt" 11162
